property_id,owner_id,owner_name,seller_id,buyer_id,survey_number,land_area,location,district,state,document_type,document_id,registration_date,previous_owner,ownership_transfer_count,document_hash,document_status,owner_match,survey_match,area_match,duplicate_property,ownership_history_conflict,suspicious_transfer_pattern,missing_document,fraud_label,dataset_type
RS-PROP-0001,USR-1001,Arun Kumar,USR-1001,USR-1002,SUR-458/2A,2400.0,"Madipakkam, Tambaram, Chennai",Chennai,Tamil Nadu,Sale Deed,RS-DOC-0001-1,2022-06-14,Sundar Raman,2,4807549fa96eb90566230de8ce954005a24449e70b14d0280b0ea28cbc55c8a7,Verified,1,1,1,0,0,0,0,0,Synthetic development/demo dataset
RS-PROP-0001,USR-1001,Arun Kumar,USR-1001,USR-1002,SUR-458/2A,2400.0,"Madipakkam, Tambaram, Chennai",Chennai,Tamil Nadu,Land Record,RS-DOC-0001-2,2022-06-14,Sundar Raman,2,2337fb4132ccc9e93e0b24fae08387a5b774656f6040a3817b72f1f57f5eca35,Verified,1,1,1,0,0,0,0,0,Synthetic development/demo dataset
RS-PROP-0001,USR-1001,Arun Kumar,USR-1001,USR-1002,SUR-458/2A,2400.0,"Madipakkam, Tambaram, Chennai",Chennai,Tamil Nadu,Encumbrance Certificate,RS-DOC-0001-3,2022-06-14,Sundar Raman,2,07424aacd1f4ea9e93c59bbdca8dc5953590c75e66178b6e6a8260a489349c06,Verified,1,1,1,0,0,0,0,0,Synthetic development/demo dataset
RS-PROP-0001,USR-1001,Arun Kumar,USR-1001,USR-1002,SUR-458/2A,2400.0,"Madipakkam, Tambaram, Chennai",Chennai,Tamil Nadu,Property Tax Receipt,RS-DOC-0001-4,2022-06-14,Sundar Raman,2,854fe092383c410744799f898d832b202f1e8a196445e2bfd02b6c7c99e5e202,Verified,1,1,1,0,0,0,0,0,Synthetic development/demo dataset
RS-PROP-0002,USR-1003,Lakshmi Swaminathan,USR-1003,USR-1004,SUR-369/9B,9600.0,"Thoraipakkam, Sholinganallur, Chennai",Chennai,Tamil Nadu,Sale Deed,RS-DOC-0002-1,2024-11-10,Vijay Subramanian,2,0d0a2d189c82f1512953650f1791f13b47861b9ca707d8be31b5a73df9678a49,Verified,1,1,1,0,0,0,0,0,Synthetic development/demo dataset
RS-PROP-0002,USR-1003,Lakshmi Swaminathan,USR-1003,USR-1004,SUR-369/9B,9600.0,"Thoraipakkam, Sholinganallur, Chennai",Chennai,Tamil Nadu,Land Record,RS-DOC-0002-2,2024-11-10,Vijay Subramanian,2,d341b0db225cc11d68b70fe152f132c79f30d45912ad763f0e329076622df706,Verified,1,1,1,0,0,0,0,0,Synthetic development/demo dataset
RS-PROP-0002,USR-1003,Lakshmi Swaminathan,USR-1003,USR-1004,SUR-369/9B,9600.0,"Thoraipakkam, Sholinganallur, Chennai",Chennai,Tamil Nadu,Encumbrance Certificate,RS-DOC-0002-3,2024-11-10,Vijay Subramanian,2,871cf21724fc30389eafb70f199126dae38784b92d7ceed5662adde4aa81b53b,Verified,1,1,1,0,0,0,0,0,Synthetic development/demo dataset
RS-PROP-0003,USR-1005,Uma Kumar,USR-1005,USR-1006,SUR-345/1B,1500.0,"Pallavaram, Guindy, Chennai",Chennai,Tamil Nadu,Sale Deed,RS-DOC-0003-1,2023-08-27,Deepa Ganesan,2,9f3c02363c23386d9f5cbe6eaf873161e063742d22a895250da61974b67b44ed,Verified,1,1,1,0,0,0,0,0,Synthetic development/demo dataset
RS-PROP-0003,USR-1005,Uma Kumar,USR-1005,USR-1006,SUR-345/1B,1500.0,"Pallavaram, Guindy, Chennai",Chennai,Tamil Nadu,Land Record,RS-DOC-0003-2,2023-08-27,Deepa Ganesan,2,9a7695ba1d4788ea51d0ff5e1def79e13e0fc41947d965b66a103aeb3802641e,Verified,1,1,1,0,0,0,0,0,Synthetic development/demo dataset
RS-PROP-0003,USR-1005,Uma Kumar,USR-1005,USR-1006,SUR-345/1B,1500.0,"Pallavaram, Guindy, Chennai",Chennai,Tamil Nadu,Encumbrance Certificate,RS-DOC-0003-3,2023-08-27,Deepa Ganesan,2,a87f461e0dc9d8f30e0b24d037099302f699e11e5a03fe6efc1eb55c437ca1e0,Verified,1,1,1,0,0,0,0,0,Synthetic development/demo dataset
RS-PROP-0004,USR-1008,Poornima Iyer,USR-1008,USR-1007,SUR-508/61,9600.0,"Othakadai, Madurai South, Madurai",Madurai,Tamil Nadu,Sale Deed,RS-DOC-0004-1,2018-04-08,Deepa Rao,2,5fdcf6e484d983c1f7add51d2f22207d917d9e01ce48ce92c3850d16f323e8ac,Verified,1,1,1,0,0,0,0,0,Synthetic development/demo dataset
RS-PROP-0004,USR-1008,Poornima Iyer,USR-1008,USR-1007,SUR-508/61,9600.0,"Othakadai, Madurai South, Madurai",Madurai,Tamil Nadu,Land Record,RS-DOC-0004-2,2018-04-08,Deepa Rao,2,96b3d0a6cf251067cf0432de03f0c70cac97d2088123840b19639dcfa2eee343,Verified,1,1,1,0,0,0,0,0,Synthetic development/demo dataset
RS-PROP-0004,USR-1008,Poornima Iyer,USR-1008,USR-1007,SUR-508/61,9600.0,"Othakadai, Madurai South, Madurai",Madurai,Tamil Nadu,Encumbrance Certificate,RS-DOC-0004-3,2018-04-08,Deepa Rao,2,b659ae33cef8f6e44f0d0fff6b6399be884c837ff8da9b0e15279da604fb73cc,Verified,1,1,1,0,0,0,0,0,Synthetic development/demo dataset
RS-PROP-0005,USR-1010,Suresh Chandran,USR-1010,USR-1009,SUR-172/9B,3000.0,"Pallavaram, Tambaram, Chennai",Chennai,Tamil Nadu,Sale Deed,RS-DOC-0005-1,2021-04-18,Meenakshi Srinivasan,4,fd6a3cb7bd0a23a291804ee114aadbc3fd2e0206b1f39c1158a783b84828c7af,Verified,1,1,0,0,0,0,1,1,Synthetic development/demo dataset
RS-PROP-0006,USR-1012,Poornima Vaidyanathan,USR-1012,USR-1011,SUR-162/7C,1500.0,"Saravanampatti, Coimbatore South, Coimbatore",Coimbatore,Tamil Nadu,Sale Deed,RS-DOC-0006-1,2019-04-18,Siddharth Subramanian,3,96a8ff9e96bd9412f6e21c247e24d1b7e581bf19bdce25f5202987d1d714ca11,Verified,1,1,1,0,1,0,0,1,Synthetic development/demo dataset
RS-PROP-0006,USR-1012,Poornima Vaidyanathan,USR-1012,USR-1011,SUR-162/7C,1500.0,"Saravanampatti, Coimbatore South, Coimbatore",Coimbatore,Tamil Nadu,Land Record,RS-DOC-0006-2,2019-04-18,Siddharth Subramanian,3,866e409d425acd38fae38f341557823fbb186d22f6c4523d768c6669fbe5429f,Verified,1,1,1,0,1,0,0,1,Synthetic development/demo dataset
RS-PROP-0006,USR-1012,Poornima Vaidyanathan,USR-1012,USR-1011,SUR-162/7C,1500.0,"Saravanampatti, Coimbatore South, Coimbatore",Coimbatore,Tamil Nadu,Encumbrance Certificate,RS-DOC-0006-3,2019-04-18,Siddharth Subramanian,3,23411bb232de1ed1703e04c18f4f6b5ac3c1af2e91c44dd67f97db05da38572c,Verified,1,1,1,0,1,0,0,1,Synthetic development/demo dataset
RS-PROP-0007,USR-1014,Arun Kumar,USR-1014,USR-1013,SUR-597/8B,4800.0,"Siruseri, Chengalpattu, Chengalpattu",Chengalpattu,Tamil Nadu,Sale Deed,RS-DOC-0007-1,2019-07-01,Aravind Murugan,3,1abad4f2b09542361cb2118efdee9823ec7cd28da981d711da47d10327f65fac,Verified,0,1,1,0,0,0,0,1,Synthetic development/demo dataset
RS-PROP-0007,USR-1014,Arun Kumar,USR-1014,USR-1013,SUR-597/8B,4800.0,"Siruseri, Chengalpattu, Chengalpattu",Chengalpattu,Tamil Nadu,Land Record,RS-DOC-0007-2,2019-07-01,Aravind Murugan,3,666d7655c48b6fb7921a6c512210ad82fbe6b3d19666995be4adb5e3e72c040d,Verified,0,1,1,0,0,0,0,1,Synthetic development/demo dataset
RS-PROP-0007,USR-1014,Arun Kumar,USR-1014,USR-1013,SUR-597/8B,4800.0,"Siruseri, Chengalpattu, Chengalpattu",Chengalpattu,Tamil Nadu,Encumbrance Certificate,RS-DOC-0007-3,2019-07-01,Aravind Murugan,3,5ff24f83137878a3067a505586f378bb7b6e1df08f45b16334acb89ec62bc1ac,Verified,0,1,1,0,0,0,0,1,Synthetic development/demo dataset
RS-PROP-0008,USR-1016,Uma Subramanian,USR-1016,USR-1015,SUR-159/9A,3600.0,"Kelambakkam, Thiruporur, Chengalpattu",Chengalpattu,Tamil Nadu,Sale Deed,RS-DOC-0008-1,2018-10-16,Lakshmi Ramesh,1,fac70800a899f95feb2bbbdaf355c17147dc88732991dc4807be230f8ca3523a,Verified,1,1,1,0,0,0,0,0,Synthetic development/demo dataset
RS-PROP-0008,USR-1016,Uma Subramanian,USR-1016,USR-1015,SUR-159/9A,3600.0,"Kelambakkam, Thiruporur, Chengalpattu",Chengalpattu,Tamil Nadu,Land Record,RS-DOC-0008-2,2018-10-16,Lakshmi Ramesh,1,377ba2581b379e00dea9ee975b5fdeea17b6589eb46a6153b7fea2d23161d7be,Verified,1,1,1,0,0,0,0,0,Synthetic development/demo dataset
RS-PROP-0008,USR-1016,Uma Subramanian,USR-1016,USR-1015,SUR-159/9A,3600.0,"Kelambakkam, Thiruporur, Chengalpattu",Chengalpattu,Tamil Nadu,Encumbrance Certificate,RS-DOC-0008-3,2018-10-16,Lakshmi Ramesh,1,54feb30e75f89be068c6684838ec70933cc5a86d6c5edc436a6b8ca1d93ba667,Verified,1,1,1,0,0,0,0,0,Synthetic development/demo dataset
RS-PROP-0008,USR-1016,Uma Subramanian,USR-1016,USR-1015,SUR-159/9A,3600.0,"Kelambakkam, Thiruporur, Chengalpattu",Chengalpattu,Tamil Nadu,Property Tax Receipt,RS-DOC-0008-4,2018-10-16,Lakshmi Ramesh,1,2d81fc8ba2e391512b82de0788875c9e133c0974ede1e60bf0996e7ad22ca6b0,Verified,1,1,1,0,0,0,0,0,Synthetic development/demo dataset
RS-PROP-0009,USR-1018,Swetha Gopal,USR-1018,USR-1017,SUR-692/12,1500.0,"Velachery East, Mylapore, Chennai",Chennai,Tamil Nadu,Sale Deed,RS-DOC-0009-1,2023-10-19,Rajesh Murugan,3,84362c5d3ac70d39d4b186c87dc2ebb23c822ff8e0446e0d6bec3e73bb0fb2cd,Verified,0,0,1,0,0,1,0,1,Synthetic development/demo dataset
RS-PROP-0009,USR-1018,Swetha Gopal,USR-1018,USR-1017,SUR-692/12,1500.0,"Velachery East, Mylapore, Chennai",Chennai,Tamil Nadu,Land Record,RS-DOC-0009-2,2023-10-19,Rajesh Murugan,3,c5954eaa69bfc471f24e4432034554ac875d8055afdf4834b449db444288d2a1,Verified,0,0,1,0,0,1,0,1,Synthetic development/demo dataset
RS-PROP-0009,USR-1018,Swetha Gopal,USR-1018,USR-1017,SUR-692/12,1500.0,"Velachery East, Mylapore, Chennai",Chennai,Tamil Nadu,Encumbrance Certificate,RS-DOC-0009-3,2023-10-19,Rajesh Murugan,3,5cdeafca7339c2c8e74df8a18e23988833e4f3da4b660b30db839b87cdc10c0c,Verified,0,0,1,0,0,1,0,1,Synthetic development/demo dataset
RS-PROP-0010,USR-1020,Deepa Ganesan,USR-1020,USR-1019,SUR-457/2B,3600.0,"Kelambakkam, Thiruporur, Chengalpattu",Chengalpattu,Tamil Nadu,Sale Deed,RS-DOC-0010-1,2019-08-27,Kavitha Balasubramanian,3,ac503d88cc20c8657d37518938468c45a518c107df1d111e178b2339566c5329,Verified,1,1,1,0,0,0,0,0,Synthetic development/demo dataset
RS-PROP-0010,USR-1020,Deepa Ganesan,USR-1020,USR-1019,SUR-457/2B,3600.0,"Kelambakkam, Thiruporur, Chengalpattu",Chengalpattu,Tamil Nadu,Land Record,RS-DOC-0010-2,2019-08-27,Kavitha Balasubramanian,3,2ff607f638b806ec1dc395caba503f58acee51ca0c8753b1dd3ef6112f72e372,Verified,1,1,1,0,0,0,0,0,Synthetic development/demo dataset
RS-PROP-0010,USR-1020,Deepa Ganesan,USR-1020,USR-1019,SUR-457/2B,3600.0,"Kelambakkam, Thiruporur, Chengalpattu",Chengalpattu,Tamil Nadu,Encumbrance Certificate,RS-DOC-0010-3,2019-08-27,Kavitha Balasubramanian,3,9264ae7c2edb929bc94310b64c3291f2d53b39ded0c0753694b8297a4680efb0,Verified,1,1,1,0,0,0,0,0,Synthetic development/demo dataset
RS-PROP-0010,USR-1020,Deepa Ganesan,USR-1020,USR-1019,SUR-457/2B,3600.0,"Kelambakkam, Thiruporur, Chengalpattu",Chengalpattu,Tamil Nadu,Property Tax Receipt,RS-DOC-0010-4,2019-08-27,Kavitha Balasubramanian,3,68516e2bd3515de3a602b981d5e4539eac2c77fe4f8242f7702131da7533731c,Verified,1,1,1,0,0,0,0,0,Synthetic development/demo dataset
RS-PROP-0011,USR-1022,Ananya Ganesan,USR-1022,USR-1021,SUR-719/4C,2400.0,"Padur, Thiruporur, Chengalpattu",Chengalpattu,Tamil Nadu,Sale Deed,RS-DOC-0011-1,2023-05-17,Uma Murugan,1,070338346941e1d4bc7e5aa4480c3e2b918220cfefe681a22211ba73ac7873b6,Verified,1,1,1,0,0,0,0,0,Synthetic development/demo dataset
RS-PROP-0011,USR-1022,Ananya Ganesan,USR-1022,USR-1021,SUR-719/4C,2400.0,"Padur, Thiruporur, Chengalpattu",Chengalpattu,Tamil Nadu,Land Record,RS-DOC-0011-2,2023-05-17,Uma Murugan,1,339a2b5e9ad568a0d2eac903fa98bed3aaead214e7d37d09f4d51a922b40f880,Verified,1,1,1,0,0,0,0,0,Synthetic development/demo dataset
RS-PROP-0011,USR-1022,Ananya Ganesan,USR-1022,USR-1021,SUR-719/4C,2400.0,"Padur, Thiruporur, Chengalpattu",Chengalpattu,Tamil Nadu,Encumbrance Certificate,RS-DOC-0011-3,2023-05-17,Uma Murugan,1,dc6155024d71d95f6117e93d2c770084f6fef7c76da9d966cf3014752aceefe2,Verified,1,1,1,0,0,0,0,0,Synthetic development/demo dataset
RS-PROP-0011,USR-1022,Ananya Ganesan,USR-1022,USR-1021,SUR-719/4C,2400.0,"Padur, Thiruporur, Chengalpattu",Chengalpattu,Tamil Nadu,Property Tax Receipt,RS-DOC-0011-4,2023-05-17,Uma Murugan,1,bf1dbc0f6c7f8ef3230aaa2794779d47cdbe501e5a9d94cf1a5cc5e7464e49a2,Verified,1,1,1,0,0,0,0,0,Synthetic development/demo dataset
RS-PROP-0012,USR-1024,Meenakshi Murugan,USR-1024,USR-1023,SUR-822/72,1200.0,"Maraimalai Nagar, Maduranthakam, Chengalpattu",Chengalpattu,Tamil Nadu,Sale Deed,RS-DOC-0012-1,2018-12-05,Karthik Reddy,2,ddbdd51da59cf9bbda1d0345a0b5dc6b3198e6b8fb944bb5bffc878ee8289d38,Verified,1,1,1,0,0,0,0,0,Synthetic development/demo dataset
RS-PROP-0012,USR-1024,Meenakshi Murugan,USR-1024,USR-1023,SUR-822/72,1200.0,"Maraimalai Nagar, Maduranthakam, Chengalpattu",Chengalpattu,Tamil Nadu,Land Record,RS-DOC-0012-2,2018-12-05,Karthik Reddy,2,c8dbe4cbfe581a2d8a07ec94d01cd590f0e6bf07361329a3bc244a7028c59f2a,Verified,1,1,1,0,0,0,0,0,Synthetic development/demo dataset
RS-PROP-0012,USR-1024,Meenakshi Murugan,USR-1024,USR-1023,SUR-822/72,1200.0,"Maraimalai Nagar, Maduranthakam, Chengalpattu",Chengalpattu,Tamil Nadu,Encumbrance Certificate,RS-DOC-0012-3,2018-12-05,Karthik Reddy,2,da9a680309a63420b65ddcd37255e556feabc8f3d9ddde416b8cd2cf2d158bc1,Verified,1,1,1,0,0,0,0,0,Synthetic development/demo dataset
RS-PROP-0012,USR-1024,Meenakshi Murugan,USR-1024,USR-1023,SUR-822/72,1200.0,"Maraimalai Nagar, Maduranthakam, Chengalpattu",Chengalpattu,Tamil Nadu,Property Tax Receipt,RS-DOC-0012-4,2018-12-05,Karthik Reddy,2,cc9671341718385fe84fd142a44698007c2e9800859c89a650a6361aec867501,Verified,1,1,1,0,0,0,0,0,Synthetic development/demo dataset
RS-PROP-0013,USR-1026,Karthik Reddy,USR-1026,USR-1025,SUR-462/91,1800.0,"Guduvancheri, Chengalpattu, Chengalpattu",Chengalpattu,Tamil Nadu,Sale Deed,RS-DOC-0013-1,2024-03-26,Balaji Vaidyanathan,2,9a588947d7bb40c4710e32ff02d262085ac2de45d0fcc74de1bd35e50437eb59,Verified,1,1,1,0,0,0,0,0,Synthetic development/demo dataset
RS-PROP-0013,USR-1026,Karthik Reddy,USR-1026,USR-1025,SUR-462/91,1800.0,"Guduvancheri, Chengalpattu, Chengalpattu",Chengalpattu,Tamil Nadu,Land Record,RS-DOC-0013-2,2024-03-26,Balaji Vaidyanathan,2,dad51caf7bdb8d033e4bac05342d2d060836b75fcb63e2d63cef69ad04cffd85,Verified,1,1,1,0,0,0,0,0,Synthetic development/demo dataset
RS-PROP-0013,USR-1026,Karthik Reddy,USR-1026,USR-1025,SUR-462/91,1800.0,"Guduvancheri, Chengalpattu, Chengalpattu",Chengalpattu,Tamil Nadu,Encumbrance Certificate,RS-DOC-0013-3,2024-03-26,Balaji Vaidyanathan,2,dedb603a5a2c99df7243cf523d118bb38ae8deb4174f07db8d531065839f4393,Verified,1,1,1,0,0,0,0,0,Synthetic development/demo dataset
RS-PROP-0014,USR-1028,Swetha Murugan,USR-1028,USR-1027,SUR-993/11,2400.0,"Siruseri, Vandalur, Chengalpattu",Chengalpattu,Tamil Nadu,Sale Deed,RS-DOC-0014-1,2024-08-12,Kavitha Chandran,1,e1556627a5bea10e80cfc983bf883495a5d67535ada7b7dd17d45d62e2123dea,Verified,1,1,1,0,0,0,0,0,Synthetic development/demo dataset
RS-PROP-0014,USR-1028,Swetha Murugan,USR-1028,USR-1027,SUR-993/11,2400.0,"Siruseri, Vandalur, Chengalpattu",Chengalpattu,Tamil Nadu,Land Record,RS-DOC-0014-2,2024-08-12,Kavitha Chandran,1,804a43727c62a428f64cccb05990e0ba7f2a186cc16bedd71ea81a1df8e02ae4,Verified,1,1,1,0,0,0,0,0,Synthetic development/demo dataset
RS-PROP-0014,USR-1028,Swetha Murugan,USR-1028,USR-1027,SUR-993/11,2400.0,"Siruseri, Vandalur, Chengalpattu",Chengalpattu,Tamil Nadu,Encumbrance Certificate,RS-DOC-0014-3,2024-08-12,Kavitha Chandran,1,c870ec2a9e31ac5167aad3bd84e12437aac88cadcaa36f41680b9385c2da6cab,Verified,1,1,1,0,0,0,0,0,Synthetic development/demo dataset
RS-PROP-0014,USR-1028,Swetha Murugan,USR-1028,USR-1027,SUR-993/11,2400.0,"Siruseri, Vandalur, Chengalpattu",Chengalpattu,Tamil Nadu,Property Tax Receipt,RS-DOC-0014-4,2024-08-12,Kavitha Chandran,1,3d7e739548dfc3acb948b6f9157faa1a9014dcb8e74fcc43ab436a9a7ad6d86e,Verified,1,1,1,0,0,0,0,0,Synthetic development/demo dataset
RS-PROP-0015,USR-1030,Deepa Murugan,USR-1030,USR-1029,SUR-458/2A,3000.0,"Sunguvarchatram, Kundrathur, Kanchipuram",Kanchipuram,Tamil Nadu,Sale Deed,RS-DOC-0015-1,2022-05-02,Ananya Vaidyanathan,3,f4fd7cf5ccdd8fcf99fc3e0da03dbf32e264023a87efba00ae18466ba971db73,Verified,1,0,1,0,0,0,0,1,Synthetic development/demo dataset
RS-PROP-0015,USR-1030,Deepa Murugan,USR-1030,USR-1029,SUR-458/2A,3000.0,"Sunguvarchatram, Kundrathur, Kanchipuram",Kanchipuram,Tamil Nadu,Land Record,RS-DOC-0015-2,2022-05-02,Ananya Vaidyanathan,3,46f71957aa74fadfab7157651b78de5a880d12da8e326370b0c3668b075c1915,Verified,1,0,1,0,0,0,0,1,Synthetic development/demo dataset
RS-PROP-0015,USR-1030,Deepa Murugan,USR-1030,USR-1029,SUR-458/2A,3000.0,"Sunguvarchatram, Kundrathur, Kanchipuram",Kanchipuram,Tamil Nadu,Encumbrance Certificate,RS-DOC-0015-3,2022-05-02,Ananya Vaidyanathan,3,8ecd5d86d867cd58425e9536b5d93f4b46a8803a45b5c4b2f55372d62a041958,Verified,1,0,1,0,0,0,0,1,Synthetic development/demo dataset
RS-PROP-0016,USR-1032,Ramesh Gopal,USR-1032,USR-1031,SUR-145/7A,9600.0,"Othakadai, Madurai South, Madurai",Madurai,Tamil Nadu,Sale Deed,RS-DOC-0016-1,2023-12-24,Vijay Reddy,1,da0108d119f0649c5efbe5707993ac31624150e2f878cc0ea52e97a64e315f8d,Verified,1,1,1,0,0,0,0,0,Synthetic development/demo dataset
RS-PROP-0016,USR-1032,Ramesh Gopal,USR-1032,USR-1031,SUR-145/7A,9600.0,"Othakadai, Madurai South, Madurai",Madurai,Tamil Nadu,Land Record,RS-DOC-0016-2,2023-12-24,Vijay Reddy,1,707849def049f79d51993274769c29706885c0930216dbbe01e164f73b8f1557,Verified,1,1,1,0,0,0,0,0,Synthetic development/demo dataset
RS-PROP-0016,USR-1032,Ramesh Gopal,USR-1032,USR-1031,SUR-145/7A,9600.0,"Othakadai, Madurai South, Madurai",Madurai,Tamil Nadu,Encumbrance Certificate,RS-DOC-0016-3,2023-12-24,Vijay Reddy,1,ce7387876534942849b98f929d87047179282b0c1af1a18828a37db03ef25f03,Verified,1,1,1,0,0,0,0,0,Synthetic development/demo dataset
RS-PROP-0016,USR-1032,Ramesh Gopal,USR-1032,USR-1031,SUR-145/7A,9600.0,"Othakadai, Madurai South, Madurai",Madurai,Tamil Nadu,Property Tax Receipt,RS-DOC-0016-4,2023-12-24,Vijay Reddy,1,19d897532c30b78a1c9471dcea71df84913abeee52a14f6a664e25604ee9ed9a,Verified,1,1,1,0,0,0,0,0,Synthetic development/demo dataset
RS-PROP-0017,USR-1034,Ramesh Pillai,USR-1034,USR-1033,SUR-434/7C,9600.0,"Thiruparankundram, Thirumangalam, Madurai",Madurai,Tamil Nadu,Sale Deed,RS-DOC-0017-1,2019-07-22,Aravind Krishnan,3,7fb24c9ea385f41c0533a0f26ecab13e7242128e50be8d2d5041941ee591e675,Verified,1,1,1,0,0,0,0,0,Synthetic development/demo dataset
RS-PROP-0017,USR-1034,Ramesh Pillai,USR-1034,USR-1033,SUR-434/7C,9600.0,"Thiruparankundram, Thirumangalam, Madurai",Madurai,Tamil Nadu,Land Record,RS-DOC-0017-2,2019-07-22,Aravind Krishnan,3,70f0797f51b058f0b823573a98ea04f3aecbeeef4d1326b8609ddd8992eeaed3,Verified,1,1,1,0,0,0,0,0,Synthetic development/demo dataset
RS-PROP-0017,USR-1034,Ramesh Pillai,USR-1034,USR-1033,SUR-434/7C,9600.0,"Thiruparankundram, Thirumangalam, Madurai",Madurai,Tamil Nadu,Encumbrance Certificate,RS-DOC-0017-3,2019-07-22,Aravind Krishnan,3,3641fb1f8c0c88930ed3f7856f29d229e1d035fdfaddf7c659ef79e271e1ee7a,Verified,1,1,1,0,0,0,0,0,Synthetic development/demo dataset
RS-PROP-0017,USR-1034,Ramesh Pillai,USR-1034,USR-1033,SUR-434/7C,9600.0,"Thiruparankundram, Thirumangalam, Madurai",Madurai,Tamil Nadu,Property Tax Receipt,RS-DOC-0017-4,2019-07-22,Aravind Krishnan,3,b692bfd256b7bd4e4b0bf84478c0094d90129a09decf26f03ce7177294bfbcd8,Verified,1,1,1,0,0,0,0,0,Synthetic development/demo dataset
RS-PROP-0018,USR-1036,Poornima Srinivasan,USR-1036,USR-1035,SUR-552/8B,9600.0,"Thiruparankundram, Thirumangalam, Madurai",Madurai,Tamil Nadu,Sale Deed,RS-DOC-0018-1,2024-12-06,Venkatesh Pillai,5,d0404de494d6d9e860507a9ee4d2fc41720c82f3f56626c8d4fadb9bcbd9c7ff,Verified,1,1,1,1,1,0,0,1,Synthetic development/demo dataset
RS-PROP-0018,USR-1036,Poornima Srinivasan,USR-1036,USR-1035,SUR-552/8B,9600.0,"Thiruparankundram, Thirumangalam, Madurai",Madurai,Tamil Nadu,Land Record,RS-DOC-0018-2,2024-12-06,Venkatesh Pillai,5,df0326685f817e5e790b563ccf35273cf096f8cb67935c107f3ef2e82d0dfc4d,Verified,1,1,1,1,1,0,0,1,Synthetic development/demo dataset
RS-PROP-0018,USR-1036,Poornima Srinivasan,USR-1036,USR-1035,SUR-552/8B,9600.0,"Thiruparankundram, Thirumangalam, Madurai",Madurai,Tamil Nadu,Encumbrance Certificate,RS-DOC-0018-3,2024-12-06,Venkatesh Pillai,5,3c625915b9e9565e9d3dcb4284882b9f6a37d52209fd9a9d1e19505956b4d53e,Verified,1,1,1,1,1,0,0,1,Synthetic development/demo dataset
RS-PROP-0019,USR-1038,Deepa Swaminathan,USR-1038,USR-1037,SUR-606/7B,1800.0,"Kovaipudur, Coimbatore North, Coimbatore",Coimbatore,Tamil Nadu,Sale Deed,RS-DOC-0019-1,2023-01-25,Ananya Vaidyanathan,2,a20a87ba949b8572cce41c53a76e26e77084031130ec7a7b081230a09ab13a34,Verified,1,1,1,0,0,0,0,0,Synthetic development/demo dataset
RS-PROP-0019,USR-1038,Deepa Swaminathan,USR-1038,USR-1037,SUR-606/7B,1800.0,"Kovaipudur, Coimbatore North, Coimbatore",Coimbatore,Tamil Nadu,Land Record,RS-DOC-0019-2,2023-01-25,Ananya Vaidyanathan,2,51ee33ea1281f65e9f45211e9f72a1cecf314d992a8a15a01c20c6010ee6ae60,Verified,1,1,1,0,0,0,0,0,Synthetic development/demo dataset
RS-PROP-0019,USR-1038,Deepa Swaminathan,USR-1038,USR-1037,SUR-606/7B,1800.0,"Kovaipudur, Coimbatore North, Coimbatore",Coimbatore,Tamil Nadu,Encumbrance Certificate,RS-DOC-0019-3,2023-01-25,Ananya Vaidyanathan,2,7ccf1e2f20a9aff112f96a305ba8a017b2bcb91d4a82d265c9a96f354836e25e,Verified,1,1,1,0,0,0,0,0,Synthetic development/demo dataset
RS-PROP-0019,USR-1038,Deepa Swaminathan,USR-1038,USR-1037,SUR-606/7B,1800.0,"Kovaipudur, Coimbatore North, Coimbatore",Coimbatore,Tamil Nadu,Property Tax Receipt,RS-DOC-0019-4,2023-01-25,Ananya Vaidyanathan,2,f9bd7079008c23b486c2ded95eb6b767209a87f1529aeaacae52cc6dd7d25ae2,Verified,1,1,1,0,0,0,0,0,Synthetic development/demo dataset
RS-PROP-0020,USR-1040,Swetha Natarajan,USR-1040,USR-1039,SUR-783/92,3600.0,"Kovaipudur, Coimbatore North, Coimbatore",Coimbatore,Tamil Nadu,Sale Deed,RS-DOC-0020-1,2022-12-17,Poornima Ganesan,2,b4a71845726d8b238e2c8a5723a73f642783c812e86481d29a3c49af7522fa19,Verified,1,1,1,0,0,0,0,0,Synthetic development/demo dataset
RS-PROP-0020,USR-1040,Swetha Natarajan,USR-1040,USR-1039,SUR-783/92,3600.0,"Kovaipudur, Coimbatore North, Coimbatore",Coimbatore,Tamil Nadu,Land Record,RS-DOC-0020-2,2022-12-17,Poornima Ganesan,2,f0b5d4a6cbd701394295af9da2ec38687aba09e4e0f7420215aafc1bcf6754e5,Verified,1,1,1,0,0,0,0,0,Synthetic development/demo dataset
RS-PROP-0020,USR-1040,Swetha Natarajan,USR-1040,USR-1039,SUR-783/92,3600.0,"Kovaipudur, Coimbatore North, Coimbatore",Coimbatore,Tamil Nadu,Encumbrance Certificate,RS-DOC-0020-3,2022-12-17,Poornima Ganesan,2,f42d602d48f7a6da74e545652dc89e46382bb0bcbb927bfd72e7647a70dba940,Verified,1,1,1,0,0,0,0,0,Synthetic development/demo dataset
RS-PROP-0020,USR-1040,Swetha Natarajan,USR-1040,USR-1039,SUR-783/92,3600.0,"Kovaipudur, Coimbatore North, Coimbatore",Coimbatore,Tamil Nadu,Property Tax Receipt,RS-DOC-0020-4,2022-12-17,Poornima Ganesan,2,3643ddae9965f4190fb0393c92920c4cdf79179fd1c74aca0956dc9720f6586c,Verified,1,1,1,0,0,0,0,0,Synthetic development/demo dataset
RS-PROP-0021,USR-1042,Swetha Murugan,USR-1042,USR-1041,SUR-381/8A,3000.0,"Anna Nagar, Melur, Madurai",Madurai,Tamil Nadu,Sale Deed,RS-DOC-0021-1,2020-06-11,Venkatesh Subramanian,2,62aefc39cda3f98fa5908487d829cf33b3285b12764363d61a8e3880aad994a6,Verified,1,1,1,0,0,0,0,0,Synthetic development/demo dataset
RS-PROP-0021,USR-1042,Swetha Murugan,USR-1042,USR-1041,SUR-381/8A,3000.0,"Anna Nagar, Melur, Madurai",Madurai,Tamil Nadu,Land Record,RS-DOC-0021-2,2020-06-11,Venkatesh Subramanian,2,6f50cab2a2e12e7f5e05cfa904a63b6bf72d256b98db5cdaae74bbc88ca6d3ef,Verified,1,1,1,0,0,0,0,0,Synthetic development/demo dataset
RS-PROP-0021,USR-1042,Swetha Murugan,USR-1042,USR-1041,SUR-381/8A,3000.0,"Anna Nagar, Melur, Madurai",Madurai,Tamil Nadu,Encumbrance Certificate,RS-DOC-0021-3,2020-06-11,Venkatesh Subramanian,2,d6279b3a18d0c56150b0f145d8af7e47e2167d0f711c43fd4ccfbb8d550bd998,Verified,1,1,1,0,0,0,0,0,Synthetic development/demo dataset
RS-PROP-0021,USR-1042,Swetha Murugan,USR-1042,USR-1041,SUR-381/8A,3000.0,"Anna Nagar, Melur, Madurai",Madurai,Tamil Nadu,Property Tax Receipt,RS-DOC-0021-4,2020-06-11,Venkatesh Subramanian,2,1ec374e5ab3370b647d9cc9c8c128eff6b68f29df67affc210b5b097c313e984,Verified,1,1,1,0,0,0,0,0,Synthetic development/demo dataset
RS-PROP-0022,USR-1044,Madhavan Rao,USR-1044,USR-1043,SUR-163/41,4800.0,"Thiruparankundram, Melur, Madurai",Madurai,Tamil Nadu,Sale Deed,RS-DOC-0022-1,2023-01-28,Aravind Thyagarajan,3,770e5f0ce548203df9fdaa6990d3e47814f1f9b899c319d2f8df90f3f73ba808,Verified,0,0,1,0,0,0,0,1,Synthetic development/demo dataset
RS-PROP-0022,USR-1044,Madhavan Rao,USR-1044,USR-1043,SUR-163/41,4800.0,"Thiruparankundram, Melur, Madurai",Madurai,Tamil Nadu,Land Record,RS-DOC-0022-2,2023-01-28,Aravind Thyagarajan,3,d4c76fe53e24247226cf39b462f40d2b3e0f45ac77c773aff8c35e2ecaf2d96f,Verified,0,0,1,0,0,0,0,1,Synthetic development/demo dataset
RS-PROP-0022,USR-1044,Madhavan Rao,USR-1044,USR-1043,SUR-163/41,4800.0,"Thiruparankundram, Melur, Madurai",Madurai,Tamil Nadu,Encumbrance Certificate,RS-DOC-0022-3,2023-01-28,Aravind Thyagarajan,3,e913ea401356b91660b502c6e14bb4c14ed44b7fe2abda6a8348905f10ee785c,Verified,0,0,1,0,0,0,0,1,Synthetic development/demo dataset
RS-PROP-0023,USR-1046,Uma Chandran,USR-1046,USR-1045,SUR-882/4C,2400.0,"Guduvancheri, Vandalur, Chengalpattu",Chengalpattu,Tamil Nadu,Sale Deed,RS-DOC-0023-1,2019-08-05,Priya Gopal,1,40a840c357b3c1f96135191a491679ac949bf70c06f6e33cc4cfb648c1bff8b2,Verified,1,1,1,1,0,0,0,1,Synthetic development/demo dataset
RS-PROP-0023,USR-1046,Uma Chandran,USR-1046,USR-1045,SUR-882/4C,2400.0,"Guduvancheri, Vandalur, Chengalpattu",Chengalpattu,Tamil Nadu,Land Record,RS-DOC-0023-2,2019-08-05,Priya Gopal,1,2b3bb3769aeb876ad99ad5662bf077df196a581962b59f6eecb88949ad04d19e,Verified,1,1,1,1,0,0,0,1,Synthetic development/demo dataset
RS-PROP-0023,USR-1046,Uma Chandran,USR-1046,USR-1045,SUR-882/4C,2400.0,"Guduvancheri, Vandalur, Chengalpattu",Chengalpattu,Tamil Nadu,Encumbrance Certificate,RS-DOC-0023-3,2019-08-05,Priya Gopal,1,4845ce8788abecd2451bcd56dabf66aa9dd24318c80409880a5f88ee62cb9f3b,Verified,1,1,1,1,0,0,0,1,Synthetic development/demo dataset
RS-PROP-0024,USR-1048,Gayathri Krishnan,USR-1048,USR-1047,SUR-435/41,3600.0,"Keelkattalai, Guindy, Chennai",Chennai,Tamil Nadu,Sale Deed,RS-DOC-0024-1,2024-07-09,Madhavan Murugan,4,c53c123aa75b79821a07486fb04e0c4e2d514934c456a0e1acf5b962804a8426,Verified,0,1,1,0,0,0,0,1,Synthetic development/demo dataset
RS-PROP-0024,USR-1048,Gayathri Krishnan,USR-1048,USR-1047,SUR-435/41,3600.0,"Keelkattalai, Guindy, Chennai",Chennai,Tamil Nadu,Land Record,RS-DOC-0024-2,2024-07-09,Madhavan Murugan,4,ff50a3bf2a7cc3dac40d9397aea7bc79a6859e79a22ef8eabd13eb8d74b48431,Verified,0,1,1,0,0,0,0,1,Synthetic development/demo dataset
RS-PROP-0024,USR-1048,Gayathri Krishnan,USR-1048,USR-1047,SUR-435/41,3600.0,"Keelkattalai, Guindy, Chennai",Chennai,Tamil Nadu,Encumbrance Certificate,RS-DOC-0024-3,2024-07-09,Madhavan Murugan,4,b574c5ccad2294fd941b4dfac9fa26267caa475c27bc3942a15e6c6f920d1b1c,Verified,0,1,1,0,0,0,0,1,Synthetic development/demo dataset
RS-PROP-0025,USR-1050,Vijay Kumar,USR-1050,USR-1049,SUR-229/8A,2400.0,"Anna Nagar, Madurai South, Madurai",Madurai,Tamil Nadu,Sale Deed,RS-DOC-0025-1,2023-05-25,Nandhini Krishnan,1,892caa156f42ed15457e84b1d67fa18698c8f335e4b5e5fc25d8645a5e2e3920,Verified,1,1,1,0,0,0,0,0,Synthetic development/demo dataset
RS-PROP-0025,USR-1050,Vijay Kumar,USR-1050,USR-1049,SUR-229/8A,2400.0,"Anna Nagar, Madurai South, Madurai",Madurai,Tamil Nadu,Land Record,RS-DOC-0025-2,2023-05-25,Nandhini Krishnan,1,a1a01aefd0b0b64e0ad6c824ffcd24a4b8679bc3ebcc165cb8394453791609aa,Verified,1,1,1,0,0,0,0,0,Synthetic development/demo dataset
RS-PROP-0025,USR-1050,Vijay Kumar,USR-1050,USR-1049,SUR-229/8A,2400.0,"Anna Nagar, Madurai South, Madurai",Madurai,Tamil Nadu,Encumbrance Certificate,RS-DOC-0025-3,2023-05-25,Nandhini Krishnan,1,17385d70742c98c6552ea502aeaa5ec58e4b500086fd02017be06ad212be05b7,Verified,1,1,1,0,0,0,0,0,Synthetic development/demo dataset
RS-PROP-0025,USR-1050,Vijay Kumar,USR-1050,USR-1049,SUR-229/8A,2400.0,"Anna Nagar, Madurai South, Madurai",Madurai,Tamil Nadu,Property Tax Receipt,RS-DOC-0025-4,2023-05-25,Nandhini Krishnan,1,638ffd31675ee0ae51048cbe4a8fae4c5c93a5490425ca93cde40c6df1ba99f5,Verified,1,1,1,0,0,0,0,0,Synthetic development/demo dataset
RS-PROP-0026,USR-1052,Priya Pillai,USR-1052,USR-1051,SUR-832/4A,2400.0,"Thiruparankundram, Melur, Madurai",Madurai,Tamil Nadu,Sale Deed,RS-DOC-0026-1,2023-05-28,Ramesh Srinivasan,3,29da5ef1229d7f485ef8b0ec60c5247f5ca291b4667c956d10a1d4d2538cb00e,Verified,1,1,1,0,0,0,0,0,Synthetic development/demo dataset
RS-PROP-0026,USR-1052,Priya Pillai,USR-1052,USR-1051,SUR-832/4A,2400.0,"Thiruparankundram, Melur, Madurai",Madurai,Tamil Nadu,Land Record,RS-DOC-0026-2,2023-05-28,Ramesh Srinivasan,3,87f9daa69dce3493eb43933824a41e83e6d47ac7c505f614226dcedd1ce26a43,Verified,1,1,1,0,0,0,0,0,Synthetic development/demo dataset
RS-PROP-0026,USR-1052,Priya Pillai,USR-1052,USR-1051,SUR-832/4A,2400.0,"Thiruparankundram, Melur, Madurai",Madurai,Tamil Nadu,Encumbrance Certificate,RS-DOC-0026-3,2023-05-28,Ramesh Srinivasan,3,1b5f073a9428ad5ec553f6e5e36f0e042ebf225646fd4aa597ab14d9a88f3740,Verified,1,1,1,0,0,0,0,0,Synthetic development/demo dataset
RS-PROP-0027,USR-1054,Bhavani Kumar,USR-1054,USR-1053,SUR-543/61,1800.0,"Saravanampatti, Sulur, Coimbatore",Coimbatore,Tamil Nadu,Sale Deed,RS-DOC-0027-1,2019-12-17,Revathi Ganesan,4,81310cfbb5f8049cd48ea168b3af2079ea9b7e84a3f22c37e6ea46f547d23671,Verified,1,1,1,0,0,0,0,0,Synthetic development/demo dataset
RS-PROP-0027,USR-1054,Bhavani Kumar,USR-1054,USR-1053,SUR-543/61,1800.0,"Saravanampatti, Sulur, Coimbatore",Coimbatore,Tamil Nadu,Land Record,RS-DOC-0027-2,2019-12-17,Revathi Ganesan,4,3d65011173e336b2fb234b70f163a692831d4f8602d372442e88c0b9235a2e01,Verified,1,1,1,0,0,0,0,0,Synthetic development/demo dataset
RS-PROP-0027,USR-1054,Bhavani Kumar,USR-1054,USR-1053,SUR-543/61,1800.0,"Saravanampatti, Sulur, Coimbatore",Coimbatore,Tamil Nadu,Encumbrance Certificate,RS-DOC-0027-3,2019-12-17,Revathi Ganesan,4,39c4759a9098f5c11b1fc601d2f58661ea42bf3c35ed02488b7ed65dba458cf6,Verified,1,1,1,0,0,0,0,0,Synthetic development/demo dataset
RS-PROP-0028,USR-1056,Venkatesh Murugan,USR-1056,USR-1055,SUR-683/7C,1200.0,"Kovaipudur, Coimbatore North, Coimbatore",Coimbatore,Tamil Nadu,Sale Deed,RS-DOC-0028-1,2024-06-06,Uma Iyer,5,a77810844eea67eb6695906a3ef48616c7eb23bc56f37dc85c210bcfc53541ca,Verified,1,1,1,0,0,1,0,0,Synthetic development/demo dataset
RS-PROP-0028,USR-1056,Venkatesh Murugan,USR-1056,USR-1055,SUR-683/7C,1200.0,"Kovaipudur, Coimbatore North, Coimbatore",Coimbatore,Tamil Nadu,Land Record,RS-DOC-0028-2,2024-06-06,Uma Iyer,5,627dee57aa8209edb70d38bf9d83f58181da97d02ec98d5bc1de190276134fba,Verified,1,1,1,0,0,1,0,0,Synthetic development/demo dataset
RS-PROP-0028,USR-1056,Venkatesh Murugan,USR-1056,USR-1055,SUR-683/7C,1200.0,"Kovaipudur, Coimbatore North, Coimbatore",Coimbatore,Tamil Nadu,Encumbrance Certificate,RS-DOC-0028-3,2024-06-06,Uma Iyer,5,f7e1e62db61a3be113b2bc0bf8337bc475cbbcf846313c0234e418884682db66,Verified,1,1,1,0,0,1,0,0,Synthetic development/demo dataset
RS-PROP-0029,USR-1058,Uma Swaminathan,USR-1058,USR-1057,SUR-326/7B,3000.0,"Pallavaram, Tambaram, Chennai",Chennai,Tamil Nadu,Sale Deed,RS-DOC-0029-1,2022-06-16,Dinesh Vaidyanathan,3,f37563067fd7c58a798ac127ca5a479e7b80a1db4018f529305ce4c3057df747,Verified,1,1,1,0,0,0,0,0,Synthetic development/demo dataset
RS-PROP-0029,USR-1058,Uma Swaminathan,USR-1058,USR-1057,SUR-326/7B,3000.0,"Pallavaram, Tambaram, Chennai",Chennai,Tamil Nadu,Land Record,RS-DOC-0029-2,2022-06-16,Dinesh Vaidyanathan,3,6a7e98cb87d82f8b45aabd9412b731785dc1487bb73605d6111d91213cafd4d7,Verified,1,1,1,0,0,0,0,0,Synthetic development/demo dataset
RS-PROP-0029,USR-1058,Uma Swaminathan,USR-1058,USR-1057,SUR-326/7B,3000.0,"Pallavaram, Tambaram, Chennai",Chennai,Tamil Nadu,Encumbrance Certificate,RS-DOC-0029-3,2022-06-16,Dinesh Vaidyanathan,3,6e4295a4f82d661035a6fc8c7adf5cb47080e9e51cff9f043df4cec47a13c063,Verified,1,1,1,0,0,0,0,0,Synthetic development/demo dataset
RS-PROP-0029,USR-1058,Uma Swaminathan,USR-1058,USR-1057,SUR-326/7B,3000.0,"Pallavaram, Tambaram, Chennai",Chennai,Tamil Nadu,Property Tax Receipt,RS-DOC-0029-4,2022-06-16,Dinesh Vaidyanathan,3,2f71e74b8a4d2faff14965fd9fc7415fc5f2ea906746270a62b4a6777ce5a291,Verified,1,1,1,0,0,0,0,0,Synthetic development/demo dataset
RS-PROP-0030,USR-1001,Sundar Natarajan,USR-1001,USR-1059,SUR-222/9B,2400.0,"Srirangam Central, Srirangam, Tiruchirappalli",Tiruchirappalli,Tamil Nadu,Sale Deed,RS-DOC-0030-1,2023-08-09,Manoj Natarajan,3,291cf8bbc05fc3178e3c21c250bc3ef2732caca8c647d11907e3916fbd20c83a,Verified,1,1,0,0,0,0,0,0,Synthetic development/demo dataset
RS-PROP-0030,USR-1001,Sundar Natarajan,USR-1001,USR-1059,SUR-222/9B,2400.0,"Srirangam Central, Srirangam, Tiruchirappalli",Tiruchirappalli,Tamil Nadu,Land Record,RS-DOC-0030-2,2023-08-09,Manoj Natarajan,3,f118101ba2bf883ef1cccb1ce32fd313291d4daf63b6f01e64948caa44a2c0bf,Verified,1,1,0,0,0,0,0,0,Synthetic development/demo dataset
RS-PROP-0030,USR-1001,Sundar Natarajan,USR-1001,USR-1059,SUR-222/9B,2400.0,"Srirangam Central, Srirangam, Tiruchirappalli",Tiruchirappalli,Tamil Nadu,Encumbrance Certificate,RS-DOC-0030-3,2023-08-09,Manoj Natarajan,3,1f3fb11be97977e00d90ad91d41f25f6d2100982814822d3c1f2398d65352bfe,Verified,1,1,0,0,0,0,0,0,Synthetic development/demo dataset
RS-PROP-0031,USR-1003,Meenakshi Thyagarajan,USR-1003,USR-1002,SUR-391/81,5400.0,"Adambakkam, Tambaram, Chennai",Chennai,Tamil Nadu,Sale Deed,RS-DOC-0031-1,2019-01-09,Vignesh Natarajan,4,90a76f946c58a081ab80bf8abf4519061c858398b67346cdafc75089179a748e,Hash Mismatch,1,1,1,0,0,0,0,1,Synthetic development/demo dataset
RS-PROP-0031,USR-1003,Meenakshi Thyagarajan,USR-1003,USR-1002,SUR-391/81,5400.0,"Adambakkam, Tambaram, Chennai",Chennai,Tamil Nadu,Land Record,RS-DOC-0031-2,2019-01-09,Vignesh Natarajan,4,56c6f94a58cb0a1fbe1867e90eea5059e44e96fd0cf8aa3903c2c56148e0f6da,Verified,1,1,1,0,0,0,0,1,Synthetic development/demo dataset
RS-PROP-0031,USR-1003,Meenakshi Thyagarajan,USR-1003,USR-1002,SUR-391/81,5400.0,"Adambakkam, Tambaram, Chennai",Chennai,Tamil Nadu,Encumbrance Certificate,RS-DOC-0031-3,2019-01-09,Vignesh Natarajan,4,c5041c332295c22b5218903825a38639e025a0d3e16e1d558c81ead9e84d2c85,Verified,1,1,1,0,0,0,0,1,Synthetic development/demo dataset
RS-PROP-0032,USR-1005,Suresh Subramanian,USR-1005,USR-1004,SUR-354/22,4800.0,"Guduvancheri, Thiruporur, Chengalpattu",Chengalpattu,Tamil Nadu,Sale Deed,RS-DOC-0032-1,2022-10-08,Aravind Swaminathan,3,fd2e45874a2b6af7d87c61e50079d4e26b2c6b90c74f9dd3672b1fb6294e0f9a,Verified,1,1,1,0,0,0,0,0,Synthetic development/demo dataset
RS-PROP-0032,USR-1005,Suresh Subramanian,USR-1005,USR-1004,SUR-354/22,4800.0,"Guduvancheri, Thiruporur, Chengalpattu",Chengalpattu,Tamil Nadu,Land Record,RS-DOC-0032-2,2022-10-08,Aravind Swaminathan,3,3fa30caab9984037d5e5309e55af051c6dfdbd381d4049bb6b382000f41e22b9,Verified,1,1,1,0,0,0,0,0,Synthetic development/demo dataset
RS-PROP-0032,USR-1005,Suresh Subramanian,USR-1005,USR-1004,SUR-354/22,4800.0,"Guduvancheri, Thiruporur, Chengalpattu",Chengalpattu,Tamil Nadu,Encumbrance Certificate,RS-DOC-0032-3,2022-10-08,Aravind Swaminathan,3,d387cf4a31f8540cd36af3bb517856d05ed5805a7c0065e7c025d600357763aa,Verified,1,1,1,0,0,0,0,0,Synthetic development/demo dataset
RS-PROP-0033,USR-1008,Suresh Natarajan,USR-1008,USR-1006,SUR-776/2B,2400.0,"Padur, Chengalpattu, Chengalpattu",Chengalpattu,Tamil Nadu,Sale Deed,RS-DOC-0033-1,2022-02-06,Arun Vaidyanathan,5,ebf55c395078c9bbec5cf97a9b8a2e938f970c390540f454fa0dc6cd3af87973,Verified,1,1,1,0,1,0,0,1,Synthetic development/demo dataset
RS-PROP-0033,USR-1008,Suresh Natarajan,USR-1008,USR-1006,SUR-776/2B,2400.0,"Padur, Chengalpattu, Chengalpattu",Chengalpattu,Tamil Nadu,Land Record,RS-DOC-0033-2,2022-02-06,Arun Vaidyanathan,5,13454a55daf755c05e5fe14a111e2d366f7e5bce057589b366545420513126f0,Verified,1,1,1,0,1,0,0,1,Synthetic development/demo dataset
RS-PROP-0033,USR-1008,Suresh Natarajan,USR-1008,USR-1006,SUR-776/2B,2400.0,"Padur, Chengalpattu, Chengalpattu",Chengalpattu,Tamil Nadu,Encumbrance Certificate,RS-DOC-0033-3,2022-02-06,Arun Vaidyanathan,5,30259e7f0858bcc995be3b54495bfdc1caf02a80e136d13f4516501e158a9307,Verified,1,1,1,0,1,0,0,1,Synthetic development/demo dataset
RS-PROP-0034,USR-1010,Vijay Vaidyanathan,USR-1010,USR-1007,SUR-763/3C,1800.0,"Velachery East, Mylapore, Chennai",Chennai,Tamil Nadu,Sale Deed,RS-DOC-0034-1,2018-03-26,Kavitha Srinivasan,5,c8e956a3127b45aa40e9ffa33782b08a5348f42dcb2e2f928817934c0f11dd5a,Verified,1,1,1,0,0,1,0,0,Synthetic development/demo dataset
RS-PROP-0034,USR-1010,Vijay Vaidyanathan,USR-1010,USR-1007,SUR-763/3C,1800.0,"Velachery East, Mylapore, Chennai",Chennai,Tamil Nadu,Land Record,RS-DOC-0034-2,2018-03-26,Kavitha Srinivasan,5,a6ecc4bb8583a5aecd42ef55cdad4a4e1d45ee172ededa1c0dc4ae68c5de5fd1,Verified,1,1,1,0,0,1,0,0,Synthetic development/demo dataset
RS-PROP-0034,USR-1010,Vijay Vaidyanathan,USR-1010,USR-1007,SUR-763/3C,1800.0,"Velachery East, Mylapore, Chennai",Chennai,Tamil Nadu,Encumbrance Certificate,RS-DOC-0034-3,2018-03-26,Kavitha Srinivasan,5,fd7cb7234ba5106281cf9fc3609cb3c83f1fc34311bcc76b883d5000e9eab6ae,Verified,1,1,1,0,0,1,0,0,Synthetic development/demo dataset
RS-PROP-0035,USR-1012,Priya Sundaram,USR-1012,USR-1009,SUR-690/1B,5400.0,"Padur, Vandalur, Chengalpattu",Chengalpattu,Tamil Nadu,Sale Deed,RS-DOC-0035-1,2023-08-09,Balaji Srinivasan,4,301631c3e334a11760974c32e6f825e90454147ca282632af994646034fb6c4c,Verified,1,1,1,0,0,0,0,0,Synthetic development/demo dataset
RS-PROP-0035,USR-1012,Priya Sundaram,USR-1012,USR-1009,SUR-690/1B,5400.0,"Padur, Vandalur, Chengalpattu",Chengalpattu,Tamil Nadu,Land Record,RS-DOC-0035-2,2023-08-09,Balaji Srinivasan,4,0ca3a08917058937fb8a217063364da622a2e8011131ef54fe7e0d9b5ee84ce4,Verified,1,1,1,0,0,0,0,0,Synthetic development/demo dataset
RS-PROP-0035,USR-1012,Priya Sundaram,USR-1012,USR-1009,SUR-690/1B,5400.0,"Padur, Vandalur, Chengalpattu",Chengalpattu,Tamil Nadu,Encumbrance Certificate,RS-DOC-0035-3,2023-08-09,Balaji Srinivasan,4,627d18e07e9d1eec363e087f2b8a8b543e7fbf167def80218d560428b6799e47,Verified,1,1,1,0,0,0,0,0,Synthetic development/demo dataset
RS-PROP-0036,USR-1014,Rajesh Natarajan,USR-1014,USR-1011,SUR-810/8C,4800.0,"Siruseri, Thiruporur, Chengalpattu",Chengalpattu,Tamil Nadu,Sale Deed,RS-DOC-0036-1,2018-08-03,Rajesh Murugan,1,f1cc111de0325430cc4efa4ab1f01c1443cf36b34303bba789a4757a63c7cf5c,Verified,1,1,1,0,0,0,0,0,Synthetic development/demo dataset
RS-PROP-0036,USR-1014,Rajesh Natarajan,USR-1014,USR-1011,SUR-810/8C,4800.0,"Siruseri, Thiruporur, Chengalpattu",Chengalpattu,Tamil Nadu,Land Record,RS-DOC-0036-2,2018-08-03,Rajesh Murugan,1,d105cb18edc2b8f5ed309530ad180c31a0fa3f2cd51b133c523577c7f7ba1295,Verified,1,1,1,0,0,0,0,0,Synthetic development/demo dataset
RS-PROP-0036,USR-1014,Rajesh Natarajan,USR-1014,USR-1011,SUR-810/8C,4800.0,"Siruseri, Thiruporur, Chengalpattu",Chengalpattu,Tamil Nadu,Encumbrance Certificate,RS-DOC-0036-3,2018-08-03,Rajesh Murugan,1,090bf02c37134071d2629a24e71f3d9a643539dcd2c93109ccdc061227d6ea48,Verified,1,1,1,0,0,0,0,0,Synthetic development/demo dataset
RS-PROP-0037,USR-1016,Arun Ganesan,USR-1016,USR-1013,SUR-292/9C,5400.0,"Saravanampatti, Sulur, Coimbatore",Coimbatore,Tamil Nadu,Sale Deed,RS-DOC-0037-1,2021-01-07,Revathi Ganesan,3,a5a7992ae78f3082520523b172507b9a29b818b6659f8c2bfb6499ffca0a1a9f,Verified,1,1,1,0,0,0,0,0,Synthetic development/demo dataset
RS-PROP-0037,USR-1016,Arun Ganesan,USR-1016,USR-1013,SUR-292/9C,5400.0,"Saravanampatti, Sulur, Coimbatore",Coimbatore,Tamil Nadu,Land Record,RS-DOC-0037-2,2021-01-07,Revathi Ganesan,3,cd91386035d9dd233f48923eca26160442015bcb4fd89c27178d46a2bea5f4b7,Verified,1,1,1,0,0,0,0,0,Synthetic development/demo dataset
RS-PROP-0037,USR-1016,Arun Ganesan,USR-1016,USR-1013,SUR-292/9C,5400.0,"Saravanampatti, Sulur, Coimbatore",Coimbatore,Tamil Nadu,Encumbrance Certificate,RS-DOC-0037-3,2021-01-07,Revathi Ganesan,3,32a436df3931e40149284847a6e4d71f29f62b762ea1200e87159c227ffaaab1,Verified,1,1,1,0,0,0,0,0,Synthetic development/demo dataset
RS-PROP-0037,USR-1016,Arun Ganesan,USR-1016,USR-1013,SUR-292/9C,5400.0,"Saravanampatti, Sulur, Coimbatore",Coimbatore,Tamil Nadu,Property Tax Receipt,RS-DOC-0037-4,2021-01-07,Revathi Ganesan,3,656d85ebb2d0ebeba912ae2e7f6e48a381491cc94e4f6f81c17a27764af5bc09,Verified,1,1,1,0,0,0,0,0,Synthetic development/demo dataset
RS-PROP-0038,USR-1018,Swetha Krishnan,USR-1018,USR-1015,SUR-517/2B,1500.0,"Sunguvarchatram, Sriperumbudur, Kanchipuram",Kanchipuram,Tamil Nadu,Sale Deed,RS-DOC-0038-1,2018-11-27,Saravanan Thyagarajan,3,8aa5c2f378d22fc0168c28b8a3f6f7d9c81c7f45060825155844e52db13bf070,Verified,1,1,1,0,0,0,0,0,Synthetic development/demo dataset
RS-PROP-0038,USR-1018,Swetha Krishnan,USR-1018,USR-1015,SUR-517/2B,1500.0,"Sunguvarchatram, Sriperumbudur, Kanchipuram",Kanchipuram,Tamil Nadu,Land Record,RS-DOC-0038-2,2018-11-27,Saravanan Thyagarajan,3,6fc7f1eef382e3e6dc086baa3d36b28f2e0158ec580ec38f819b876adcd9b0cb,Verified,1,1,1,0,0,0,0,0,Synthetic development/demo dataset
RS-PROP-0038,USR-1018,Swetha Krishnan,USR-1018,USR-1015,SUR-517/2B,1500.0,"Sunguvarchatram, Sriperumbudur, Kanchipuram",Kanchipuram,Tamil Nadu,Encumbrance Certificate,RS-DOC-0038-3,2018-11-27,Saravanan Thyagarajan,3,133aa573f29c66f1af996ceb5d2c8241a20486e1b7eabca8ee7f72b6967f91b5,Verified,1,1,1,0,0,0,0,0,Synthetic development/demo dataset
RS-PROP-0038,USR-1018,Swetha Krishnan,USR-1018,USR-1015,SUR-517/2B,1500.0,"Sunguvarchatram, Sriperumbudur, Kanchipuram",Kanchipuram,Tamil Nadu,Property Tax Receipt,RS-DOC-0038-4,2018-11-27,Saravanan Thyagarajan,3,e5d6436cc5d18645f5806321d6cba2a7681bdd0b8be4343c486c59d90e786ac1,Verified,1,1,1,0,0,0,0,0,Synthetic development/demo dataset
RS-PROP-0039,USR-1020,Saravanan Gopal,USR-1020,USR-1017,SUR-382/7C,9600.0,"Guduvancheri, Chengalpattu, Chengalpattu",Chengalpattu,Tamil Nadu,Sale Deed,RS-DOC-0039-1,2024-01-10,Kavitha Srinivasan,4,9f18c5d7ed8843018c076904b2b598627110e6e96ed96474ede29c76628e777e,Verified,1,1,1,0,0,0,0,0,Synthetic development/demo dataset
RS-PROP-0039,USR-1020,Saravanan Gopal,USR-1020,USR-1017,SUR-382/7C,9600.0,"Guduvancheri, Chengalpattu, Chengalpattu",Chengalpattu,Tamil Nadu,Land Record,RS-DOC-0039-2,2024-01-10,Kavitha Srinivasan,4,3d18629c7ac86293a519bf7dbe6aa90de935feeef44985d34304992cc9e9bee2,Verified,1,1,1,0,0,0,0,0,Synthetic development/demo dataset
RS-PROP-0039,USR-1020,Saravanan Gopal,USR-1020,USR-1017,SUR-382/7C,9600.0,"Guduvancheri, Chengalpattu, Chengalpattu",Chengalpattu,Tamil Nadu,Encumbrance Certificate,RS-DOC-0039-3,2024-01-10,Kavitha Srinivasan,4,83a8e3ac26180515ee82b98197c8ef293a616570dd32ccb26a36413ce6621c82,Verified,1,1,1,0,0,0,0,0,Synthetic development/demo dataset
RS-PROP-0040,USR-1022,Bhavani Ganesan,USR-1022,USR-1019,SUR-429/4B,4800.0,"Thiruparankundram, Melur, Madurai",Madurai,Tamil Nadu,Sale Deed,RS-DOC-0040-1,2024-07-02,Rajesh Thyagarajan,4,312fa28c0a9b72b7e2ea8a7148d1a0aabae2433e83c1f5d758eb1a7ea3332ed0,Verified,1,1,1,0,0,0,0,0,Synthetic development/demo dataset
RS-PROP-0040,USR-1022,Bhavani Ganesan,USR-1022,USR-1019,SUR-429/4B,4800.0,"Thiruparankundram, Melur, Madurai",Madurai,Tamil Nadu,Land Record,RS-DOC-0040-2,2024-07-02,Rajesh Thyagarajan,4,571be3daa44d883b4bf79729b743a34b76f02607229b0ad77e6b3750e807226e,Verified,1,1,1,0,0,0,0,0,Synthetic development/demo dataset
RS-PROP-0040,USR-1022,Bhavani Ganesan,USR-1022,USR-1019,SUR-429/4B,4800.0,"Thiruparankundram, Melur, Madurai",Madurai,Tamil Nadu,Encumbrance Certificate,RS-DOC-0040-3,2024-07-02,Rajesh Thyagarajan,4,d59bdd30a9ff5b8d9d74813bfdcc00a3df842fb514c4a5a9c5153093c321464d,Verified,1,1,1,0,0,0,0,0,Synthetic development/demo dataset
RS-PROP-0041,USR-1024,Meenakshi Balasubramanian,USR-1024,USR-1021,SUR-995/8A,9600.0,"Koodal Nagar, Thirumangalam, Madurai",Madurai,Tamil Nadu,Sale Deed,RS-DOC-0041-1,2018-12-05,Madhavan Subramanian,4,6ff6bd2e0f49c02c760f62e8f47a0d00b2453044df74dc5927565a6c2deabd6d,Verified,1,1,1,0,0,0,0,0,Synthetic development/demo dataset
RS-PROP-0041,USR-1024,Meenakshi Balasubramanian,USR-1024,USR-1021,SUR-995/8A,9600.0,"Koodal Nagar, Thirumangalam, Madurai",Madurai,Tamil Nadu,Land Record,RS-DOC-0041-2,2018-12-05,Madhavan Subramanian,4,09cf228c1c141938807f44b8b9b5ed37de885e3de599e9d69e6b08803af42e6a,Verified,1,1,1,0,0,0,0,0,Synthetic development/demo dataset
RS-PROP-0041,USR-1024,Meenakshi Balasubramanian,USR-1024,USR-1021,SUR-995/8A,9600.0,"Koodal Nagar, Thirumangalam, Madurai",Madurai,Tamil Nadu,Encumbrance Certificate,RS-DOC-0041-3,2018-12-05,Madhavan Subramanian,4,ad96f8577f2fc2e42e4d72b64dfc4cd78bbd171602635e7c78b659df92d8431e,Verified,1,1,1,0,0,0,0,0,Synthetic development/demo dataset
RS-PROP-0042,USR-1026,Harini Sundaram,USR-1026,USR-1023,SUR-741/82,1200.0,"Mangadu, Kundrathur, Kanchipuram",Kanchipuram,Tamil Nadu,Sale Deed,RS-DOC-0042-1,2018-04-21,Manoj Chandran,4,dcfe6967f0bb7d5885847600dee87b5c8cf7eb9e48b637b8b8d5a9ce20aae428,Verified,1,1,1,0,0,0,0,0,Synthetic development/demo dataset
RS-PROP-0042,USR-1026,Harini Sundaram,USR-1026,USR-1023,SUR-741/82,1200.0,"Mangadu, Kundrathur, Kanchipuram",Kanchipuram,Tamil Nadu,Land Record,RS-DOC-0042-2,2018-04-21,Manoj Chandran,4,047a7346bb7fa779ee4d98ef135f5227b9d3d4f27487b18e035b64f5e535ec2c,Verified,1,1,1,0,0,0,0,0,Synthetic development/demo dataset
RS-PROP-0042,USR-1026,Harini Sundaram,USR-1026,USR-1023,SUR-741/82,1200.0,"Mangadu, Kundrathur, Kanchipuram",Kanchipuram,Tamil Nadu,Encumbrance Certificate,RS-DOC-0042-3,2018-04-21,Manoj Chandran,4,b6eafe7aedd5a60ecf2c6ded1aaa61064187b2fe9441c4d1749217977903c5b9,Verified,1,1,1,0,0,0,0,0,Synthetic development/demo dataset
RS-PROP-0042,USR-1026,Harini Sundaram,USR-1026,USR-1023,SUR-741/82,1200.0,"Mangadu, Kundrathur, Kanchipuram",Kanchipuram,Tamil Nadu,Property Tax Receipt,RS-DOC-0042-4,2018-04-21,Manoj Chandran,4,3162894d3914a682a0a7e58c1f79d609397d912e2a77b2d8f9315d4f0dc105f4,Verified,1,1,1,0,0,0,0,0,Synthetic development/demo dataset
RS-PROP-0043,USR-1028,Kavitha Kumar,USR-1028,USR-1025,SUR-400/6C,4800.0,"Madipakkam, Guindy, Chennai",Chennai,Tamil Nadu,Sale Deed,RS-DOC-0043-1,2019-09-14,Balaji Krishnan,1,eff8196cdc1aa5f6c2a47b7d856f3eafb64b9dd61e83ce368144d0c3bb056266,Verified,1,1,1,0,0,0,0,0,Synthetic development/demo dataset
RS-PROP-0043,USR-1028,Kavitha Kumar,USR-1028,USR-1025,SUR-400/6C,4800.0,"Madipakkam, Guindy, Chennai",Chennai,Tamil Nadu,Land Record,RS-DOC-0043-2,2019-09-14,Balaji Krishnan,1,309e61aabcd1776888b665e27d2a43fb5cefee334446b487961fd5da6ea93dce,Verified,1,1,1,0,0,0,0,0,Synthetic development/demo dataset
RS-PROP-0043,USR-1028,Kavitha Kumar,USR-1028,USR-1025,SUR-400/6C,4800.0,"Madipakkam, Guindy, Chennai",Chennai,Tamil Nadu,Encumbrance Certificate,RS-DOC-0043-3,2019-09-14,Balaji Krishnan,1,f2d036c256ce12b2d3ba204f3647c4cfe7ee31624011b86f74a38cee3f2b8166,Verified,1,1,1,0,0,0,0,0,Synthetic development/demo dataset
RS-PROP-0044,USR-1030,Uma Srinivasan,USR-1030,USR-1027,SUR-753/51,3000.0,"Siruseri, Chengalpattu, Chengalpattu",Chengalpattu,Tamil Nadu,Sale Deed,RS-DOC-0044-1,2018-08-10,Lakshmi Sundaram,4,7e461a36fdedc468572ff2046825766a03b05bac1f4bb16c3a59d5df49dea755,Verified,1,1,1,0,1,0,0,1,Synthetic development/demo dataset
RS-PROP-0044,USR-1030,Uma Srinivasan,USR-1030,USR-1027,SUR-753/51,3000.0,"Siruseri, Chengalpattu, Chengalpattu",Chengalpattu,Tamil Nadu,Land Record,RS-DOC-0044-2,2018-08-10,Lakshmi Sundaram,4,41a001de3bd62e198ad92e182fdbbeaef9195ea925ef9d2f18ce5206929499f0,Verified,1,1,1,0,1,0,0,1,Synthetic development/demo dataset
RS-PROP-0044,USR-1030,Uma Srinivasan,USR-1030,USR-1027,SUR-753/51,3000.0,"Siruseri, Chengalpattu, Chengalpattu",Chengalpattu,Tamil Nadu,Encumbrance Certificate,RS-DOC-0044-3,2018-08-10,Lakshmi Sundaram,4,ef008eea90a4a3c388596455fb4dcab236e669eab59f011010b3c39595ea8622,Verified,1,1,1,0,1,0,0,1,Synthetic development/demo dataset
RS-PROP-0045,USR-1032,Ganesh Swaminathan,USR-1032,USR-1029,SUR-973/8A,2400.0,"Thandalam, Kanchipuram, Kanchipuram",Kanchipuram,Tamil Nadu,Sale Deed,RS-DOC-0045-1,2022-06-19,Manoj Pillai,4,9a4e69526b2c3e02e2aa213d438f748fafc7102466cd6320a1aaed1203837d02,Verified,0,1,1,0,0,0,0,1,Synthetic development/demo dataset
RS-PROP-0045,USR-1032,Ganesh Swaminathan,USR-1032,USR-1029,SUR-973/8A,2400.0,"Thandalam, Kanchipuram, Kanchipuram",Kanchipuram,Tamil Nadu,Land Record,RS-DOC-0045-2,2022-06-19,Manoj Pillai,4,838b9eb8c8746ebd5b6495184e9fe6cdd45dfef04a953449c71558b75a476798,Verified,0,1,1,0,0,0,0,1,Synthetic development/demo dataset
RS-PROP-0045,USR-1032,Ganesh Swaminathan,USR-1032,USR-1029,SUR-973/8A,2400.0,"Thandalam, Kanchipuram, Kanchipuram",Kanchipuram,Tamil Nadu,Encumbrance Certificate,RS-DOC-0045-3,2022-06-19,Manoj Pillai,4,499682f8df68fdee4639753de000d3b95fc5df931a4cafd5e1372625b47c6abb,Verified,0,1,1,0,0,0,0,1,Synthetic development/demo dataset
RS-PROP-0046,USR-1034,Dinesh Chandran,USR-1034,USR-1031,SUR-794/3A,1200.0,"Srirangam Central, Srirangam, Tiruchirappalli",Tiruchirappalli,Tamil Nadu,Sale Deed,RS-DOC-0046-1,2024-08-02,Nandhini Subramanian,3,14e0d472312ebc2081acda63d4cbfd2a850c9433db44f66859f3b47e876ef44b,Verified,0,0,1,0,0,0,0,1,Synthetic development/demo dataset
RS-PROP-0046,USR-1034,Dinesh Chandran,USR-1034,USR-1031,SUR-794/3A,1200.0,"Srirangam Central, Srirangam, Tiruchirappalli",Tiruchirappalli,Tamil Nadu,Land Record,RS-DOC-0046-2,2024-08-02,Nandhini Subramanian,3,81d74704b187561eef160e805e8c07a02fc5d9c7194ec1065eb2db6f2396d702,Verified,0,0,1,0,0,0,0,1,Synthetic development/demo dataset
RS-PROP-0046,USR-1034,Dinesh Chandran,USR-1034,USR-1031,SUR-794/3A,1200.0,"Srirangam Central, Srirangam, Tiruchirappalli",Tiruchirappalli,Tamil Nadu,Encumbrance Certificate,RS-DOC-0046-3,2024-08-02,Nandhini Subramanian,3,da975506432cc86a428d5ca4ea6035ac3fdaa61d140d2432ac1417ab329057be,Verified,0,0,1,0,0,0,0,1,Synthetic development/demo dataset
RS-PROP-0047,USR-1036,Revathi Krishnan,USR-1036,USR-1033,SUR-864/6A,5400.0,"Mangadu, Kundrathur, Kanchipuram",Kanchipuram,Tamil Nadu,Sale Deed,RS-DOC-0047-1,2019-04-28,Harini Ganesan,1,8830928288d96a33afd20fb8aa1d7a27f8dbb851c11d35f127de3231fb9e2a2d,Verified,1,1,1,0,0,0,0,0,Synthetic development/demo dataset
RS-PROP-0047,USR-1036,Revathi Krishnan,USR-1036,USR-1033,SUR-864/6A,5400.0,"Mangadu, Kundrathur, Kanchipuram",Kanchipuram,Tamil Nadu,Land Record,RS-DOC-0047-2,2019-04-28,Harini Ganesan,1,829a3ae893c180c0b22a95def7f5ad44d1b9ba18e38add96c9a69639eef4dd0d,Verified,1,1,1,0,0,0,0,0,Synthetic development/demo dataset
RS-PROP-0047,USR-1036,Revathi Krishnan,USR-1036,USR-1033,SUR-864/6A,5400.0,"Mangadu, Kundrathur, Kanchipuram",Kanchipuram,Tamil Nadu,Encumbrance Certificate,RS-DOC-0047-3,2019-04-28,Harini Ganesan,1,785bbbafbeb7c806f02925ba9406f83dc1d4a98634538ca68c83e0445b9414c8,Verified,1,1,1,0,0,0,0,0,Synthetic development/demo dataset
RS-PROP-0048,USR-1038,Gayathri Reddy,USR-1038,USR-1035,SUR-942/6A,2400.0,"Ponmalai, Lalgudi, Tiruchirappalli",Tiruchirappalli,Tamil Nadu,Sale Deed,RS-DOC-0048-1,2018-10-18,Rajesh Chandran,4,a64609de7b1f79eb691d87ad35b25c9513c89cba8b1a45b4e2877750956399cc,Verified,1,1,1,0,0,0,0,0,Synthetic development/demo dataset
RS-PROP-0048,USR-1038,Gayathri Reddy,USR-1038,USR-1035,SUR-942/6A,2400.0,"Ponmalai, Lalgudi, Tiruchirappalli",Tiruchirappalli,Tamil Nadu,Land Record,RS-DOC-0048-2,2018-10-18,Rajesh Chandran,4,87a75407a8c14a0900930d99d5733afa7782b2d06401dad5ee122793055ed199,Verified,1,1,1,0,0,0,0,0,Synthetic development/demo dataset
RS-PROP-0048,USR-1038,Gayathri Reddy,USR-1038,USR-1035,SUR-942/6A,2400.0,"Ponmalai, Lalgudi, Tiruchirappalli",Tiruchirappalli,Tamil Nadu,Encumbrance Certificate,RS-DOC-0048-3,2018-10-18,Rajesh Chandran,4,2db93dd46d7235e3be63d06795ce5500e121bf51524ddd8c8eb07c8d1be03545,Verified,1,1,1,0,0,0,0,0,Synthetic development/demo dataset
RS-PROP-0049,USR-1040,Meenakshi Ramesh,USR-1040,USR-1037,SUR-218/2B,9600.0,"Keelkattalai, Guindy, Chennai",Chennai,Tamil Nadu,Sale Deed,RS-DOC-0049-1,2021-08-12,Madhavan Srinivasan,4,7bbad82760d0ab6c6aeaa06d3d1df994b0904fd7e678c9d49e65528e4b046e3d,Verified,1,1,1,0,0,0,0,0,Synthetic development/demo dataset
RS-PROP-0049,USR-1040,Meenakshi Ramesh,USR-1040,USR-1037,SUR-218/2B,9600.0,"Keelkattalai, Guindy, Chennai",Chennai,Tamil Nadu,Land Record,RS-DOC-0049-2,2021-08-12,Madhavan Srinivasan,4,6dd7be7168e3d153710dda14701c5f264758ea2870d60f2ad2540446d7238a5c,Verified,1,1,1,0,0,0,0,0,Synthetic development/demo dataset
RS-PROP-0049,USR-1040,Meenakshi Ramesh,USR-1040,USR-1037,SUR-218/2B,9600.0,"Keelkattalai, Guindy, Chennai",Chennai,Tamil Nadu,Encumbrance Certificate,RS-DOC-0049-3,2021-08-12,Madhavan Srinivasan,4,db967d7d4837c6959cfb5984fa5f92adb14c263cf85e9cd41a601040769c3e99,Verified,1,1,1,0,0,0,0,0,Synthetic development/demo dataset
RS-PROP-0050,USR-1042,Revathi Ramesh,USR-1042,USR-1039,SUR-554/8B,3600.0,"Kattur, Lalgudi, Tiruchirappalli",Tiruchirappalli,Tamil Nadu,Sale Deed,RS-DOC-0050-1,2023-06-18,Dinesh Ramesh,3,980a735c5bf4f71c56b5fe2ee2eb818157be5205eaa00ff8abb01d8ad426cea9,Verified,1,0,1,0,0,0,0,1,Synthetic development/demo dataset
RS-PROP-0050,USR-1042,Revathi Ramesh,USR-1042,USR-1039,SUR-554/8B,3600.0,"Kattur, Lalgudi, Tiruchirappalli",Tiruchirappalli,Tamil Nadu,Land Record,RS-DOC-0050-2,2023-06-18,Dinesh Ramesh,3,42990cb70717460b2ecd972f6634a4c141cc2247892fc64d1183d8bd3417cf0f,Verified,1,0,1,0,0,0,0,1,Synthetic development/demo dataset
RS-PROP-0050,USR-1042,Revathi Ramesh,USR-1042,USR-1039,SUR-554/8B,3600.0,"Kattur, Lalgudi, Tiruchirappalli",Tiruchirappalli,Tamil Nadu,Encumbrance Certificate,RS-DOC-0050-3,2023-06-18,Dinesh Ramesh,3,df01da1842a087d8c60d38b038203df3d64d330a4fbde070d37b0c240b034b9a,Verified,1,0,1,0,0,0,0,1,Synthetic development/demo dataset
RS-PROP-0051,USR-1044,Priya Ramesh,USR-1044,USR-1041,SUR-905/4A,9600.0,"Oragadam, Kanchipuram, Kanchipuram",Kanchipuram,Tamil Nadu,Sale Deed,RS-DOC-0051-1,2022-04-27,Sundar Rao,1,498c38c346598f979cbebec6bb14c1b559e6c30300d515db6c0c81e79f2922c8,Verified,1,1,0,0,0,0,0,0,Synthetic development/demo dataset
RS-PROP-0051,USR-1044,Priya Ramesh,USR-1044,USR-1041,SUR-905/4A,9600.0,"Oragadam, Kanchipuram, Kanchipuram",Kanchipuram,Tamil Nadu,Land Record,RS-DOC-0051-2,2022-04-27,Sundar Rao,1,677ddc179a1f14fbb0bd2c9f534366b20ed1e9967fa576ba9de50a5f82a6a735,Verified,1,1,0,0,0,0,0,0,Synthetic development/demo dataset
RS-PROP-0051,USR-1044,Priya Ramesh,USR-1044,USR-1041,SUR-905/4A,9600.0,"Oragadam, Kanchipuram, Kanchipuram",Kanchipuram,Tamil Nadu,Encumbrance Certificate,RS-DOC-0051-3,2022-04-27,Sundar Rao,1,818247cf22ed5a2315357a7e0da33c51fabc2884ad467ccb457317ca152f47ca,Verified,1,1,0,0,0,0,0,0,Synthetic development/demo dataset
RS-PROP-0052,USR-1046,Meenakshi Kumar,USR-1046,USR-1043,SUR-431/1B,3000.0,"Sunguvarchatram, Kanchipuram, Kanchipuram",Kanchipuram,Tamil Nadu,Sale Deed,RS-DOC-0052-1,2019-12-14,Ramesh Sundaram,4,f7ff93affcd90700e2b3003a232819b4bb3ccc56198325654885cfc92a9c0942,Verified,1,1,1,0,0,0,0,0,Synthetic development/demo dataset
RS-PROP-0052,USR-1046,Meenakshi Kumar,USR-1046,USR-1043,SUR-431/1B,3000.0,"Sunguvarchatram, Kanchipuram, Kanchipuram",Kanchipuram,Tamil Nadu,Land Record,RS-DOC-0052-2,2019-12-14,Ramesh Sundaram,4,91217f6aab085f7f853e03669e2e7152f737e5fcb9ab637d10883435d2864fa2,Verified,1,1,1,0,0,0,0,0,Synthetic development/demo dataset
RS-PROP-0052,USR-1046,Meenakshi Kumar,USR-1046,USR-1043,SUR-431/1B,3000.0,"Sunguvarchatram, Kanchipuram, Kanchipuram",Kanchipuram,Tamil Nadu,Encumbrance Certificate,RS-DOC-0052-3,2019-12-14,Ramesh Sundaram,4,9e4cb5326e2bbe2bdd1a5559c06675fab9628e008135d5c39be6bf0971c3dca6,Verified,1,1,1,0,0,0,0,0,Synthetic development/demo dataset
RS-PROP-0052,USR-1046,Meenakshi Kumar,USR-1046,USR-1043,SUR-431/1B,3000.0,"Sunguvarchatram, Kanchipuram, Kanchipuram",Kanchipuram,Tamil Nadu,Property Tax Receipt,RS-DOC-0052-4,2019-12-14,Ramesh Sundaram,4,0b1a6226ebc0a5fe6bdcfe3b1080618c8d74329fa9d0cd822197098e719202f3,Verified,1,1,1,0,0,0,0,0,Synthetic development/demo dataset
RS-PROP-0053,USR-1048,Sundar Ramesh,USR-1048,USR-1045,SUR-758/1A,5400.0,"Ponmalai, Lalgudi, Tiruchirappalli",Tiruchirappalli,Tamil Nadu,Sale Deed,RS-DOC-0053-1,2021-11-04,Uma Swaminathan,1,8274f5c777fc354f049778682c16b1ef8fe8cf92ffa3b5c99bda1aa7aeb2975a,Verified,1,1,0,0,0,1,0,1,Synthetic development/demo dataset
RS-PROP-0053,USR-1048,Sundar Ramesh,USR-1048,USR-1045,SUR-758/1A,5400.0,"Ponmalai, Lalgudi, Tiruchirappalli",Tiruchirappalli,Tamil Nadu,Land Record,RS-DOC-0053-2,2021-11-04,Uma Swaminathan,1,57116a6b805d6c69b74750d4cf607c3b60b11485eb698633c106bddb797cfcc8,Verified,1,1,0,0,0,1,0,1,Synthetic development/demo dataset
RS-PROP-0053,USR-1048,Sundar Ramesh,USR-1048,USR-1045,SUR-758/1A,5400.0,"Ponmalai, Lalgudi, Tiruchirappalli",Tiruchirappalli,Tamil Nadu,Encumbrance Certificate,RS-DOC-0053-3,2021-11-04,Uma Swaminathan,1,02c2fa693fd0ec669a102f5e248a7bdb5ef9880397a45f025e26c02305df2400,Verified,1,1,0,0,0,1,0,1,Synthetic development/demo dataset
RS-PROP-0053,USR-1048,Sundar Ramesh,USR-1048,USR-1045,SUR-758/1A,5400.0,"Ponmalai, Lalgudi, Tiruchirappalli",Tiruchirappalli,Tamil Nadu,Property Tax Receipt,RS-DOC-0053-4,2021-11-04,Uma Swaminathan,1,457c50dca73c4ff1a4c9efab67144abfa7a735ab0d42f4ef995a30b639ffe6e9,Verified,1,1,0,0,0,1,0,1,Synthetic development/demo dataset
RS-PROP-0054,USR-1050,Poornima Natarajan,USR-1050,USR-1047,SUR-540/8B,4800.0,"Kattur, Tiruchirappalli West, Tiruchirappalli",Tiruchirappalli,Tamil Nadu,Sale Deed,RS-DOC-0054-1,2024-08-13,Madhavan Natarajan,4,62e5587270846d552019c771ce5d2962094a96ccfbd86a2edb67fc127bd5d23b,Verified,1,1,1,0,0,1,0,0,Synthetic development/demo dataset
RS-PROP-0054,USR-1050,Poornima Natarajan,USR-1050,USR-1047,SUR-540/8B,4800.0,"Kattur, Tiruchirappalli West, Tiruchirappalli",Tiruchirappalli,Tamil Nadu,Land Record,RS-DOC-0054-2,2024-08-13,Madhavan Natarajan,4,e4146da69eca18c44b8b9d55b9c4940227ac473c6d9f03b315d5793e819044a6,Verified,1,1,1,0,0,1,0,0,Synthetic development/demo dataset
RS-PROP-0054,USR-1050,Poornima Natarajan,USR-1050,USR-1047,SUR-540/8B,4800.0,"Kattur, Tiruchirappalli West, Tiruchirappalli",Tiruchirappalli,Tamil Nadu,Encumbrance Certificate,RS-DOC-0054-3,2024-08-13,Madhavan Natarajan,4,19e4a8187682b3dd584c6576c1167ccb7e1e90032aa9f7c40ad18df51c7ff940,Verified,1,1,1,0,0,1,0,0,Synthetic development/demo dataset
RS-PROP-0055,USR-1052,Nandhini Subramanian,USR-1052,USR-1049,SUR-786/21,3600.0,"Othakadai, Madurai North, Madurai",Madurai,Tamil Nadu,Sale Deed,RS-DOC-0055-1,2024-07-28,Suresh Pillai,3,227898ff107e048fabd5710f750340f2ad9579d96484f1a1348471cb18c45276,Verified,1,1,1,0,0,0,0,0,Synthetic development/demo dataset
RS-PROP-0055,USR-1052,Nandhini Subramanian,USR-1052,USR-1049,SUR-786/21,3600.0,"Othakadai, Madurai North, Madurai",Madurai,Tamil Nadu,Land Record,RS-DOC-0055-2,2024-07-28,Suresh Pillai,3,24a2cda0b469d7ac87a49b0c3158ea6842d9e3903c6bf5f49c056ed333ecba3c,Verified,1,1,1,0,0,0,0,0,Synthetic development/demo dataset
RS-PROP-0055,USR-1052,Nandhini Subramanian,USR-1052,USR-1049,SUR-786/21,3600.0,"Othakadai, Madurai North, Madurai",Madurai,Tamil Nadu,Encumbrance Certificate,RS-DOC-0055-3,2024-07-28,Suresh Pillai,3,3422c89e054f0105d31f85a8c24324ee3fd1683bca50fef73a1910226d132e19,Verified,1,1,1,0,0,0,0,0,Synthetic development/demo dataset
RS-PROP-0055,USR-1052,Nandhini Subramanian,USR-1052,USR-1049,SUR-786/21,3600.0,"Othakadai, Madurai North, Madurai",Madurai,Tamil Nadu,Property Tax Receipt,RS-DOC-0055-4,2024-07-28,Suresh Pillai,3,ad6b3113d10af72dbc567640c55207ccb14de665f012b9f16e19175bfeb7049b,Verified,1,1,1,0,0,0,0,0,Synthetic development/demo dataset
RS-PROP-0056,USR-1054,Vignesh Chandran,USR-1054,USR-1051,SUR-476/2C,2400.0,"Adambakkam, Guindy, Chennai",Chennai,Tamil Nadu,Sale Deed,RS-DOC-0056-1,2024-09-25,Priya Murugan,4,7680267e3eb99ec0e4db397d899fd6cbfe3fb779318903ddfde103a7d696e20d,Verified,1,1,1,0,0,1,0,0,Synthetic development/demo dataset
RS-PROP-0056,USR-1054,Vignesh Chandran,USR-1054,USR-1051,SUR-476/2C,2400.0,"Adambakkam, Guindy, Chennai",Chennai,Tamil Nadu,Land Record,RS-DOC-0056-2,2024-09-25,Priya Murugan,4,ff382a1704e615afa325f4e96b7b5d825ba0aed820733362d5c50ee1ec5f2728,Verified,1,1,1,0,0,1,0,0,Synthetic development/demo dataset
RS-PROP-0056,USR-1054,Vignesh Chandran,USR-1054,USR-1051,SUR-476/2C,2400.0,"Adambakkam, Guindy, Chennai",Chennai,Tamil Nadu,Encumbrance Certificate,RS-DOC-0056-3,2024-09-25,Priya Murugan,4,d31e43356172536fa262998b25724b2dfbbe748e7d193aac40621ce1a276a0f0,Verified,1,1,1,0,0,1,0,0,Synthetic development/demo dataset
RS-PROP-0057,USR-1056,Venkatesh Balasubramanian,USR-1056,USR-1053,SUR-564/6B,3600.0,"Siruseri, Maduranthakam, Chengalpattu",Chengalpattu,Tamil Nadu,Sale Deed,RS-DOC-0057-1,2023-06-25,Venkatesh Ramesh,2,5e7615bb4666a5eff8ba12ff17ac481ccdf132e08bfb7e4062d56f307b989f1f,Verified,1,1,1,0,0,0,0,0,Synthetic development/demo dataset
RS-PROP-0057,USR-1056,Venkatesh Balasubramanian,USR-1056,USR-1053,SUR-564/6B,3600.0,"Siruseri, Maduranthakam, Chengalpattu",Chengalpattu,Tamil Nadu,Land Record,RS-DOC-0057-2,2023-06-25,Venkatesh Ramesh,2,f55a2adf9444893fb34905b1700b2fd3c5a074cc27c5adff9acbd7be99e0a229,Verified,1,1,1,0,0,0,0,0,Synthetic development/demo dataset
RS-PROP-0057,USR-1056,Venkatesh Balasubramanian,USR-1056,USR-1053,SUR-564/6B,3600.0,"Siruseri, Maduranthakam, Chengalpattu",Chengalpattu,Tamil Nadu,Encumbrance Certificate,RS-DOC-0057-3,2023-06-25,Venkatesh Ramesh,2,6f1e44fffda357f2600591735fbfe517ff3ae008e6ba9a7059108c3b3489731d,Verified,1,1,1,0,0,0,0,0,Synthetic development/demo dataset
RS-PROP-0057,USR-1056,Venkatesh Balasubramanian,USR-1056,USR-1053,SUR-564/6B,3600.0,"Siruseri, Maduranthakam, Chengalpattu",Chengalpattu,Tamil Nadu,Property Tax Receipt,RS-DOC-0057-4,2023-06-25,Venkatesh Ramesh,2,2d7e9b4b59fc924bff5ef1c6078eb6877795983427909e16415e197e85f0267a,Verified,1,1,1,0,0,0,0,0,Synthetic development/demo dataset
RS-PROP-0058,USR-1058,Siddharth Vaidyanathan,USR-1058,USR-1055,SUR-379/42,1500.0,"Kovaipudur, Sulur, Coimbatore",Coimbatore,Tamil Nadu,Sale Deed,RS-DOC-0058-1,2021-02-10,Uma Balasubramanian,5,3477c834ae32108d5776336f7c574c2f2928cadfa79a26b3cb24dd7b2d1f6261,Hash Mismatch,0,0,1,1,1,0,0,1,Synthetic development/demo dataset
RS-PROP-0058,USR-1058,Siddharth Vaidyanathan,USR-1058,USR-1055,SUR-379/42,1500.0,"Kovaipudur, Sulur, Coimbatore",Coimbatore,Tamil Nadu,Land Record,RS-DOC-0058-2,2021-02-10,Uma Balasubramanian,5,de86176d15e3a30d91f4e6b68a98aa144ddfa87ff25de2306c16512b803f8d0f,Verified,0,0,1,1,1,0,0,1,Synthetic development/demo dataset
RS-PROP-0058,USR-1058,Siddharth Vaidyanathan,USR-1058,USR-1055,SUR-379/42,1500.0,"Kovaipudur, Sulur, Coimbatore",Coimbatore,Tamil Nadu,Encumbrance Certificate,RS-DOC-0058-3,2021-02-10,Uma Balasubramanian,5,08250cff435fd809340a3d102a3b8b99f7ef678166b33fddf5f0b78d6ea6ef28,Verified,0,0,1,1,1,0,0,1,Synthetic development/demo dataset
RS-PROP-0059,USR-1001,Suresh Kumar,USR-1001,USR-1057,SUR-885/3C,3000.0,"Kelambakkam, Thiruporur, Chengalpattu",Chengalpattu,Tamil Nadu,Sale Deed,RS-DOC-0059-1,2018-01-16,Poornima Krishnan,4,69f442d66790b2e0f4fd22f577bf343c4636765694857f805991d3a741165ed2,Verified,1,1,1,0,0,0,0,0,Synthetic development/demo dataset
RS-PROP-0059,USR-1001,Suresh Kumar,USR-1001,USR-1057,SUR-885/3C,3000.0,"Kelambakkam, Thiruporur, Chengalpattu",Chengalpattu,Tamil Nadu,Land Record,RS-DOC-0059-2,2018-01-16,Poornima Krishnan,4,8c818bf74cb3e1f0d1ceb83d6b953772b93e03bb2ff7f9a5673ce48c6ac710db,Verified,1,1,1,0,0,0,0,0,Synthetic development/demo dataset
RS-PROP-0059,USR-1001,Suresh Kumar,USR-1001,USR-1057,SUR-885/3C,3000.0,"Kelambakkam, Thiruporur, Chengalpattu",Chengalpattu,Tamil Nadu,Encumbrance Certificate,RS-DOC-0059-3,2018-01-16,Poornima Krishnan,4,1821bad5cd7a6436268e5fe62c2a28b46cc3f88bfee829530f6cc09acc3acde2,Verified,1,1,1,0,0,0,0,0,Synthetic development/demo dataset
RS-PROP-0060,USR-1003,Dinesh Sundaram,USR-1003,USR-1059,SUR-119/8A,3600.0,"Kovaipudur, Coimbatore South, Coimbatore",Coimbatore,Tamil Nadu,Sale Deed,RS-DOC-0060-1,2021-10-13,Madhavan Pillai,4,b5e4364dc2e7f6790f460e1561c6ff927e71f089e9f4552bf5857777193bfdbb,Verified,1,1,1,0,0,0,1,0,Synthetic development/demo dataset
RS-PROP-0061,USR-1005,Poornima Natarajan,USR-1005,USR-1002,SUR-510/9A,4800.0,"Maraimalai Nagar, Maduranthakam, Chengalpattu",Chengalpattu,Tamil Nadu,Sale Deed,RS-DOC-0061-1,2023-06-08,Bhavani Krishnan,1,d6a750228b02982e54b5a2c5ada9944c4c265022cceef1b1daad6eaf94a319ca,Verified,1,1,1,0,0,0,0,0,Synthetic development/demo dataset
RS-PROP-0061,USR-1005,Poornima Natarajan,USR-1005,USR-1002,SUR-510/9A,4800.0,"Maraimalai Nagar, Maduranthakam, Chengalpattu",Chengalpattu,Tamil Nadu,Land Record,RS-DOC-0061-2,2023-06-08,Bhavani Krishnan,1,1b8fd5378cd8c6b7c276f73a6565514ee21ae61027b0a4e419ab9be096f4cdec,Verified,1,1,1,0,0,0,0,0,Synthetic development/demo dataset
RS-PROP-0061,USR-1005,Poornima Natarajan,USR-1005,USR-1002,SUR-510/9A,4800.0,"Maraimalai Nagar, Maduranthakam, Chengalpattu",Chengalpattu,Tamil Nadu,Encumbrance Certificate,RS-DOC-0061-3,2023-06-08,Bhavani Krishnan,1,3c328a58f7e414e74d4db145a56bb8ad522d45ebe94409b7732f10700165d7f8,Verified,1,1,1,0,0,0,0,0,Synthetic development/demo dataset
RS-PROP-0061,USR-1005,Poornima Natarajan,USR-1005,USR-1002,SUR-510/9A,4800.0,"Maraimalai Nagar, Maduranthakam, Chengalpattu",Chengalpattu,Tamil Nadu,Property Tax Receipt,RS-DOC-0061-4,2023-06-08,Bhavani Krishnan,1,b947a76588193002d9bdb0a08116038449a68504eace87248fa0474455357b06,Verified,1,1,1,0,0,0,0,0,Synthetic development/demo dataset
RS-PROP-0062,USR-1008,Saravanan Chandran,USR-1008,USR-1004,SUR-302/32,1800.0,"Pallavaram, Alandur, Chennai",Chennai,Tamil Nadu,Sale Deed,RS-DOC-0062-1,2018-03-25,Uma Swaminathan,4,e9e2d556815cca511fbb8ee6d544fd1adffbb7d2c94c25675ae381efb53ea428,Verified,1,1,1,0,0,0,0,0,Synthetic development/demo dataset
RS-PROP-0062,USR-1008,Saravanan Chandran,USR-1008,USR-1004,SUR-302/32,1800.0,"Pallavaram, Alandur, Chennai",Chennai,Tamil Nadu,Land Record,RS-DOC-0062-2,2018-03-25,Uma Swaminathan,4,3c2bda70c3dc6c4fa0d5b9b908c52360e5ba515f82a01962e2d73e9e2c9d0d78,Verified,1,1,1,0,0,0,0,0,Synthetic development/demo dataset
RS-PROP-0062,USR-1008,Saravanan Chandran,USR-1008,USR-1004,SUR-302/32,1800.0,"Pallavaram, Alandur, Chennai",Chennai,Tamil Nadu,Encumbrance Certificate,RS-DOC-0062-3,2018-03-25,Uma Swaminathan,4,f8a412f8a9e66a0323ddfefd4c4d2f5cd53f88c312dc71fb90be0e85f8a7bd71,Verified,1,1,1,0,0,0,0,0,Synthetic development/demo dataset
RS-PROP-0062,USR-1008,Saravanan Chandran,USR-1008,USR-1004,SUR-302/32,1800.0,"Pallavaram, Alandur, Chennai",Chennai,Tamil Nadu,Property Tax Receipt,RS-DOC-0062-4,2018-03-25,Uma Swaminathan,4,7181bcc77a3a37edbed467089e5c8f78ee3a11d596e3529a0469860fc2d34a8a,Verified,1,1,1,0,0,0,0,0,Synthetic development/demo dataset
RS-PROP-0063,USR-1010,Siddharth Sundaram,USR-1010,USR-1006,SUR-915/52,1200.0,"Gandhipuram, Sulur, Coimbatore",Coimbatore,Tamil Nadu,Sale Deed,RS-DOC-0063-1,2022-02-10,Gayathri Swaminathan,1,5c363eebcd8b5afee96bc11c93ff54364e622154c2cc1dc158a9a9a55077679f,Verified,1,1,1,0,0,0,0,0,Synthetic development/demo dataset
RS-PROP-0063,USR-1010,Siddharth Sundaram,USR-1010,USR-1006,SUR-915/52,1200.0,"Gandhipuram, Sulur, Coimbatore",Coimbatore,Tamil Nadu,Land Record,RS-DOC-0063-2,2022-02-10,Gayathri Swaminathan,1,45d031052690ab91b20a3b5bba6eacce19dc5dfd0a8e438d7a11a325449ae03b,Verified,1,1,1,0,0,0,0,0,Synthetic development/demo dataset
RS-PROP-0063,USR-1010,Siddharth Sundaram,USR-1010,USR-1006,SUR-915/52,1200.0,"Gandhipuram, Sulur, Coimbatore",Coimbatore,Tamil Nadu,Encumbrance Certificate,RS-DOC-0063-3,2022-02-10,Gayathri Swaminathan,1,e6c71510a19a0017d967e1f5fb42ee3647c5a9144df6ca6b325de14e70d51b0d,Verified,1,1,1,0,0,0,0,0,Synthetic development/demo dataset
RS-PROP-0064,USR-1012,Venkatesh Balasubramanian,USR-1012,USR-1007,SUR-667/11,2400.0,"Singanallur, Sulur, Coimbatore",Coimbatore,Tamil Nadu,Sale Deed,RS-DOC-0064-1,2022-08-17,Saravanan Ramesh,1,e3ee3302779f314539c5690a566cca556975b6615f6e6778de5962057680379f,Verified,1,1,1,0,0,0,0,0,Synthetic development/demo dataset
RS-PROP-0064,USR-1012,Venkatesh Balasubramanian,USR-1012,USR-1007,SUR-667/11,2400.0,"Singanallur, Sulur, Coimbatore",Coimbatore,Tamil Nadu,Land Record,RS-DOC-0064-2,2022-08-17,Saravanan Ramesh,1,76c68395323a0f7923160c68419f8388efd0376a02b9212bdd7e371ae19e0432,Verified,1,1,1,0,0,0,0,0,Synthetic development/demo dataset
RS-PROP-0064,USR-1012,Venkatesh Balasubramanian,USR-1012,USR-1007,SUR-667/11,2400.0,"Singanallur, Sulur, Coimbatore",Coimbatore,Tamil Nadu,Encumbrance Certificate,RS-DOC-0064-3,2022-08-17,Saravanan Ramesh,1,986f9e2fa7877d107a139a92f82a67b65576db514050be66e33b59e5e3972d1f,Verified,1,1,1,0,0,0,0,0,Synthetic development/demo dataset
RS-PROP-0065,USR-1014,Balaji Ramesh,USR-1014,USR-1009,SUR-636/92,1800.0,"Siruseri, Maduranthakam, Chengalpattu",Chengalpattu,Tamil Nadu,Sale Deed,RS-DOC-0065-1,2020-05-13,Madhavan Rao,1,c6d0e41df7fa357f21b164682c6ae933c0453c18634308b8fdaf072d8ea59d18,Verified,1,1,1,0,0,0,0,0,Synthetic development/demo dataset
RS-PROP-0065,USR-1014,Balaji Ramesh,USR-1014,USR-1009,SUR-636/92,1800.0,"Siruseri, Maduranthakam, Chengalpattu",Chengalpattu,Tamil Nadu,Land Record,RS-DOC-0065-2,2020-05-13,Madhavan Rao,1,47bcaa82f2e9a1aaf3c037f92aae74658d2830eb03bd08fe3100b95ed6311319,Verified,1,1,1,0,0,0,0,0,Synthetic development/demo dataset
RS-PROP-0065,USR-1014,Balaji Ramesh,USR-1014,USR-1009,SUR-636/92,1800.0,"Siruseri, Maduranthakam, Chengalpattu",Chengalpattu,Tamil Nadu,Encumbrance Certificate,RS-DOC-0065-3,2020-05-13,Madhavan Rao,1,e655dda2966d8f2d5b19f83a37e12871dcb0f6f0a2fb06967b9101416db3b0be,Verified,1,1,1,0,0,0,0,0,Synthetic development/demo dataset
RS-PROP-0065,USR-1014,Balaji Ramesh,USR-1014,USR-1009,SUR-636/92,1800.0,"Siruseri, Maduranthakam, Chengalpattu",Chengalpattu,Tamil Nadu,Property Tax Receipt,RS-DOC-0065-4,2020-05-13,Madhavan Rao,1,7d59f6ef8afe7c71bebb80a80c89363a2944ba61bf836fecc96b0b3be8e115be,Verified,1,1,1,0,0,0,0,0,Synthetic development/demo dataset
RS-PROP-0066,USR-1016,Aravind Pillai,USR-1016,USR-1011,SUR-183/3C,3000.0,"Mangadu, Kanchipuram, Kanchipuram",Kanchipuram,Tamil Nadu,Sale Deed,RS-DOC-0066-1,2023-11-13,Meenakshi Sundaram,4,6c106624fb50c8946367ebd6eba18c74fe5f24225c1fe546e2f3dacb855571b6,Verified,1,1,1,0,0,0,0,0,Synthetic development/demo dataset
RS-PROP-0066,USR-1016,Aravind Pillai,USR-1016,USR-1011,SUR-183/3C,3000.0,"Mangadu, Kanchipuram, Kanchipuram",Kanchipuram,Tamil Nadu,Land Record,RS-DOC-0066-2,2023-11-13,Meenakshi Sundaram,4,ef9b1f207885ffc43d0b33d3ddf5862362b047b2cb97177cd88a64a50bfc2a96,Verified,1,1,1,0,0,0,0,0,Synthetic development/demo dataset
RS-PROP-0066,USR-1016,Aravind Pillai,USR-1016,USR-1011,SUR-183/3C,3000.0,"Mangadu, Kanchipuram, Kanchipuram",Kanchipuram,Tamil Nadu,Encumbrance Certificate,RS-DOC-0066-3,2023-11-13,Meenakshi Sundaram,4,35a6dacc2b92e7e218a5ab921f18191d3995a1e24ea5c1f7f4ff84ff6ae0219a,Verified,1,1,1,0,0,0,0,0,Synthetic development/demo dataset
RS-PROP-0067,USR-1018,Venkatesh Vaidyanathan,USR-1018,USR-1013,SUR-471/5B,2400.0,"Koodal Nagar, Thirumangalam, Madurai",Madurai,Tamil Nadu,Sale Deed,RS-DOC-0067-1,2024-08-07,Sundar Subramanian,1,b936c71ce559f96956c7dab058a879fee801948ac5380236e70f894bec58a629,Verified,1,0,1,0,0,0,0,1,Synthetic development/demo dataset
RS-PROP-0067,USR-1018,Venkatesh Vaidyanathan,USR-1018,USR-1013,SUR-471/5B,2400.0,"Koodal Nagar, Thirumangalam, Madurai",Madurai,Tamil Nadu,Land Record,RS-DOC-0067-2,2024-08-07,Sundar Subramanian,1,2c0c9efd0f9ca7f4d9d21dddbecd1b1b1c35c09ba1f953c57c0575d0f790b29f,Verified,1,0,1,0,0,0,0,1,Synthetic development/demo dataset
RS-PROP-0067,USR-1018,Venkatesh Vaidyanathan,USR-1018,USR-1013,SUR-471/5B,2400.0,"Koodal Nagar, Thirumangalam, Madurai",Madurai,Tamil Nadu,Encumbrance Certificate,RS-DOC-0067-3,2024-08-07,Sundar Subramanian,1,e2e498654ece13f4c3064c614a5f85ca6af479577174516abb6808abf78457cf,Verified,1,0,1,0,0,0,0,1,Synthetic development/demo dataset
RS-PROP-0068,USR-1020,Meenakshi Gopal,USR-1020,USR-1015,SUR-951/31,1200.0,"Kelambakkam, Chengalpattu, Chengalpattu",Chengalpattu,Tamil Nadu,Sale Deed,RS-DOC-0068-1,2020-11-24,Swetha Swaminathan,3,ee28bd1b3d630a5ed1550648af4cfa2dd4e1d899b11e74633d73f96d35fe0b60,Verified,1,1,1,0,0,0,0,0,Synthetic development/demo dataset
RS-PROP-0068,USR-1020,Meenakshi Gopal,USR-1020,USR-1015,SUR-951/31,1200.0,"Kelambakkam, Chengalpattu, Chengalpattu",Chengalpattu,Tamil Nadu,Land Record,RS-DOC-0068-2,2020-11-24,Swetha Swaminathan,3,d1aa9ab461a46e6e918543d8e7b5c8ce9844b87ee1192ecf4088c78fa401e235,Verified,1,1,1,0,0,0,0,0,Synthetic development/demo dataset
RS-PROP-0068,USR-1020,Meenakshi Gopal,USR-1020,USR-1015,SUR-951/31,1200.0,"Kelambakkam, Chengalpattu, Chengalpattu",Chengalpattu,Tamil Nadu,Encumbrance Certificate,RS-DOC-0068-3,2020-11-24,Swetha Swaminathan,3,024d433602974a1c57d149d3422141f084ca35bf7e36f9ce9892e7c011bd20b4,Verified,1,1,1,0,0,0,0,0,Synthetic development/demo dataset
RS-PROP-0069,USR-1022,Kavitha Thyagarajan,USR-1022,USR-1017,SUR-551/8C,4800.0,"Maraimalai Nagar, Thiruporur, Chengalpattu",Chengalpattu,Tamil Nadu,Sale Deed,RS-DOC-0069-1,2022-07-06,Vijay Subramanian,1,e8f5bb16d8a19e778d272df1752fb5ae733b494e799352ee94bd0d2eed9a0091,Verified,1,1,1,0,0,0,0,0,Synthetic development/demo dataset
RS-PROP-0069,USR-1022,Kavitha Thyagarajan,USR-1022,USR-1017,SUR-551/8C,4800.0,"Maraimalai Nagar, Thiruporur, Chengalpattu",Chengalpattu,Tamil Nadu,Land Record,RS-DOC-0069-2,2022-07-06,Vijay Subramanian,1,62c60f1237ccd2424fa9e81c6084bd9b23db35b8b36eb107444aee7e2ce075e5,Verified,1,1,1,0,0,0,0,0,Synthetic development/demo dataset
RS-PROP-0069,USR-1022,Kavitha Thyagarajan,USR-1022,USR-1017,SUR-551/8C,4800.0,"Maraimalai Nagar, Thiruporur, Chengalpattu",Chengalpattu,Tamil Nadu,Encumbrance Certificate,RS-DOC-0069-3,2022-07-06,Vijay Subramanian,1,c420fc6a27f7d00a45c095ab1c3a9d7b066805425e2d996525daa4dcfba4d079,Verified,1,1,1,0,0,0,0,0,Synthetic development/demo dataset
RS-PROP-0070,USR-1024,Ramesh Pillai,USR-1024,USR-1019,SUR-560/9B,4800.0,"Pallavaram, Alandur, Chennai",Chennai,Tamil Nadu,Sale Deed,RS-DOC-0070-1,2019-08-12,Priya Vaidyanathan,4,83162c5d3df4f08d878ff0ceb997564913e018c8f61b24d83f23d2d1264bcbe5,Verified,1,1,1,0,0,0,0,0,Synthetic development/demo dataset
RS-PROP-0070,USR-1024,Ramesh Pillai,USR-1024,USR-1019,SUR-560/9B,4800.0,"Pallavaram, Alandur, Chennai",Chennai,Tamil Nadu,Land Record,RS-DOC-0070-2,2019-08-12,Priya Vaidyanathan,4,57c61a32723ba9a74db3503ad15d41fa7578e77e1b674f0f96d9f239bbd11a00,Verified,1,1,1,0,0,0,0,0,Synthetic development/demo dataset
RS-PROP-0070,USR-1024,Ramesh Pillai,USR-1024,USR-1019,SUR-560/9B,4800.0,"Pallavaram, Alandur, Chennai",Chennai,Tamil Nadu,Encumbrance Certificate,RS-DOC-0070-3,2019-08-12,Priya Vaidyanathan,4,f69f7078b373183cca74ea1ac0dbd693c0fa0c11f5cae4e3286ca549fbf8fd35,Verified,1,1,1,0,0,0,0,0,Synthetic development/demo dataset
RS-PROP-0071,USR-1026,Nandhini Chandran,USR-1026,USR-1021,SUR-959/6B,1800.0,"Madipakkam, Guindy, Chennai",Chennai,Tamil Nadu,Sale Deed,RS-DOC-0071-1,2020-08-23,Meenakshi Thyagarajan,1,34db05d2004360b92989c1e4cfbdeef58f93464b25c39b3254fbe39f2880ff04,Verified,1,1,1,0,0,0,0,0,Synthetic development/demo dataset
RS-PROP-0071,USR-1026,Nandhini Chandran,USR-1026,USR-1021,SUR-959/6B,1800.0,"Madipakkam, Guindy, Chennai",Chennai,Tamil Nadu,Land Record,RS-DOC-0071-2,2020-08-23,Meenakshi Thyagarajan,1,f60c7dd3eb639e02735d05aa460105443023addfd5ed2bd3327b4084c15a1694,Verified,1,1,1,0,0,0,0,0,Synthetic development/demo dataset
RS-PROP-0071,USR-1026,Nandhini Chandran,USR-1026,USR-1021,SUR-959/6B,1800.0,"Madipakkam, Guindy, Chennai",Chennai,Tamil Nadu,Encumbrance Certificate,RS-DOC-0071-3,2020-08-23,Meenakshi Thyagarajan,1,188f8e5463bd52cab1d16e96e9e000abf17af7fd6d9bfa3e665e9acff7acafae,Verified,1,1,1,0,0,0,0,0,Synthetic development/demo dataset
RS-PROP-0071,USR-1026,Nandhini Chandran,USR-1026,USR-1021,SUR-959/6B,1800.0,"Madipakkam, Guindy, Chennai",Chennai,Tamil Nadu,Property Tax Receipt,RS-DOC-0071-4,2020-08-23,Meenakshi Thyagarajan,1,05c750b9a669d2850df2cac841e16f8d3a09db15f9fbddca627a1c5f5949aba4,Verified,1,1,1,0,0,0,0,0,Synthetic development/demo dataset
RS-PROP-0072,USR-1028,Saravanan Ganesan,USR-1028,USR-1023,SUR-894/5B,3000.0,"Kallakudi, Thiruverumbur, Tiruchirappalli",Tiruchirappalli,Tamil Nadu,Sale Deed,RS-DOC-0072-1,2018-04-14,Gayathri Sundaram,4,5563261f449005fcf464a3d95ed21bdf7085f41961516224efacd8eb035dc6b8,Verified,1,1,1,0,0,0,1,0,Synthetic development/demo dataset
RS-PROP-0073,USR-1030,Swetha Subramanian,USR-1030,USR-1025,SUR-729/6B,4800.0,"Irungattukottai, Kundrathur, Kanchipuram",Kanchipuram,Tamil Nadu,Sale Deed,RS-DOC-0073-1,2023-11-03,Nandhini Sundaram,1,4fb760b2c5e84af0d250b99dea7df65450ccefabb15fe7347302e0aa75b9c4ce,Verified,1,1,1,0,0,0,0,0,Synthetic development/demo dataset
RS-PROP-0073,USR-1030,Swetha Subramanian,USR-1030,USR-1025,SUR-729/6B,4800.0,"Irungattukottai, Kundrathur, Kanchipuram",Kanchipuram,Tamil Nadu,Land Record,RS-DOC-0073-2,2023-11-03,Nandhini Sundaram,1,5ca3913ccdc8ab8d852df648f9f5090992b73db7dc9b80dc53f2c84bc1dfe962,Verified,1,1,1,0,0,0,0,0,Synthetic development/demo dataset
RS-PROP-0073,USR-1030,Swetha Subramanian,USR-1030,USR-1025,SUR-729/6B,4800.0,"Irungattukottai, Kundrathur, Kanchipuram",Kanchipuram,Tamil Nadu,Encumbrance Certificate,RS-DOC-0073-3,2023-11-03,Nandhini Sundaram,1,c7bd375ea33e10788e00e11ae76e8276c7ff6f6a6f5b3155fefdea74dae61021,Verified,1,1,1,0,0,0,0,0,Synthetic development/demo dataset
RS-PROP-0074,USR-1032,Nandhini Murugan,USR-1032,USR-1027,SUR-907/2C,2400.0,"Srirangam Central, Tiruchirappalli West, Tiruchirappalli",Tiruchirappalli,Tamil Nadu,Sale Deed,RS-DOC-0074-1,2023-11-04,Bhavani Subramanian,3,2d54cb3986da9e8e9816fdbbcc8b364ab8dbca65555fce2fb2a5926741c642dd,Verified,1,1,1,0,0,0,0,0,Synthetic development/demo dataset
RS-PROP-0074,USR-1032,Nandhini Murugan,USR-1032,USR-1027,SUR-907/2C,2400.0,"Srirangam Central, Tiruchirappalli West, Tiruchirappalli",Tiruchirappalli,Tamil Nadu,Land Record,RS-DOC-0074-2,2023-11-04,Bhavani Subramanian,3,aceea7104a1eb15f533d001546a69dda805d51efe71bf63990e4e10d9f7812a7,Verified,1,1,1,0,0,0,0,0,Synthetic development/demo dataset
RS-PROP-0074,USR-1032,Nandhini Murugan,USR-1032,USR-1027,SUR-907/2C,2400.0,"Srirangam Central, Tiruchirappalli West, Tiruchirappalli",Tiruchirappalli,Tamil Nadu,Encumbrance Certificate,RS-DOC-0074-3,2023-11-04,Bhavani Subramanian,3,f8ff337bc132af6622279c826c1346d90fae4bfc942460450eca7452542ac50e,Verified,1,1,1,0,0,0,0,0,Synthetic development/demo dataset
RS-PROP-0075,USR-1034,Vignesh Krishnan,USR-1034,USR-1029,SUR-137/5B,1200.0,"Siruseri, Vandalur, Chengalpattu",Chengalpattu,Tamil Nadu,Sale Deed,RS-DOC-0075-1,2018-06-10,Harini Ganesan,5,170fbba6977e507f610e94d8b2d982b1b9326428418139098b117a809f0ddd84,Verified,1,1,1,0,1,0,0,1,Synthetic development/demo dataset
RS-PROP-0075,USR-1034,Vignesh Krishnan,USR-1034,USR-1029,SUR-137/5B,1200.0,"Siruseri, Vandalur, Chengalpattu",Chengalpattu,Tamil Nadu,Land Record,RS-DOC-0075-2,2018-06-10,Harini Ganesan,5,adad1b0d99eef02592dbca1b7aced318af8af7ae39dd4f16e838337f9faf04c3,Verified,1,1,1,0,1,0,0,1,Synthetic development/demo dataset
RS-PROP-0075,USR-1034,Vignesh Krishnan,USR-1034,USR-1029,SUR-137/5B,1200.0,"Siruseri, Vandalur, Chengalpattu",Chengalpattu,Tamil Nadu,Encumbrance Certificate,RS-DOC-0075-3,2018-06-10,Harini Ganesan,5,13546844027cc99bfb6563bef3adf4dc01796a0b3839497b2edb0f66577a0574,Verified,1,1,1,0,1,0,0,1,Synthetic development/demo dataset
RS-PROP-0075,USR-1034,Vignesh Krishnan,USR-1034,USR-1029,SUR-137/5B,1200.0,"Siruseri, Vandalur, Chengalpattu",Chengalpattu,Tamil Nadu,Property Tax Receipt,RS-DOC-0075-4,2018-06-10,Harini Ganesan,5,7512bebe7bb39657696e360689b39885b35c443d62abaea5e31cbc8b1180c504,Verified,1,1,1,0,1,0,0,1,Synthetic development/demo dataset
RS-PROP-0076,USR-1036,Nandhini Vaidyanathan,USR-1036,USR-1031,SUR-447/31,5400.0,"Kovaipudur, Sulur, Coimbatore",Coimbatore,Tamil Nadu,Sale Deed,RS-DOC-0076-1,2024-09-09,Venkatesh Vaidyanathan,4,1f2ae253c2ae54b44fd5271f169f227e663878edee09b308fedd48c388c4844b,Verified,1,1,1,0,0,0,0,0,Synthetic development/demo dataset
RS-PROP-0076,USR-1036,Nandhini Vaidyanathan,USR-1036,USR-1031,SUR-447/31,5400.0,"Kovaipudur, Sulur, Coimbatore",Coimbatore,Tamil Nadu,Land Record,RS-DOC-0076-2,2024-09-09,Venkatesh Vaidyanathan,4,170fdcb507c374aed3bb0abbfe9b28a04c6e11ddfc55c687c6ec84ca6e0a934a,Verified,1,1,1,0,0,0,0,0,Synthetic development/demo dataset
RS-PROP-0076,USR-1036,Nandhini Vaidyanathan,USR-1036,USR-1031,SUR-447/31,5400.0,"Kovaipudur, Sulur, Coimbatore",Coimbatore,Tamil Nadu,Encumbrance Certificate,RS-DOC-0076-3,2024-09-09,Venkatesh Vaidyanathan,4,40a44d927505ff6f79784b5581620db284cb73e5e85accc72ae3988172b9ab90,Verified,1,1,1,0,0,0,0,0,Synthetic development/demo dataset
RS-PROP-0076,USR-1036,Nandhini Vaidyanathan,USR-1036,USR-1031,SUR-447/31,5400.0,"Kovaipudur, Sulur, Coimbatore",Coimbatore,Tamil Nadu,Property Tax Receipt,RS-DOC-0076-4,2024-09-09,Venkatesh Vaidyanathan,4,3bc2a483bd9fb00f84a6096ef55497027f897363841a561a347e33d9522a9973,Verified,1,1,1,0,0,0,0,0,Synthetic development/demo dataset
RS-PROP-0077,USR-1038,Ananya Sundaram,USR-1038,USR-1033,SUR-556/7B,5400.0,"Mangadu, Walajabad, Kanchipuram",Kanchipuram,Tamil Nadu,Sale Deed,RS-DOC-0077-1,2021-01-24,Dinesh Vaidyanathan,1,2f362f6e67b75a7eae87a036457e9e75d58855e92e5d6bf6d2c58657c8191956,Verified,0,0,1,0,0,0,0,1,Synthetic development/demo dataset
RS-PROP-0077,USR-1038,Ananya Sundaram,USR-1038,USR-1033,SUR-556/7B,5400.0,"Mangadu, Walajabad, Kanchipuram",Kanchipuram,Tamil Nadu,Land Record,RS-DOC-0077-2,2021-01-24,Dinesh Vaidyanathan,1,f189112a38baa0a7d67cf5ce801fbfd9ed23a382b2d1c0425d5b3b61af4798d6,Verified,0,0,1,0,0,0,0,1,Synthetic development/demo dataset
RS-PROP-0077,USR-1038,Ananya Sundaram,USR-1038,USR-1033,SUR-556/7B,5400.0,"Mangadu, Walajabad, Kanchipuram",Kanchipuram,Tamil Nadu,Encumbrance Certificate,RS-DOC-0077-3,2021-01-24,Dinesh Vaidyanathan,1,675bcd58c1ab2f4d46b295dfba3bf73a17ba1a5a89aeb306db367838540297c7,Verified,0,0,1,0,0,0,0,1,Synthetic development/demo dataset
RS-PROP-0078,USR-1040,Siddharth Ramesh,USR-1040,USR-1035,SUR-897/6C,4800.0,"Kelambakkam, Vandalur, Chengalpattu",Chengalpattu,Tamil Nadu,Sale Deed,RS-DOC-0078-1,2018-10-05,Siddharth Reddy,4,02e412a329b8b092b1a3ffeea3f1ef11eb19327570151611df4c940ad2a08056,Verified,1,1,1,0,0,0,0,0,Synthetic development/demo dataset
RS-PROP-0078,USR-1040,Siddharth Ramesh,USR-1040,USR-1035,SUR-897/6C,4800.0,"Kelambakkam, Vandalur, Chengalpattu",Chengalpattu,Tamil Nadu,Land Record,RS-DOC-0078-2,2018-10-05,Siddharth Reddy,4,5a723f99737660841a7aa97718322ea491db7d3b6731f1abff29f5eabde1192b,Verified,1,1,1,0,0,0,0,0,Synthetic development/demo dataset
RS-PROP-0078,USR-1040,Siddharth Ramesh,USR-1040,USR-1035,SUR-897/6C,4800.0,"Kelambakkam, Vandalur, Chengalpattu",Chengalpattu,Tamil Nadu,Encumbrance Certificate,RS-DOC-0078-3,2018-10-05,Siddharth Reddy,4,7681d061e771c9309f71d8e92700fe43869950070450cb041be598bea6303ec9,Verified,1,1,1,0,0,0,0,0,Synthetic development/demo dataset
RS-PROP-0078,USR-1040,Siddharth Ramesh,USR-1040,USR-1035,SUR-897/6C,4800.0,"Kelambakkam, Vandalur, Chengalpattu",Chengalpattu,Tamil Nadu,Property Tax Receipt,RS-DOC-0078-4,2018-10-05,Siddharth Reddy,4,521e13ce96c901313a13bfac1ce9bd72ccf8e1c9067ad3bfc482b1e49482fa54,Verified,1,1,1,0,0,0,0,0,Synthetic development/demo dataset
RS-PROP-0079,USR-1042,Rajesh Murugan,USR-1042,USR-1037,SUR-853/31,9600.0,"Guduvancheri, Vandalur, Chengalpattu",Chengalpattu,Tamil Nadu,Sale Deed,RS-DOC-0079-1,2022-02-09,Ganesh Swaminathan,3,ba01db918b1c14e2e34c3a57f413cac83327158798e1f1c097b09f07e95a70f1,Verified,1,1,1,0,0,0,0,0,Synthetic development/demo dataset
RS-PROP-0079,USR-1042,Rajesh Murugan,USR-1042,USR-1037,SUR-853/31,9600.0,"Guduvancheri, Vandalur, Chengalpattu",Chengalpattu,Tamil Nadu,Land Record,RS-DOC-0079-2,2022-02-09,Ganesh Swaminathan,3,ec330b68f7bff41d0a61881e134984780056ac429bd1b1c0a46811b2a72bf33d,Verified,1,1,1,0,0,0,0,0,Synthetic development/demo dataset
RS-PROP-0079,USR-1042,Rajesh Murugan,USR-1042,USR-1037,SUR-853/31,9600.0,"Guduvancheri, Vandalur, Chengalpattu",Chengalpattu,Tamil Nadu,Encumbrance Certificate,RS-DOC-0079-3,2022-02-09,Ganesh Swaminathan,3,dbd86cf4f3b765e8d7e0d9df643a5763aa746e1e7fb58999f1c68aae1a889598,Verified,1,1,1,0,0,0,0,0,Synthetic development/demo dataset
RS-PROP-0079,USR-1042,Rajesh Murugan,USR-1042,USR-1037,SUR-853/31,9600.0,"Guduvancheri, Vandalur, Chengalpattu",Chengalpattu,Tamil Nadu,Property Tax Receipt,RS-DOC-0079-4,2022-02-09,Ganesh Swaminathan,3,c081733fab746ff2a0bf137f7699ea2046b6b2485b74996c6070606ee6ce15ba,Verified,1,1,1,0,0,0,0,0,Synthetic development/demo dataset
RS-PROP-0080,USR-1044,Deepa Swaminathan,USR-1044,USR-1039,SUR-929/6C,1500.0,"Guduvancheri, Maduranthakam, Chengalpattu",Chengalpattu,Tamil Nadu,Sale Deed,RS-DOC-0080-1,2022-05-10,Lakshmi Krishnan,4,4f6f0a8c37166d4c49e118125e2ad363b27aaaa40a43f81c05b7dcefa77c46fc,Verified,1,1,1,0,1,0,0,1,Synthetic development/demo dataset
RS-PROP-0080,USR-1044,Deepa Swaminathan,USR-1044,USR-1039,SUR-929/6C,1500.0,"Guduvancheri, Maduranthakam, Chengalpattu",Chengalpattu,Tamil Nadu,Land Record,RS-DOC-0080-2,2022-05-10,Lakshmi Krishnan,4,06e5eea564b9a0e5293cfddfcbac86ef483c87a0fd09f57aa735186cd7d2a45d,Verified,1,1,1,0,1,0,0,1,Synthetic development/demo dataset
RS-PROP-0080,USR-1044,Deepa Swaminathan,USR-1044,USR-1039,SUR-929/6C,1500.0,"Guduvancheri, Maduranthakam, Chengalpattu",Chengalpattu,Tamil Nadu,Encumbrance Certificate,RS-DOC-0080-3,2022-05-10,Lakshmi Krishnan,4,68710c5442ac8011276e24d17c652642f36326ade772056403d808dae8823e07,Verified,1,1,1,0,1,0,0,1,Synthetic development/demo dataset
RS-PROP-0081,USR-1046,Meenakshi Sundaram,USR-1046,USR-1041,SUR-834/82,4800.0,"Keelkattalai, Guindy, Chennai",Chennai,Tamil Nadu,Sale Deed,RS-DOC-0081-1,2024-10-03,Meenakshi Rao,4,c759f66d1ee16136d1b87956bfbce01f433aa44b1e37a22fd4c6d6f8153f52c2,Verified,1,1,1,0,0,0,0,0,Synthetic development/demo dataset
RS-PROP-0081,USR-1046,Meenakshi Sundaram,USR-1046,USR-1041,SUR-834/82,4800.0,"Keelkattalai, Guindy, Chennai",Chennai,Tamil Nadu,Land Record,RS-DOC-0081-2,2024-10-03,Meenakshi Rao,4,b330401f724dae51803da96f79ed105dd1b906f0ae459f138a8a0e8fc0c44f46,Verified,1,1,1,0,0,0,0,0,Synthetic development/demo dataset
RS-PROP-0081,USR-1046,Meenakshi Sundaram,USR-1046,USR-1041,SUR-834/82,4800.0,"Keelkattalai, Guindy, Chennai",Chennai,Tamil Nadu,Encumbrance Certificate,RS-DOC-0081-3,2024-10-03,Meenakshi Rao,4,6e301513a177d7bb7eba010d6f2cdc5993d23d42511e3be06d560c3bf4ed90fd,Verified,1,1,1,0,0,0,0,0,Synthetic development/demo dataset
RS-PROP-0081,USR-1046,Meenakshi Sundaram,USR-1046,USR-1041,SUR-834/82,4800.0,"Keelkattalai, Guindy, Chennai",Chennai,Tamil Nadu,Property Tax Receipt,RS-DOC-0081-4,2024-10-03,Meenakshi Rao,4,59bd72dc83f0324c00e61472a94f73f4784af5fbf4aa15ea25fde45f3fb59ec3,Verified,1,1,1,0,0,0,0,0,Synthetic development/demo dataset
RS-PROP-0082,USR-1048,Balaji Subramanian,USR-1048,USR-1043,SUR-630/3C,1800.0,"Saravanampatti, Coimbatore South, Coimbatore",Coimbatore,Tamil Nadu,Sale Deed,RS-DOC-0082-1,2020-12-08,Dinesh Balasubramanian,3,d317826376b373b5693c115aeed218dff276fdeb3e86baaff306c04a9b7d70f1,Verified,1,1,1,0,0,1,0,0,Synthetic development/demo dataset
RS-PROP-0082,USR-1048,Balaji Subramanian,USR-1048,USR-1043,SUR-630/3C,1800.0,"Saravanampatti, Coimbatore South, Coimbatore",Coimbatore,Tamil Nadu,Land Record,RS-DOC-0082-2,2020-12-08,Dinesh Balasubramanian,3,0e0405024177571aa4dc486674510c4456d847ca572d4bd6d9d30b4c2f180972,Verified,1,1,1,0,0,1,0,0,Synthetic development/demo dataset
RS-PROP-0082,USR-1048,Balaji Subramanian,USR-1048,USR-1043,SUR-630/3C,1800.0,"Saravanampatti, Coimbatore South, Coimbatore",Coimbatore,Tamil Nadu,Encumbrance Certificate,RS-DOC-0082-3,2020-12-08,Dinesh Balasubramanian,3,11ff21196bebd221d99b0b85921dd190c6bbbf4d0303bb7032b6aa8436d5f4fe,Verified,1,1,1,0,0,1,0,0,Synthetic development/demo dataset
RS-PROP-0083,USR-1050,Bhavani Srinivasan,USR-1050,USR-1045,SUR-146/5B,4800.0,"Madipakkam, Tambaram, Chennai",Chennai,Tamil Nadu,Sale Deed,RS-DOC-0083-1,2023-01-16,Manoj Pillai,2,365e8f3cba161de9d3849334a8e43ccac80cb5f0025f5d34e50a5f075fd8a0c6,Verified,1,1,1,0,0,0,0,0,Synthetic development/demo dataset
RS-PROP-0083,USR-1050,Bhavani Srinivasan,USR-1050,USR-1045,SUR-146/5B,4800.0,"Madipakkam, Tambaram, Chennai",Chennai,Tamil Nadu,Land Record,RS-DOC-0083-2,2023-01-16,Manoj Pillai,2,31bd6087771b879491a81edccbf5155e7ebe8e98b03ece12c391010de36346d1,Verified,1,1,1,0,0,0,0,0,Synthetic development/demo dataset
RS-PROP-0083,USR-1050,Bhavani Srinivasan,USR-1050,USR-1045,SUR-146/5B,4800.0,"Madipakkam, Tambaram, Chennai",Chennai,Tamil Nadu,Encumbrance Certificate,RS-DOC-0083-3,2023-01-16,Manoj Pillai,2,c874a16204d2920afa12ba023ecf35fdc4b10e1c8fe1be742ee0c4ad8bfdc772,Verified,1,1,1,0,0,0,0,0,Synthetic development/demo dataset
RS-PROP-0084,USR-1052,Suresh Krishnan,USR-1052,USR-1047,SUR-575/4C,1800.0,"Kovaipudur, Sulur, Coimbatore",Coimbatore,Tamil Nadu,Sale Deed,RS-DOC-0084-1,2024-12-11,Dinesh Gopal,3,5c56ad35726e19819ece3fd3c41439fabb70b8d0e1cf793e3cd359a1eb257d54,Verified,1,1,1,0,0,0,0,0,Synthetic development/demo dataset
RS-PROP-0084,USR-1052,Suresh Krishnan,USR-1052,USR-1047,SUR-575/4C,1800.0,"Kovaipudur, Sulur, Coimbatore",Coimbatore,Tamil Nadu,Land Record,RS-DOC-0084-2,2024-12-11,Dinesh Gopal,3,196b2c2832a999ed1635342d4b049f6e1f458c4bf9c84fd7b4f41a66d295e133,Verified,1,1,1,0,0,0,0,0,Synthetic development/demo dataset
RS-PROP-0084,USR-1052,Suresh Krishnan,USR-1052,USR-1047,SUR-575/4C,1800.0,"Kovaipudur, Sulur, Coimbatore",Coimbatore,Tamil Nadu,Encumbrance Certificate,RS-DOC-0084-3,2024-12-11,Dinesh Gopal,3,6e0902c92b9c9b3341e31111665f53fb9c5ec42361989c0ba209bf4b93cb26d5,Verified,1,1,1,0,0,0,0,0,Synthetic development/demo dataset
RS-PROP-0084,USR-1052,Suresh Krishnan,USR-1052,USR-1047,SUR-575/4C,1800.0,"Kovaipudur, Sulur, Coimbatore",Coimbatore,Tamil Nadu,Property Tax Receipt,RS-DOC-0084-4,2024-12-11,Dinesh Gopal,3,d2fe15779ebb653033a55ac87ef5591325f5ca0285522a5f896b1d5158e2dde7,Verified,1,1,1,0,0,0,0,0,Synthetic development/demo dataset
RS-PROP-0085,USR-1054,Ramesh Murugan,USR-1054,USR-1049,SUR-199/1C,4800.0,"Peelamedu, Coimbatore North, Coimbatore",Coimbatore,Tamil Nadu,Sale Deed,RS-DOC-0085-1,2021-04-28,Lakshmi Rao,3,4c1f618583896d4134d633677f1b2b287d63362ecdbd93a457d3886c5c3bfcb7,Verified,1,1,0,0,0,0,0,0,Synthetic development/demo dataset
RS-PROP-0085,USR-1054,Ramesh Murugan,USR-1054,USR-1049,SUR-199/1C,4800.0,"Peelamedu, Coimbatore North, Coimbatore",Coimbatore,Tamil Nadu,Land Record,RS-DOC-0085-2,2021-04-28,Lakshmi Rao,3,43a846f70b172452ddaba95978a033b715de69459c811e1b4383844e15715ae4,Verified,1,1,0,0,0,0,0,0,Synthetic development/demo dataset
RS-PROP-0085,USR-1054,Ramesh Murugan,USR-1054,USR-1049,SUR-199/1C,4800.0,"Peelamedu, Coimbatore North, Coimbatore",Coimbatore,Tamil Nadu,Encumbrance Certificate,RS-DOC-0085-3,2021-04-28,Lakshmi Rao,3,9792db912afc5f359aff19f96872b36bfa01d490ef273cb80c9d305192a90acd,Verified,1,1,0,0,0,0,0,0,Synthetic development/demo dataset
RS-PROP-0085,USR-1054,Ramesh Murugan,USR-1054,USR-1049,SUR-199/1C,4800.0,"Peelamedu, Coimbatore North, Coimbatore",Coimbatore,Tamil Nadu,Property Tax Receipt,RS-DOC-0085-4,2021-04-28,Lakshmi Rao,3,7c37e4edeb708286c3f176b9ef76e382e01cdc08be6bddf7f145d7c1b2d5cb5f,Verified,1,1,0,0,0,0,0,0,Synthetic development/demo dataset
RS-PROP-0086,USR-1056,Harini Balasubramanian,USR-1056,USR-1051,SUR-697/6A,1200.0,"Peelamedu, Coimbatore North, Coimbatore",Coimbatore,Tamil Nadu,Sale Deed,RS-DOC-0086-1,2021-10-27,Vignesh Pillai,1,b9bc0eb4b52bec44725af426f1014060d1cc5df29b11888a1888fae5682c5e81,Verified,1,1,1,0,0,0,0,0,Synthetic development/demo dataset
RS-PROP-0086,USR-1056,Harini Balasubramanian,USR-1056,USR-1051,SUR-697/6A,1200.0,"Peelamedu, Coimbatore North, Coimbatore",Coimbatore,Tamil Nadu,Land Record,RS-DOC-0086-2,2021-10-27,Vignesh Pillai,1,dbb00a9479971008265523d578c5d335f7a91a88754105c0ef77a59eb730cda7,Verified,1,1,1,0,0,0,0,0,Synthetic development/demo dataset
RS-PROP-0086,USR-1056,Harini Balasubramanian,USR-1056,USR-1051,SUR-697/6A,1200.0,"Peelamedu, Coimbatore North, Coimbatore",Coimbatore,Tamil Nadu,Encumbrance Certificate,RS-DOC-0086-3,2021-10-27,Vignesh Pillai,1,910bb4ceeda0adca21afe90ad3470765d6d8eef546ad37044151256acb5ce70c,Verified,1,1,1,0,0,0,0,0,Synthetic development/demo dataset
RS-PROP-0087,USR-1058,Nandhini Gopal,USR-1058,USR-1053,SUR-882/4C,2400.0,"Guduvancheri, Vandalur, Chengalpattu",Chengalpattu,Tamil Nadu,Sale Deed,RS-DOC-0087-1,2020-02-13,Siddharth Ganesan,1,7a8747bc5a04e0319b6ab7f3d290ca5e146967f133ecc2f0f90ed06ab96ef7d7,Verified,1,1,1,1,0,0,0,1,Synthetic development/demo dataset
RS-PROP-0087,USR-1058,Nandhini Gopal,USR-1058,USR-1053,SUR-882/4C,2400.0,"Guduvancheri, Vandalur, Chengalpattu",Chengalpattu,Tamil Nadu,Land Record,RS-DOC-0087-2,2020-02-13,Siddharth Ganesan,1,b4836784ae5bece65ffdff1832885348f3c6d593832fa4dce68c9838ca40447c,Verified,1,1,1,1,0,0,0,1,Synthetic development/demo dataset
RS-PROP-0087,USR-1058,Nandhini Gopal,USR-1058,USR-1053,SUR-882/4C,2400.0,"Guduvancheri, Vandalur, Chengalpattu",Chengalpattu,Tamil Nadu,Encumbrance Certificate,RS-DOC-0087-3,2020-02-13,Siddharth Ganesan,1,7bb77bf24dd9309b766c968acafd0398031e9d25b56a1bf537f8aa08d268f510,Verified,1,1,1,1,0,0,0,1,Synthetic development/demo dataset
RS-PROP-0087,USR-1058,Nandhini Gopal,USR-1058,USR-1053,SUR-882/4C,2400.0,"Guduvancheri, Vandalur, Chengalpattu",Chengalpattu,Tamil Nadu,Property Tax Receipt,RS-DOC-0087-4,2020-02-13,Siddharth Ganesan,1,a31f1eadeb270c5a0a4d3401199fc6fd71811d662c6fbf598eced45a11d40882,Verified,1,1,1,1,0,0,0,1,Synthetic development/demo dataset
RS-PROP-0088,USR-1001,Bhavani Ganesan,USR-1001,USR-1055,SUR-716/91,9600.0,"Oragadam, Kanchipuram, Kanchipuram",Kanchipuram,Tamil Nadu,Sale Deed,RS-DOC-0088-1,2018-01-05,Bhavani Thyagarajan,4,7e9ab16d1ca727c510bad7621ef28906f3dc6d1abff56b30415e4ed55f477f38,Verified,1,1,0,0,0,0,0,0,Synthetic development/demo dataset
RS-PROP-0088,USR-1001,Bhavani Ganesan,USR-1001,USR-1055,SUR-716/91,9600.0,"Oragadam, Kanchipuram, Kanchipuram",Kanchipuram,Tamil Nadu,Land Record,RS-DOC-0088-2,2018-01-05,Bhavani Thyagarajan,4,f37d9be5c9977d29d41a9b4835053d6eeee85b17ca5302966da298ad942e5de3,Verified,1,1,0,0,0,0,0,0,Synthetic development/demo dataset
RS-PROP-0088,USR-1001,Bhavani Ganesan,USR-1001,USR-1055,SUR-716/91,9600.0,"Oragadam, Kanchipuram, Kanchipuram",Kanchipuram,Tamil Nadu,Encumbrance Certificate,RS-DOC-0088-3,2018-01-05,Bhavani Thyagarajan,4,fefb427ab725af1764b5b2f48ec52dded43c60ce741b1a0247f13a83e700ad81,Verified,1,1,0,0,0,0,0,0,Synthetic development/demo dataset
RS-PROP-0088,USR-1001,Bhavani Ganesan,USR-1001,USR-1055,SUR-716/91,9600.0,"Oragadam, Kanchipuram, Kanchipuram",Kanchipuram,Tamil Nadu,Property Tax Receipt,RS-DOC-0088-4,2018-01-05,Bhavani Thyagarajan,4,20b3675ce42fdc4d07f697062b65f070dc9a0a6b61c7837a29ce0a5c078bfa24,Verified,1,1,0,0,0,0,0,0,Synthetic development/demo dataset
RS-PROP-0089,USR-1003,Uma Srinivasan,USR-1003,USR-1057,SUR-477/6A,4800.0,"Irungattukottai, Kundrathur, Kanchipuram",Kanchipuram,Tamil Nadu,Sale Deed,RS-DOC-0089-1,2020-12-28,Priya Thyagarajan,2,22df2842923a6e57a1368abfd63bfcc70fe0b4edb540684ee7b978ab45e46dfd,Verified,1,1,1,0,0,0,0,0,Synthetic development/demo dataset
RS-PROP-0089,USR-1003,Uma Srinivasan,USR-1003,USR-1057,SUR-477/6A,4800.0,"Irungattukottai, Kundrathur, Kanchipuram",Kanchipuram,Tamil Nadu,Land Record,RS-DOC-0089-2,2020-12-28,Priya Thyagarajan,2,1ccf611c3c27438ce61223dcced12365163eabcd3141e7b2b5ceeb59f2bc6a37,Verified,1,1,1,0,0,0,0,0,Synthetic development/demo dataset
RS-PROP-0089,USR-1003,Uma Srinivasan,USR-1003,USR-1057,SUR-477/6A,4800.0,"Irungattukottai, Kundrathur, Kanchipuram",Kanchipuram,Tamil Nadu,Encumbrance Certificate,RS-DOC-0089-3,2020-12-28,Priya Thyagarajan,2,b2f6d2bbbf4adf8ee28e603335dc16a4573525b56691caa3b3847ca9ad22b060,Verified,1,1,1,0,0,0,0,0,Synthetic development/demo dataset
RS-PROP-0090,USR-1005,Aravind Subramanian,USR-1005,USR-1059,SUR-686/2B,1200.0,"Kallakudi, Srirangam, Tiruchirappalli",Tiruchirappalli,Tamil Nadu,Sale Deed,RS-DOC-0090-1,2020-07-05,Madhavan Iyer,4,c6a8332878427e565f63c220e83d1c3853e57f6f8bbf943dfcb2a6ae2263c5c6,Verified,1,1,1,0,0,0,0,0,Synthetic development/demo dataset
RS-PROP-0090,USR-1005,Aravind Subramanian,USR-1005,USR-1059,SUR-686/2B,1200.0,"Kallakudi, Srirangam, Tiruchirappalli",Tiruchirappalli,Tamil Nadu,Land Record,RS-DOC-0090-2,2020-07-05,Madhavan Iyer,4,63e1997ac9de76dd65ac403b4442e6633ca469cf7b13b4f87668dbc4d14bea56,Verified,1,1,1,0,0,0,0,0,Synthetic development/demo dataset
RS-PROP-0090,USR-1005,Aravind Subramanian,USR-1005,USR-1059,SUR-686/2B,1200.0,"Kallakudi, Srirangam, Tiruchirappalli",Tiruchirappalli,Tamil Nadu,Encumbrance Certificate,RS-DOC-0090-3,2020-07-05,Madhavan Iyer,4,b3696f281e699fb7a16462499446c86ce0260f6c0b0e05fe147f11287ec833d7,Verified,1,1,1,0,0,0,0,0,Synthetic development/demo dataset
RS-PROP-0091,USR-1008,Rajesh Thyagarajan,USR-1008,USR-1002,SUR-277/82,3600.0,"Othakadai, Melur, Madurai",Madurai,Tamil Nadu,Sale Deed,RS-DOC-0091-1,2020-11-25,Ganesh Thyagarajan,4,1c1afcb7c2f280bc4e12184543af2a3ae590d924de41c60fe0f511048c309010,Verified,1,1,1,0,0,1,0,0,Synthetic development/demo dataset
RS-PROP-0091,USR-1008,Rajesh Thyagarajan,USR-1008,USR-1002,SUR-277/82,3600.0,"Othakadai, Melur, Madurai",Madurai,Tamil Nadu,Land Record,RS-DOC-0091-2,2020-11-25,Ganesh Thyagarajan,4,fe81f17d2d9b37e9c7c7b32e90e96e40f56cd6f9cd1e6643ccfba26679d6d404,Verified,1,1,1,0,0,1,0,0,Synthetic development/demo dataset
RS-PROP-0091,USR-1008,Rajesh Thyagarajan,USR-1008,USR-1002,SUR-277/82,3600.0,"Othakadai, Melur, Madurai",Madurai,Tamil Nadu,Encumbrance Certificate,RS-DOC-0091-3,2020-11-25,Ganesh Thyagarajan,4,704cdd7380eba1b426ae53e08832a8cdb8ea176381a7d7f0762b4b7cf5d0c18e,Verified,1,1,1,0,0,1,0,0,Synthetic development/demo dataset
RS-PROP-0092,USR-1010,Uma Rao,USR-1010,USR-1004,SUR-914/5C,1500.0,"Singanallur, Pollachi, Coimbatore",Coimbatore,Tamil Nadu,Sale Deed,RS-DOC-0092-1,2023-09-13,Harini Reddy,3,b664133d71db794bb5d55bf8cf96843ff4f843ae5b29e1fbd637f1416ef0e129,Verified,1,0,1,0,0,0,0,1,Synthetic development/demo dataset
RS-PROP-0092,USR-1010,Uma Rao,USR-1010,USR-1004,SUR-914/5C,1500.0,"Singanallur, Pollachi, Coimbatore",Coimbatore,Tamil Nadu,Land Record,RS-DOC-0092-2,2023-09-13,Harini Reddy,3,5bc40156c120d836478e65a52694ac7b5c5305539677d5acb522dfc1b551588e,Verified,1,0,1,0,0,0,0,1,Synthetic development/demo dataset
RS-PROP-0092,USR-1010,Uma Rao,USR-1010,USR-1004,SUR-914/5C,1500.0,"Singanallur, Pollachi, Coimbatore",Coimbatore,Tamil Nadu,Encumbrance Certificate,RS-DOC-0092-3,2023-09-13,Harini Reddy,3,2f5b5ff2027e7b28efd50bd6e875a883521049afa20586e11bd5bfcdc370b202,Verified,1,0,1,0,0,0,0,1,Synthetic development/demo dataset
RS-PROP-0092,USR-1010,Uma Rao,USR-1010,USR-1004,SUR-914/5C,1500.0,"Singanallur, Pollachi, Coimbatore",Coimbatore,Tamil Nadu,Property Tax Receipt,RS-DOC-0092-4,2023-09-13,Harini Reddy,3,654c22046df038a03fda22c0e34c551cf72ef112d145c1a38f4bd6f5ba46085e,Verified,1,0,1,0,0,0,0,1,Synthetic development/demo dataset
RS-PROP-0093,USR-1012,Revathi Ganesan,USR-1012,USR-1006,SUR-211/4B,1200.0,"Kattur, Lalgudi, Tiruchirappalli",Tiruchirappalli,Tamil Nadu,Sale Deed,RS-DOC-0093-1,2022-04-21,Sundar Ramesh,4,41e377d131eb93635893afc1552114c0d5247795c342c7bc04bdf34d7ed53d30,Verified,1,1,0,1,0,1,1,1,Synthetic development/demo dataset
RS-PROP-0094,USR-1014,Vijay Pillai,USR-1014,USR-1007,SUR-887/22,2400.0,"Irungattukottai, Walajabad, Kanchipuram",Kanchipuram,Tamil Nadu,Sale Deed,RS-DOC-0094-1,2023-12-28,Karthik Krishnan,2,6d8c8325abb165abd18951022bdfc1f977ad01ebdb40dc042b003852bfd5eeaf,Verified,1,1,1,0,0,0,0,0,Synthetic development/demo dataset
RS-PROP-0094,USR-1014,Vijay Pillai,USR-1014,USR-1007,SUR-887/22,2400.0,"Irungattukottai, Walajabad, Kanchipuram",Kanchipuram,Tamil Nadu,Land Record,RS-DOC-0094-2,2023-12-28,Karthik Krishnan,2,ccc6ba4e494cb71287484701c9c6df722ca862e6147ab05aa775025c114606fb,Verified,1,1,1,0,0,0,0,0,Synthetic development/demo dataset
RS-PROP-0094,USR-1014,Vijay Pillai,USR-1014,USR-1007,SUR-887/22,2400.0,"Irungattukottai, Walajabad, Kanchipuram",Kanchipuram,Tamil Nadu,Encumbrance Certificate,RS-DOC-0094-3,2023-12-28,Karthik Krishnan,2,b269399492a045221640e5bef178596b3de590fe1413d73d8a5f36f16d07b0ca,Verified,1,1,1,0,0,0,0,0,Synthetic development/demo dataset
RS-PROP-0095,USR-1016,Balaji Pillai,USR-1016,USR-1009,SUR-681/2C,3000.0,"Pallavaram, Tambaram, Chennai",Chennai,Tamil Nadu,Sale Deed,RS-DOC-0095-1,2023-09-17,Uma Subramanian,4,574621a9128f5721e5168995fdbcc2452bf6896c2ea899042aa0dcbde6c978fe,Verified,1,0,1,0,0,0,0,1,Synthetic development/demo dataset
RS-PROP-0095,USR-1016,Balaji Pillai,USR-1016,USR-1009,SUR-681/2C,3000.0,"Pallavaram, Tambaram, Chennai",Chennai,Tamil Nadu,Land Record,RS-DOC-0095-2,2023-09-17,Uma Subramanian,4,8e39a7c80ba76829e4d8a0c87a1d6aeae378b0d68592d2e864f4314c6572b0f3,Verified,1,0,1,0,0,0,0,1,Synthetic development/demo dataset
RS-PROP-0095,USR-1016,Balaji Pillai,USR-1016,USR-1009,SUR-681/2C,3000.0,"Pallavaram, Tambaram, Chennai",Chennai,Tamil Nadu,Encumbrance Certificate,RS-DOC-0095-3,2023-09-17,Uma Subramanian,4,5347a3e368068db9b28bf24a5ba971724dbf1f5d2445ee15b430187d3c5259c4,Verified,1,0,1,0,0,0,0,1,Synthetic development/demo dataset
RS-PROP-0096,USR-1018,Manoj Srinivasan,USR-1018,USR-1011,SUR-725/71,9600.0,"Kattur, Srirangam, Tiruchirappalli",Tiruchirappalli,Tamil Nadu,Sale Deed,RS-DOC-0096-1,2018-07-22,Ananya Krishnan,3,4b9ffe31df31f9f9a7beec7339078bdd1b4c6590c3704095aaf654c31e1f0956,Verified,1,1,1,0,1,0,0,1,Synthetic development/demo dataset
RS-PROP-0096,USR-1018,Manoj Srinivasan,USR-1018,USR-1011,SUR-725/71,9600.0,"Kattur, Srirangam, Tiruchirappalli",Tiruchirappalli,Tamil Nadu,Land Record,RS-DOC-0096-2,2018-07-22,Ananya Krishnan,3,86334ef64c03446036137550259fecad46973345da54c8b065bdf942f2aa8df9,Verified,1,1,1,0,1,0,0,1,Synthetic development/demo dataset
RS-PROP-0096,USR-1018,Manoj Srinivasan,USR-1018,USR-1011,SUR-725/71,9600.0,"Kattur, Srirangam, Tiruchirappalli",Tiruchirappalli,Tamil Nadu,Encumbrance Certificate,RS-DOC-0096-3,2018-07-22,Ananya Krishnan,3,ca0ea0b14d808de5ddd23f578411926f27e66b5129024664c00c47e99ec74030,Verified,1,1,1,0,1,0,0,1,Synthetic development/demo dataset
RS-PROP-0097,USR-1020,Arun Murugan,USR-1020,USR-1013,SUR-163/21,3000.0,"Kattur, Lalgudi, Tiruchirappalli",Tiruchirappalli,Tamil Nadu,Sale Deed,RS-DOC-0097-1,2021-11-17,Kavitha Natarajan,3,a147cc4faa29cd1d2b389f6436d2ad66e912b3c93f00d3ffcaaf58a91a87a16a,Verified,1,1,1,0,0,0,0,0,Synthetic development/demo dataset
RS-PROP-0097,USR-1020,Arun Murugan,USR-1020,USR-1013,SUR-163/21,3000.0,"Kattur, Lalgudi, Tiruchirappalli",Tiruchirappalli,Tamil Nadu,Land Record,RS-DOC-0097-2,2021-11-17,Kavitha Natarajan,3,09f4b29b059c2366ec141a4e762eb267e451fb5b28e6347d405645c6710c3add,Verified,1,1,1,0,0,0,0,0,Synthetic development/demo dataset
RS-PROP-0097,USR-1020,Arun Murugan,USR-1020,USR-1013,SUR-163/21,3000.0,"Kattur, Lalgudi, Tiruchirappalli",Tiruchirappalli,Tamil Nadu,Encumbrance Certificate,RS-DOC-0097-3,2021-11-17,Kavitha Natarajan,3,6be2f04e4d02ae839b6e6cd4ae8f0c808a7adc085caa4c34f958bdd914ca8db3,Verified,1,1,1,0,0,0,0,0,Synthetic development/demo dataset
RS-PROP-0098,USR-1022,Gayathri Reddy,USR-1022,USR-1015,SUR-921/4B,1500.0,"Singanallur, Sulur, Coimbatore",Coimbatore,Tamil Nadu,Sale Deed,RS-DOC-0098-1,2021-09-23,Nandhini Sundaram,4,52e931c96f103d58abcedea0cf18febbd81276c7fa6d3a929cd6521d69177d5c,Verified,1,1,1,0,1,0,0,1,Synthetic development/demo dataset
RS-PROP-0098,USR-1022,Gayathri Reddy,USR-1022,USR-1015,SUR-921/4B,1500.0,"Singanallur, Sulur, Coimbatore",Coimbatore,Tamil Nadu,Land Record,RS-DOC-0098-2,2021-09-23,Nandhini Sundaram,4,bd5f6b94f448ea7c5099c4d0bf80566f680e4c4cf950dc8407314dd9c62e7c02,Verified,1,1,1,0,1,0,0,1,Synthetic development/demo dataset
RS-PROP-0098,USR-1022,Gayathri Reddy,USR-1022,USR-1015,SUR-921/4B,1500.0,"Singanallur, Sulur, Coimbatore",Coimbatore,Tamil Nadu,Encumbrance Certificate,RS-DOC-0098-3,2021-09-23,Nandhini Sundaram,4,6b8aed31afcf46f88825f42153fc48baa17533710bd10b26ef695557f3e7623e,Verified,1,1,1,0,1,0,0,1,Synthetic development/demo dataset
RS-PROP-0099,USR-1024,Siddharth Ramesh,USR-1024,USR-1017,SUR-525/82,1200.0,"Singanallur, Coimbatore North, Coimbatore",Coimbatore,Tamil Nadu,Sale Deed,RS-DOC-0099-1,2021-11-26,Kavitha Kumar,3,abc35fe6b73996fd5282319ca4959c4909e7aff20e6cac21e1f8a480c71217df,Verified,1,1,1,0,0,0,0,0,Synthetic development/demo dataset
RS-PROP-0099,USR-1024,Siddharth Ramesh,USR-1024,USR-1017,SUR-525/82,1200.0,"Singanallur, Coimbatore North, Coimbatore",Coimbatore,Tamil Nadu,Land Record,RS-DOC-0099-2,2021-11-26,Kavitha Kumar,3,77317c5bc3cf9547a15703d4f90d8e53751de59f95b9629787e528d5c750c8a8,Verified,1,1,1,0,0,0,0,0,Synthetic development/demo dataset
RS-PROP-0099,USR-1024,Siddharth Ramesh,USR-1024,USR-1017,SUR-525/82,1200.0,"Singanallur, Coimbatore North, Coimbatore",Coimbatore,Tamil Nadu,Encumbrance Certificate,RS-DOC-0099-3,2021-11-26,Kavitha Kumar,3,37cfc494b5cfe9dad3f30b335cc15627b8ed87457f557efffaaa4b45510cfe9a,Verified,1,1,1,0,0,0,0,0,Synthetic development/demo dataset
RS-PROP-0099,USR-1024,Siddharth Ramesh,USR-1024,USR-1017,SUR-525/82,1200.0,"Singanallur, Coimbatore North, Coimbatore",Coimbatore,Tamil Nadu,Property Tax Receipt,RS-DOC-0099-4,2021-11-26,Kavitha Kumar,3,20543e1818e30177e53ed285dd2e48273d7fa340c6ca984e832fdd4d01e6cd04,Verified,1,1,1,0,0,0,0,0,Synthetic development/demo dataset
RS-PROP-0100,USR-1002,Priya Ramesh,USR-1002,USR-1004,SUR-102/3B,1800.0,"Madipakkam, Alandur, Chennai",Chennai,Tamil Nadu,Sale Deed,RS-DOC-0100-1,2023-01-10,Madhavan Reddy,1,9025a89755b9de0523614f1963693ebf96937a7b6aecbf9d15091f9431b0b63c,Verified,1,1,1,0,0,0,0,0,Synthetic development/demo dataset
RS-PROP-0100,USR-1002,Priya Ramesh,USR-1002,USR-1004,SUR-102/3B,1800.0,"Madipakkam, Alandur, Chennai",Chennai,Tamil Nadu,Land Record,RS-DOC-0100-2,2023-01-10,Madhavan Reddy,1,7aa766a5b8801b0d92c4afe3452ebe68b8456fbe2b5d8661e7b37ad3b39c842f,Verified,1,1,1,0,0,0,0,0,Synthetic development/demo dataset
RS-PROP-0100,USR-1002,Priya Ramesh,USR-1002,USR-1004,SUR-102/3B,1800.0,"Madipakkam, Alandur, Chennai",Chennai,Tamil Nadu,Encumbrance Certificate,RS-DOC-0100-3,2023-01-10,Madhavan Reddy,1,2b2d03ec92d14f8586a8ab2bc89128e439339e8b80f46966fa294ac67665d2fa,Verified,1,1,1,0,0,0,0,0,Synthetic development/demo dataset
RS-PROP-0100,USR-1002,Priya Ramesh,USR-1002,USR-1004,SUR-102/3B,1800.0,"Madipakkam, Alandur, Chennai",Chennai,Tamil Nadu,Property Tax Receipt,RS-DOC-0100-4,2023-01-10,Madhavan Reddy,1,4f4e2bfc8d19a1df985f3c757083194a51c927202ed2282902f01e15ecceb7af,Verified,1,1,1,0,0,0,0,0,Synthetic development/demo dataset
RS-PROP-0101,USR-1028,Meenakshi Reddy,USR-1028,USR-1021,SUR-502/9B,2400.0,"Adambakkam, Alandur, Chennai",Chennai,Tamil Nadu,Sale Deed,RS-DOC-0101-1,2024-01-10,Gayathri Ganesan,4,bb47fb552bcd45b4130a3da4af78c97f18a03f38129779f10faf5624e0dfeadd,Verified,1,1,1,0,0,0,0,0,Synthetic development/demo dataset
RS-PROP-0101,USR-1028,Meenakshi Reddy,USR-1028,USR-1021,SUR-502/9B,2400.0,"Adambakkam, Alandur, Chennai",Chennai,Tamil Nadu,Land Record,RS-DOC-0101-2,2024-01-10,Gayathri Ganesan,4,9898129ca887eca70cd4aeccff52e3d23c402a4a90b1354dbce019d55c92a130,Verified,1,1,1,0,0,0,0,0,Synthetic development/demo dataset
RS-PROP-0101,USR-1028,Meenakshi Reddy,USR-1028,USR-1021,SUR-502/9B,2400.0,"Adambakkam, Alandur, Chennai",Chennai,Tamil Nadu,Encumbrance Certificate,RS-DOC-0101-3,2024-01-10,Gayathri Ganesan,4,b6ee998642ad2277004f519e1ab041f49896612eef62811b3c57eda93f5f6775,Verified,1,1,1,0,0,0,0,0,Synthetic development/demo dataset
RS-PROP-0101,USR-1028,Meenakshi Reddy,USR-1028,USR-1021,SUR-502/9B,2400.0,"Adambakkam, Alandur, Chennai",Chennai,Tamil Nadu,Property Tax Receipt,RS-DOC-0101-4,2024-01-10,Gayathri Ganesan,4,bb48d6365df0ab3b155c98177ab38149822e724ee6750beb48a0e7eb5a64c3b8,Verified,1,1,1,0,0,0,0,0,Synthetic development/demo dataset
RS-PROP-0102,USR-1030,Revathi Iyer,USR-1030,USR-1023,SUR-928/72,1200.0,"Kallakudi, Tiruchirappalli West, Tiruchirappalli",Tiruchirappalli,Tamil Nadu,Sale Deed,RS-DOC-0102-1,2019-02-04,Karthik Swaminathan,1,3f33cf60d52d63b90202d914b25ddccd05f4464bd6a828e3e70ec37ce8144253,Verified,0,1,1,0,0,0,0,1,Synthetic development/demo dataset
RS-PROP-0102,USR-1030,Revathi Iyer,USR-1030,USR-1023,SUR-928/72,1200.0,"Kallakudi, Tiruchirappalli West, Tiruchirappalli",Tiruchirappalli,Tamil Nadu,Land Record,RS-DOC-0102-2,2019-02-04,Karthik Swaminathan,1,792e55bcad6a0cd0263fdcf13a9f522a7859d13e6821b4e25a717f042efb01b3,Verified,0,1,1,0,0,0,0,1,Synthetic development/demo dataset
RS-PROP-0102,USR-1030,Revathi Iyer,USR-1030,USR-1023,SUR-928/72,1200.0,"Kallakudi, Tiruchirappalli West, Tiruchirappalli",Tiruchirappalli,Tamil Nadu,Encumbrance Certificate,RS-DOC-0102-3,2019-02-04,Karthik Swaminathan,1,9254745ceaad41c8f9c259dd42cbf742baf73481aadd1b602a9422d8ff48cd41,Verified,0,1,1,0,0,0,0,1,Synthetic development/demo dataset
RS-PROP-0103,USR-1032,Manoj Chandran,USR-1032,USR-1025,SUR-342/5B,9600.0,"Srirangam Central, Lalgudi, Tiruchirappalli",Tiruchirappalli,Tamil Nadu,Sale Deed,RS-DOC-0103-1,2021-05-09,Suresh Ganesan,2,f0790a05b585b3c2eded7d59d96c22257e9f040d71fc7c9a28d5b2eb21ad3dd1,Verified,1,1,1,0,0,0,0,0,Synthetic development/demo dataset
RS-PROP-0103,USR-1032,Manoj Chandran,USR-1032,USR-1025,SUR-342/5B,9600.0,"Srirangam Central, Lalgudi, Tiruchirappalli",Tiruchirappalli,Tamil Nadu,Land Record,RS-DOC-0103-2,2021-05-09,Suresh Ganesan,2,f863bd8879344cd993ae588637b1eb8f6e2d96180add19e1069e0f69ee4befaa,Verified,1,1,1,0,0,0,0,0,Synthetic development/demo dataset
RS-PROP-0103,USR-1032,Manoj Chandran,USR-1032,USR-1025,SUR-342/5B,9600.0,"Srirangam Central, Lalgudi, Tiruchirappalli",Tiruchirappalli,Tamil Nadu,Encumbrance Certificate,RS-DOC-0103-3,2021-05-09,Suresh Ganesan,2,065c5d64c7730ce087bf321e52bf899f8fb772b8813a6c77383b37643ffdbd4f,Verified,1,1,1,0,0,0,0,0,Synthetic development/demo dataset
RS-PROP-0104,USR-1034,Dinesh Gopal,USR-1034,USR-1027,SUR-518/3C,4800.0,"Thiruparankundram, Thirumangalam, Madurai",Madurai,Tamil Nadu,Sale Deed,RS-DOC-0104-1,2024-09-16,Swetha Chandran,2,58002e25edb84c37034d7ecc36fb3bf139a6c2b681ea608c9d8a21b9b5e238d9,Verified,1,1,1,0,0,0,0,0,Synthetic development/demo dataset
RS-PROP-0104,USR-1034,Dinesh Gopal,USR-1034,USR-1027,SUR-518/3C,4800.0,"Thiruparankundram, Thirumangalam, Madurai",Madurai,Tamil Nadu,Land Record,RS-DOC-0104-2,2024-09-16,Swetha Chandran,2,587466978fa916f5f02b39383c3272d6e7836d906d3aab48fd044d176d2bde5b,Verified,1,1,1,0,0,0,0,0,Synthetic development/demo dataset
RS-PROP-0104,USR-1034,Dinesh Gopal,USR-1034,USR-1027,SUR-518/3C,4800.0,"Thiruparankundram, Thirumangalam, Madurai",Madurai,Tamil Nadu,Encumbrance Certificate,RS-DOC-0104-3,2024-09-16,Swetha Chandran,2,bb0f2f28c1e6ac8d0ce48175b02b67ed93aa862e262eacefc87356fc5ab8e031,Verified,1,1,1,0,0,0,0,0,Synthetic development/demo dataset
RS-PROP-0105,USR-1036,Madhavan Ganesan,USR-1036,USR-1029,SUR-348/5B,3600.0,"Thiruparankundram, Madurai South, Madurai",Madurai,Tamil Nadu,Sale Deed,RS-DOC-0105-1,2018-08-28,Nandhini Sundaram,2,2b16accba97b2eea666cb58a268842c96d8ea0d5c116e87fd2bd90956f848c98,Verified,0,0,1,0,0,0,0,1,Synthetic development/demo dataset
RS-PROP-0105,USR-1036,Madhavan Ganesan,USR-1036,USR-1029,SUR-348/5B,3600.0,"Thiruparankundram, Madurai South, Madurai",Madurai,Tamil Nadu,Land Record,RS-DOC-0105-2,2018-08-28,Nandhini Sundaram,2,4f0470e1703243b5461173fcbd311762ca630ea26bb4158bd3df3913034a4a05,Verified,0,0,1,0,0,0,0,1,Synthetic development/demo dataset
RS-PROP-0105,USR-1036,Madhavan Ganesan,USR-1036,USR-1029,SUR-348/5B,3600.0,"Thiruparankundram, Madurai South, Madurai",Madurai,Tamil Nadu,Encumbrance Certificate,RS-DOC-0105-3,2018-08-28,Nandhini Sundaram,2,649f5605ebd403cd940c2846ad7a8fda4f366a60b262fa46c720ee818e6f3b69,Verified,0,0,1,0,0,0,0,1,Synthetic development/demo dataset
RS-PROP-0106,USR-1038,Divya Thyagarajan,USR-1038,USR-1031,SUR-115/4B,1500.0,"Padur, Thiruporur, Chengalpattu",Chengalpattu,Tamil Nadu,Sale Deed,RS-DOC-0106-1,2024-08-08,Divya Gopal,3,212a0fe5690303e7f2e6d2aa3ba18ebaa77c4fc3147798d020767579fb75b342,Verified,1,1,1,0,0,0,0,0,Synthetic development/demo dataset
RS-PROP-0106,USR-1038,Divya Thyagarajan,USR-1038,USR-1031,SUR-115/4B,1500.0,"Padur, Thiruporur, Chengalpattu",Chengalpattu,Tamil Nadu,Land Record,RS-DOC-0106-2,2024-08-08,Divya Gopal,3,08f87e7db6c7c4d8902b7f004c1adb6827731ef990c5d06dcad474ece1cf13b5,Verified,1,1,1,0,0,0,0,0,Synthetic development/demo dataset
RS-PROP-0106,USR-1038,Divya Thyagarajan,USR-1038,USR-1031,SUR-115/4B,1500.0,"Padur, Thiruporur, Chengalpattu",Chengalpattu,Tamil Nadu,Encumbrance Certificate,RS-DOC-0106-3,2024-08-08,Divya Gopal,3,9abb55ed7f8cd4e38516e6572abca67bb0095d50b00e6579ed7281140e202737,Verified,1,1,1,0,0,0,0,0,Synthetic development/demo dataset
RS-PROP-0107,USR-1040,Dinesh Pillai,USR-1040,USR-1033,SUR-609/8A,5400.0,"Sunguvarchatram, Walajabad, Kanchipuram",Kanchipuram,Tamil Nadu,Sale Deed,RS-DOC-0107-1,2019-06-11,Madhavan Ramesh,2,b17a72a2674028834c2f2a87ff61892dab1ac9d2f33f87df8f3bf96d5cbb8984,Verified,1,1,1,0,0,0,0,0,Synthetic development/demo dataset
RS-PROP-0107,USR-1040,Dinesh Pillai,USR-1040,USR-1033,SUR-609/8A,5400.0,"Sunguvarchatram, Walajabad, Kanchipuram",Kanchipuram,Tamil Nadu,Land Record,RS-DOC-0107-2,2019-06-11,Madhavan Ramesh,2,12aa6614d9270961cc0128ddcda8cb44b73fbafb917ed6e70edac3b40b7732b4,Verified,1,1,1,0,0,0,0,0,Synthetic development/demo dataset
RS-PROP-0107,USR-1040,Dinesh Pillai,USR-1040,USR-1033,SUR-609/8A,5400.0,"Sunguvarchatram, Walajabad, Kanchipuram",Kanchipuram,Tamil Nadu,Encumbrance Certificate,RS-DOC-0107-3,2019-06-11,Madhavan Ramesh,2,2e16161e40ba2c1f3859c7492e7a9a2e85d310eab71a624a4ab113a9eb438901,Verified,1,1,1,0,0,0,0,0,Synthetic development/demo dataset
RS-PROP-0108,USR-1042,Madhavan Pillai,USR-1042,USR-1035,SUR-335/72,2400.0,"Padur, Chengalpattu, Chengalpattu",Chengalpattu,Tamil Nadu,Sale Deed,RS-DOC-0108-1,2022-11-22,Bhavani Murugan,4,7d7d4a6536a8d9e8d04b18cfbbc725b552a74ce173b04e21cc2ef31bf6666a15,Verified,1,1,1,0,0,0,0,0,Synthetic development/demo dataset
RS-PROP-0108,USR-1042,Madhavan Pillai,USR-1042,USR-1035,SUR-335/72,2400.0,"Padur, Chengalpattu, Chengalpattu",Chengalpattu,Tamil Nadu,Land Record,RS-DOC-0108-2,2022-11-22,Bhavani Murugan,4,53385bd774bd86a26734f2cffa070309015bfe5a82138b27358f4bf6598748be,Verified,1,1,1,0,0,0,0,0,Synthetic development/demo dataset
RS-PROP-0108,USR-1042,Madhavan Pillai,USR-1042,USR-1035,SUR-335/72,2400.0,"Padur, Chengalpattu, Chengalpattu",Chengalpattu,Tamil Nadu,Encumbrance Certificate,RS-DOC-0108-3,2022-11-22,Bhavani Murugan,4,e113a56b6b81fef71597e86d303b2ff0096f7ed1d0ded51e2f29a260414c2f38,Verified,1,1,1,0,0,0,0,0,Synthetic development/demo dataset
RS-PROP-0108,USR-1042,Madhavan Pillai,USR-1042,USR-1035,SUR-335/72,2400.0,"Padur, Chengalpattu, Chengalpattu",Chengalpattu,Tamil Nadu,Property Tax Receipt,RS-DOC-0108-4,2022-11-22,Bhavani Murugan,4,f54d9da9040f387b460c9e3bd8b4ae4760d7db7cbe3dd1d013d77d2bb3fa61f6,Verified,1,1,1,0,0,0,0,0,Synthetic development/demo dataset
RS-PROP-0109,USR-1044,Uma Krishnan,USR-1044,USR-1037,SUR-959/2A,1200.0,"Koodal Nagar, Madurai North, Madurai",Madurai,Tamil Nadu,Sale Deed,RS-DOC-0109-1,2019-11-08,Deepa Subramanian,2,5b2252a834546794455aac61b784d9b89b28a3888d36fb74a9d52369191e58ba,Verified,1,1,1,0,0,0,0,0,Synthetic development/demo dataset
RS-PROP-0109,USR-1044,Uma Krishnan,USR-1044,USR-1037,SUR-959/2A,1200.0,"Koodal Nagar, Madurai North, Madurai",Madurai,Tamil Nadu,Land Record,RS-DOC-0109-2,2019-11-08,Deepa Subramanian,2,5a2ffe6c7cc85ae0f6bbc1b9a9633a83eb604fa296151d3d9e08ae8229969d7b,Verified,1,1,1,0,0,0,0,0,Synthetic development/demo dataset
RS-PROP-0109,USR-1044,Uma Krishnan,USR-1044,USR-1037,SUR-959/2A,1200.0,"Koodal Nagar, Madurai North, Madurai",Madurai,Tamil Nadu,Encumbrance Certificate,RS-DOC-0109-3,2019-11-08,Deepa Subramanian,2,1d044c7a74a291bfe98060c56c60ff8e2bea8a9a7d293c25d7e3e4d1d9c2ee1e,Verified,1,1,1,0,0,0,0,0,Synthetic development/demo dataset
RS-PROP-0110,USR-1046,Vignesh Thyagarajan,USR-1046,USR-1039,SUR-664/7A,1200.0,"Adambakkam, Tambaram, Chennai",Chennai,Tamil Nadu,Sale Deed,RS-DOC-0110-1,2023-05-18,Manoj Kumar,4,8ebd34bbdd73bfb901f3b4505a2415703ce87899455cff14e9d3566f4abf7ae3,Verified,1,1,1,0,0,0,0,0,Synthetic development/demo dataset
RS-PROP-0110,USR-1046,Vignesh Thyagarajan,USR-1046,USR-1039,SUR-664/7A,1200.0,"Adambakkam, Tambaram, Chennai",Chennai,Tamil Nadu,Land Record,RS-DOC-0110-2,2023-05-18,Manoj Kumar,4,fc0fd9cf3288a7b99246011167bf0b4cd0b2548a80c679249d2c79d44d9335eb,Verified,1,1,1,0,0,0,0,0,Synthetic development/demo dataset
RS-PROP-0110,USR-1046,Vignesh Thyagarajan,USR-1046,USR-1039,SUR-664/7A,1200.0,"Adambakkam, Tambaram, Chennai",Chennai,Tamil Nadu,Encumbrance Certificate,RS-DOC-0110-3,2023-05-18,Manoj Kumar,4,e618efca976ca6cd9961e12e4d39c18dd2b52cf5ee1d84d47d0c3a50a7f3b0ff,Verified,1,1,1,0,0,0,0,0,Synthetic development/demo dataset
RS-PROP-0111,USR-1048,Saravanan Chandran,USR-1048,USR-1041,SUR-373/7A,3600.0,"Padur, Thiruporur, Chengalpattu",Chengalpattu,Tamil Nadu,Sale Deed,RS-DOC-0111-1,2021-10-08,Sundar Pillai,1,08b94fcca58209205afa57a4815acb716ad0685b0bebeb58a3dd266a609c4523,Verified,0,0,1,0,0,0,0,1,Synthetic development/demo dataset
RS-PROP-0111,USR-1048,Saravanan Chandran,USR-1048,USR-1041,SUR-373/7A,3600.0,"Padur, Thiruporur, Chengalpattu",Chengalpattu,Tamil Nadu,Land Record,RS-DOC-0111-2,2021-10-08,Sundar Pillai,1,786a9dd44c7af8c0f05b64d91a3db83e899d8821a5c8ff8cbde9787e9173d93d,Verified,0,0,1,0,0,0,0,1,Synthetic development/demo dataset
RS-PROP-0111,USR-1048,Saravanan Chandran,USR-1048,USR-1041,SUR-373/7A,3600.0,"Padur, Thiruporur, Chengalpattu",Chengalpattu,Tamil Nadu,Encumbrance Certificate,RS-DOC-0111-3,2021-10-08,Sundar Pillai,1,d411aeaea23dc94e14aeec2643d93a2a06ac29b92f08cb13f5386b270e82f01d,Verified,0,0,1,0,0,0,0,1,Synthetic development/demo dataset
RS-PROP-0112,USR-1050,Poornima Rao,USR-1050,USR-1043,SUR-335/42,5400.0,"Koodal Nagar, Madurai North, Madurai",Madurai,Tamil Nadu,Sale Deed,RS-DOC-0112-1,2018-02-22,Revathi Ganesan,1,e2beab567f76f3a351a406f715010cbb5b665bca6df0a81058f7b2a99ef3d86e,Verified,1,1,1,0,0,1,1,1,Synthetic development/demo dataset
RS-PROP-0113,USR-1052,Swetha Srinivasan,USR-1052,USR-1045,SUR-873/3A,9600.0,"Kovaipudur, Pollachi, Coimbatore",Coimbatore,Tamil Nadu,Sale Deed,RS-DOC-0113-1,2020-01-04,Poornima Chandran,3,ec164be71e82095191841af1e4c5473b0a78d6b811a212209214f1cffb7e467b,Verified,1,1,1,0,0,0,0,0,Synthetic development/demo dataset
RS-PROP-0113,USR-1052,Swetha Srinivasan,USR-1052,USR-1045,SUR-873/3A,9600.0,"Kovaipudur, Pollachi, Coimbatore",Coimbatore,Tamil Nadu,Land Record,RS-DOC-0113-2,2020-01-04,Poornima Chandran,3,02c0f38a17d9cadeffa2702fcf3fdf9413de1f502da631dec95f8d5d92861e33,Verified,1,1,1,0,0,0,0,0,Synthetic development/demo dataset
RS-PROP-0113,USR-1052,Swetha Srinivasan,USR-1052,USR-1045,SUR-873/3A,9600.0,"Kovaipudur, Pollachi, Coimbatore",Coimbatore,Tamil Nadu,Encumbrance Certificate,RS-DOC-0113-3,2020-01-04,Poornima Chandran,3,7d1ba974f6174c8768f60797a1e8f566cc7696af3abefb2eef2f19dc1cf0ebcd,Verified,1,1,1,0,0,0,0,0,Synthetic development/demo dataset
RS-PROP-0113,USR-1052,Swetha Srinivasan,USR-1052,USR-1045,SUR-873/3A,9600.0,"Kovaipudur, Pollachi, Coimbatore",Coimbatore,Tamil Nadu,Property Tax Receipt,RS-DOC-0113-4,2020-01-04,Poornima Chandran,3,a90a2b6232a26301395d6ad457ab3ee5a5c56fa571be2d9cba576aa3cf686b21,Verified,1,1,1,0,0,0,0,0,Synthetic development/demo dataset
RS-PROP-0114,USR-1054,Revathi Swaminathan,USR-1054,USR-1047,SUR-666/71,1800.0,"Gandhipuram, Coimbatore North, Coimbatore",Coimbatore,Tamil Nadu,Sale Deed,RS-DOC-0114-1,2022-11-13,Venkatesh Pillai,1,e9914334735fb7fe83cb7120c8bd658c1c7f7cb35e8628bd26e94634a2268ee6,Verified,1,1,0,0,0,0,0,0,Synthetic development/demo dataset
RS-PROP-0114,USR-1054,Revathi Swaminathan,USR-1054,USR-1047,SUR-666/71,1800.0,"Gandhipuram, Coimbatore North, Coimbatore",Coimbatore,Tamil Nadu,Land Record,RS-DOC-0114-2,2022-11-13,Venkatesh Pillai,1,c43ce5f56be60fece037a4ed7ee7db6d4b06bcef4c8e3f000df2c08a237c5955,Verified,1,1,0,0,0,0,0,0,Synthetic development/demo dataset
RS-PROP-0114,USR-1054,Revathi Swaminathan,USR-1054,USR-1047,SUR-666/71,1800.0,"Gandhipuram, Coimbatore North, Coimbatore",Coimbatore,Tamil Nadu,Encumbrance Certificate,RS-DOC-0114-3,2022-11-13,Venkatesh Pillai,1,8468cfc67f2dbbdc7d2b764c89fcd97ecc906b78eb13599d7421c382aea4c2f5,Verified,1,1,0,0,0,0,0,0,Synthetic development/demo dataset
RS-PROP-0114,USR-1054,Revathi Swaminathan,USR-1054,USR-1047,SUR-666/71,1800.0,"Gandhipuram, Coimbatore North, Coimbatore",Coimbatore,Tamil Nadu,Property Tax Receipt,RS-DOC-0114-4,2022-11-13,Venkatesh Pillai,1,44db1b98d2fed36aedc04f22a0ec4c847e3b2a36d744afc3c489435c39148af7,Verified,1,1,0,0,0,0,0,0,Synthetic development/demo dataset
RS-PROP-0115,USR-1056,Venkatesh Kumar,USR-1056,USR-1049,SUR-879/5A,1800.0,"Mangadu, Kundrathur, Kanchipuram",Kanchipuram,Tamil Nadu,Sale Deed,RS-DOC-0115-1,2019-07-15,Madhavan Natarajan,1,a2264006efbe8fdf55f437a5acfea55049bdb3042ed485c4e18b7b34a5886783,Verified,1,1,1,0,0,0,0,0,Synthetic development/demo dataset
RS-PROP-0115,USR-1056,Venkatesh Kumar,USR-1056,USR-1049,SUR-879/5A,1800.0,"Mangadu, Kundrathur, Kanchipuram",Kanchipuram,Tamil Nadu,Land Record,RS-DOC-0115-2,2019-07-15,Madhavan Natarajan,1,1d9ba6f75dbf89770d60553cde444402a4ecf4d5585fa13d13cdab494a7ce5c3,Verified,1,1,1,0,0,0,0,0,Synthetic development/demo dataset
RS-PROP-0115,USR-1056,Venkatesh Kumar,USR-1056,USR-1049,SUR-879/5A,1800.0,"Mangadu, Kundrathur, Kanchipuram",Kanchipuram,Tamil Nadu,Encumbrance Certificate,RS-DOC-0115-3,2019-07-15,Madhavan Natarajan,1,c50af847058abc737042a5218129639d01ec0d3497e399a74908b192227bc8da,Verified,1,1,1,0,0,0,0,0,Synthetic development/demo dataset
RS-PROP-0116,USR-1058,Rajesh Gopal,USR-1058,USR-1051,SUR-497/22,2400.0,"Keelkattalai, Guindy, Chennai",Chennai,Tamil Nadu,Sale Deed,RS-DOC-0116-1,2022-03-22,Aravind Krishnan,3,02ad578dec115068bb8343ebb97f354cbcc5df4379523b56e292e024daca1fb6,Verified,1,1,0,0,0,1,1,1,Synthetic development/demo dataset
RS-PROP-0117,USR-1001,Swetha Thyagarajan,USR-1001,USR-1053,SUR-209/3C,1200.0,"Thiruparankundram, Madurai South, Madurai",Madurai,Tamil Nadu,Sale Deed,RS-DOC-0117-1,2020-10-13,Bhavani Swaminathan,4,167707375ae6f952e93128d78ae0dba3ab8d038c575aecd143d86cc06a9ee079,Verified,1,1,1,0,0,0,0,0,Synthetic development/demo dataset
RS-PROP-0117,USR-1001,Swetha Thyagarajan,USR-1001,USR-1053,SUR-209/3C,1200.0,"Thiruparankundram, Madurai South, Madurai",Madurai,Tamil Nadu,Land Record,RS-DOC-0117-2,2020-10-13,Bhavani Swaminathan,4,45c2a2d1b5183ff3172118b445f67a82223bce77b4c88b4c0dedffbb1b3f6562,Verified,1,1,1,0,0,0,0,0,Synthetic development/demo dataset
RS-PROP-0117,USR-1001,Swetha Thyagarajan,USR-1001,USR-1053,SUR-209/3C,1200.0,"Thiruparankundram, Madurai South, Madurai",Madurai,Tamil Nadu,Encumbrance Certificate,RS-DOC-0117-3,2020-10-13,Bhavani Swaminathan,4,cf1426a1796f4bf80087d13660dbac902a3f66a68462585ae5a0181896182ced,Verified,1,1,1,0,0,0,0,0,Synthetic development/demo dataset
RS-PROP-0117,USR-1001,Swetha Thyagarajan,USR-1001,USR-1053,SUR-209/3C,1200.0,"Thiruparankundram, Madurai South, Madurai",Madurai,Tamil Nadu,Property Tax Receipt,RS-DOC-0117-4,2020-10-13,Bhavani Swaminathan,4,96b54d6fc4cf3061eedc17a332a36449dd683ff0271bb9da6cc4bd4b48f7e6c3,Verified,1,1,1,0,0,0,0,0,Synthetic development/demo dataset
RS-PROP-0118,USR-1003,Vijay Thyagarajan,USR-1003,USR-1055,SUR-426/51,2400.0,"Thandalam, Kanchipuram, Kanchipuram",Kanchipuram,Tamil Nadu,Sale Deed,RS-DOC-0118-1,2021-05-27,Harini Reddy,2,f79f06bd25d23aef68a4100b8c74df4e63ec87f3bcbaa25632b7568c9bc6d3ea,Verified,1,1,1,0,0,0,0,0,Synthetic development/demo dataset
RS-PROP-0118,USR-1003,Vijay Thyagarajan,USR-1003,USR-1055,SUR-426/51,2400.0,"Thandalam, Kanchipuram, Kanchipuram",Kanchipuram,Tamil Nadu,Land Record,RS-DOC-0118-2,2021-05-27,Harini Reddy,2,281baa733b05909e0627e6d2e7f5a249d48d1c5004dd097bb9267266cf228516,Verified,1,1,1,0,0,0,0,0,Synthetic development/demo dataset
RS-PROP-0118,USR-1003,Vijay Thyagarajan,USR-1003,USR-1055,SUR-426/51,2400.0,"Thandalam, Kanchipuram, Kanchipuram",Kanchipuram,Tamil Nadu,Encumbrance Certificate,RS-DOC-0118-3,2021-05-27,Harini Reddy,2,edcf7d72f132bba8a01ad050f5065cb2f503e73ace184b93b9ee0742ab556266,Verified,1,1,1,0,0,0,0,0,Synthetic development/demo dataset
RS-PROP-0119,USR-1005,Priya Swaminathan,USR-1005,USR-1057,SUR-916/5A,4800.0,"Ponmalai, Srirangam, Tiruchirappalli",Tiruchirappalli,Tamil Nadu,Sale Deed,RS-DOC-0119-1,2021-03-21,Kavitha Chandran,2,a5f44f3cbfe2c308f11c80ac3781ca2aa74d31662221fbf9dc55fbb9d0606abb,Verified,1,1,1,0,0,0,0,0,Synthetic development/demo dataset
RS-PROP-0119,USR-1005,Priya Swaminathan,USR-1005,USR-1057,SUR-916/5A,4800.0,"Ponmalai, Srirangam, Tiruchirappalli",Tiruchirappalli,Tamil Nadu,Land Record,RS-DOC-0119-2,2021-03-21,Kavitha Chandran,2,7274eaaa2697822bbd2935f20bf261a93d1de89959c146068d91700e216cd852,Verified,1,1,1,0,0,0,0,0,Synthetic development/demo dataset
RS-PROP-0119,USR-1005,Priya Swaminathan,USR-1005,USR-1057,SUR-916/5A,4800.0,"Ponmalai, Srirangam, Tiruchirappalli",Tiruchirappalli,Tamil Nadu,Encumbrance Certificate,RS-DOC-0119-3,2021-03-21,Kavitha Chandran,2,9f85453f8fcf68a09c2ed905cc1ee36ed031b836972d1dbdf7ee4bee81af1586,Verified,1,1,1,0,0,0,0,0,Synthetic development/demo dataset
RS-PROP-0120,USR-1008,Vignesh Srinivasan,USR-1008,USR-1059,SUR-137/62,1500.0,"Singanallur, Sulur, Coimbatore",Coimbatore,Tamil Nadu,Sale Deed,RS-DOC-0120-1,2024-04-22,Dinesh Krishnan,1,e8eef94bc7ed476cf2b2c84958593f498a87def35559c44922b9d8c3051723a8,Verified,1,1,1,0,0,0,0,0,Synthetic development/demo dataset
RS-PROP-0120,USR-1008,Vignesh Srinivasan,USR-1008,USR-1059,SUR-137/62,1500.0,"Singanallur, Sulur, Coimbatore",Coimbatore,Tamil Nadu,Land Record,RS-DOC-0120-2,2024-04-22,Dinesh Krishnan,1,5b24989ef97618af3c11c217275fb60135f61b794fc3c27751fcd98573342d1e,Verified,1,1,1,0,0,0,0,0,Synthetic development/demo dataset
RS-PROP-0120,USR-1008,Vignesh Srinivasan,USR-1008,USR-1059,SUR-137/62,1500.0,"Singanallur, Sulur, Coimbatore",Coimbatore,Tamil Nadu,Encumbrance Certificate,RS-DOC-0120-3,2024-04-22,Dinesh Krishnan,1,c85b4df48577893703009306f256e0ff9d22b92f34d6d26dd4750e0a2e493f96,Verified,1,1,1,0,0,0,0,0,Synthetic development/demo dataset
RS-PROP-0121,USR-1010,Poornima Natarajan,USR-1010,USR-1002,SUR-327/92,9600.0,"Pallavaram, Tambaram, Chennai",Chennai,Tamil Nadu,Sale Deed,RS-DOC-0121-1,2023-10-08,Siddharth Reddy,4,d5866ea37259ae107a07fff7d6dc1a06fe6b1c144a15849f12c36ee3b9333af4,Verified,1,1,1,0,0,0,0,0,Synthetic development/demo dataset
RS-PROP-0121,USR-1010,Poornima Natarajan,USR-1010,USR-1002,SUR-327/92,9600.0,"Pallavaram, Tambaram, Chennai",Chennai,Tamil Nadu,Land Record,RS-DOC-0121-2,2023-10-08,Siddharth Reddy,4,56f1c77bc8c029c019c462846e79a9b6842980b0070c9bc2305360d52e98383d,Verified,1,1,1,0,0,0,0,0,Synthetic development/demo dataset
RS-PROP-0121,USR-1010,Poornima Natarajan,USR-1010,USR-1002,SUR-327/92,9600.0,"Pallavaram, Tambaram, Chennai",Chennai,Tamil Nadu,Encumbrance Certificate,RS-DOC-0121-3,2023-10-08,Siddharth Reddy,4,b2bea7ce2e1c965ebced4aaf2fb88c58d4ae7a8c187e9190c4b02c1948e805da,Verified,1,1,1,0,0,0,0,0,Synthetic development/demo dataset
RS-PROP-0121,USR-1010,Poornima Natarajan,USR-1010,USR-1002,SUR-327/92,9600.0,"Pallavaram, Tambaram, Chennai",Chennai,Tamil Nadu,Property Tax Receipt,RS-DOC-0121-4,2023-10-08,Siddharth Reddy,4,ca571fb3317b96008e14e3ba1e8e750dbff95a7def83547d0897a6da7ea210b9,Verified,1,1,1,0,0,0,0,0,Synthetic development/demo dataset
RS-PROP-0122,USR-1012,Priya Thyagarajan,USR-1012,USR-1004,SUR-187/2B,3600.0,"Keelkattalai, Guindy, Chennai",Chennai,Tamil Nadu,Sale Deed,RS-DOC-0122-1,2020-08-26,Divya Balasubramanian,3,bc7a4f8d23a589197ed074386a66c93d5cdbff93be2b5e13af1faebd82befee4,Verified,1,1,1,0,0,0,0,0,Synthetic development/demo dataset
RS-PROP-0122,USR-1012,Priya Thyagarajan,USR-1012,USR-1004,SUR-187/2B,3600.0,"Keelkattalai, Guindy, Chennai",Chennai,Tamil Nadu,Land Record,RS-DOC-0122-2,2020-08-26,Divya Balasubramanian,3,2f317a04315a09fecc34235389a3dddedfa67a446080728a74fe07ed82116db8,Verified,1,1,1,0,0,0,0,0,Synthetic development/demo dataset
RS-PROP-0122,USR-1012,Priya Thyagarajan,USR-1012,USR-1004,SUR-187/2B,3600.0,"Keelkattalai, Guindy, Chennai",Chennai,Tamil Nadu,Encumbrance Certificate,RS-DOC-0122-3,2020-08-26,Divya Balasubramanian,3,76d0cf8ab66a60af6ecd53863fab3fd48583c5236dc299d9668aaf4ba04041a5,Verified,1,1,1,0,0,0,0,0,Synthetic development/demo dataset
RS-PROP-0122,USR-1012,Priya Thyagarajan,USR-1012,USR-1004,SUR-187/2B,3600.0,"Keelkattalai, Guindy, Chennai",Chennai,Tamil Nadu,Property Tax Receipt,RS-DOC-0122-4,2020-08-26,Divya Balasubramanian,3,d643a3548206a74d75cc7704026db399efe9f4e912311b4f61831c5efe7c42af,Verified,1,1,1,0,0,0,0,0,Synthetic development/demo dataset
RS-PROP-0123,USR-1014,Kavitha Ramesh,USR-1014,USR-1006,SUR-969/6A,1800.0,"Kallakudi, Tiruchirappalli West, Tiruchirappalli",Tiruchirappalli,Tamil Nadu,Sale Deed,RS-DOC-0123-1,2019-09-06,Lakshmi Rao,4,2320e1b12146ce844e26b0f77cd692adcb7d256808a9a53c95023dca8e923da5,Verified,1,1,1,0,0,0,0,0,Synthetic development/demo dataset
RS-PROP-0123,USR-1014,Kavitha Ramesh,USR-1014,USR-1006,SUR-969/6A,1800.0,"Kallakudi, Tiruchirappalli West, Tiruchirappalli",Tiruchirappalli,Tamil Nadu,Land Record,RS-DOC-0123-2,2019-09-06,Lakshmi Rao,4,d3502c5dffc5094d39b5be162c03148dc69f5daccd9b2f4cbdd3062e6cc43b20,Verified,1,1,1,0,0,0,0,0,Synthetic development/demo dataset
RS-PROP-0123,USR-1014,Kavitha Ramesh,USR-1014,USR-1006,SUR-969/6A,1800.0,"Kallakudi, Tiruchirappalli West, Tiruchirappalli",Tiruchirappalli,Tamil Nadu,Encumbrance Certificate,RS-DOC-0123-3,2019-09-06,Lakshmi Rao,4,051423a27fb19a389fd0467fec99c7886f43de522157cb29938e14cc0c60483d,Verified,1,1,1,0,0,0,0,0,Synthetic development/demo dataset
RS-PROP-0124,USR-1016,Balaji Vaidyanathan,USR-1016,USR-1007,SUR-302/82,4800.0,"Singanallur, Coimbatore South, Coimbatore",Coimbatore,Tamil Nadu,Sale Deed,RS-DOC-0124-1,2018-12-07,Divya Murugan,1,6e10a8201878064b436eb408ba3c883bbdbaea735840fa17343fbfbece04e0b1,Verified,1,1,1,0,0,0,0,0,Synthetic development/demo dataset
RS-PROP-0124,USR-1016,Balaji Vaidyanathan,USR-1016,USR-1007,SUR-302/82,4800.0,"Singanallur, Coimbatore South, Coimbatore",Coimbatore,Tamil Nadu,Land Record,RS-DOC-0124-2,2018-12-07,Divya Murugan,1,7ccb79a7b94becd955637a5d75cbc0fc599a61884dee53e40f7486f2963bb2e1,Verified,1,1,1,0,0,0,0,0,Synthetic development/demo dataset
RS-PROP-0124,USR-1016,Balaji Vaidyanathan,USR-1016,USR-1007,SUR-302/82,4800.0,"Singanallur, Coimbatore South, Coimbatore",Coimbatore,Tamil Nadu,Encumbrance Certificate,RS-DOC-0124-3,2018-12-07,Divya Murugan,1,955d636e33926427bfeb57d3ea099fa76ac707fd57de82b1c5850ae964a5e49f,Verified,1,1,1,0,0,0,0,0,Synthetic development/demo dataset
RS-PROP-0124,USR-1016,Balaji Vaidyanathan,USR-1016,USR-1007,SUR-302/82,4800.0,"Singanallur, Coimbatore South, Coimbatore",Coimbatore,Tamil Nadu,Property Tax Receipt,RS-DOC-0124-4,2018-12-07,Divya Murugan,1,41add89ef05dd0ca9b4833c08a0380706bb40c09c2adda417a2f722a47e5a659,Verified,1,1,1,0,0,0,0,0,Synthetic development/demo dataset
RS-PROP-0125,USR-1018,Vijay Swaminathan,USR-1018,USR-1009,SUR-983/82,3600.0,"Thoraipakkam, Guindy, Chennai",Chennai,Tamil Nadu,Sale Deed,RS-DOC-0125-1,2021-10-13,Ramesh Reddy,4,d4583e28408c32bf8da42667525a61473ab0a4b3b5be8f3cb9f080c42ed99735,Verified,1,1,1,0,0,0,0,0,Synthetic development/demo dataset
RS-PROP-0125,USR-1018,Vijay Swaminathan,USR-1018,USR-1009,SUR-983/82,3600.0,"Thoraipakkam, Guindy, Chennai",Chennai,Tamil Nadu,Land Record,RS-DOC-0125-2,2021-10-13,Ramesh Reddy,4,0863ff4bbe081745c92e64e811c672a7b85002258274693b1dcafb8374b1e79f,Verified,1,1,1,0,0,0,0,0,Synthetic development/demo dataset
RS-PROP-0125,USR-1018,Vijay Swaminathan,USR-1018,USR-1009,SUR-983/82,3600.0,"Thoraipakkam, Guindy, Chennai",Chennai,Tamil Nadu,Encumbrance Certificate,RS-DOC-0125-3,2021-10-13,Ramesh Reddy,4,5bdbed571fbe303878fd2a1333d53112c57b63d247a3e27e77b4482458b1a4ae,Verified,1,1,1,0,0,0,0,0,Synthetic development/demo dataset
RS-PROP-0126,USR-1020,Meenakshi Rao,USR-1020,USR-1011,SUR-219/3C,1800.0,"Pallavaram, Alandur, Chennai",Chennai,Tamil Nadu,Sale Deed,RS-DOC-0126-1,2021-07-20,Meenakshi Srinivasan,4,095235f0a546ace821cf93728715bbb8a5c17c52fc3e6c8ab68371937959ef27,Verified,1,1,0,0,0,0,0,0,Synthetic development/demo dataset
RS-PROP-0126,USR-1020,Meenakshi Rao,USR-1020,USR-1011,SUR-219/3C,1800.0,"Pallavaram, Alandur, Chennai",Chennai,Tamil Nadu,Land Record,RS-DOC-0126-2,2021-07-20,Meenakshi Srinivasan,4,fb22d4b7b32fd967fa291cbe6dc99bff7fb81250a1e1b221c76cf658a77ee824,Verified,1,1,0,0,0,0,0,0,Synthetic development/demo dataset
RS-PROP-0126,USR-1020,Meenakshi Rao,USR-1020,USR-1011,SUR-219/3C,1800.0,"Pallavaram, Alandur, Chennai",Chennai,Tamil Nadu,Encumbrance Certificate,RS-DOC-0126-3,2021-07-20,Meenakshi Srinivasan,4,eab7cf66f97fbe69206aed95f6edebfb8747596f9892c7a7f7393acd499e770e,Verified,1,1,0,0,0,0,0,0,Synthetic development/demo dataset
RS-PROP-0127,USR-1022,Dinesh Kumar,USR-1022,USR-1013,SUR-934/72,9600.0,"Peelamedu, Coimbatore North, Coimbatore",Coimbatore,Tamil Nadu,Sale Deed,RS-DOC-0127-1,2021-07-22,Uma Vaidyanathan,4,5c78575814f5d85efa24c7c177e8b9e32199a0358bc3cc2f2e64761da8f3dcd3,Verified,0,1,1,1,0,0,0,1,Synthetic development/demo dataset
RS-PROP-0127,USR-1022,Dinesh Kumar,USR-1022,USR-1013,SUR-934/72,9600.0,"Peelamedu, Coimbatore North, Coimbatore",Coimbatore,Tamil Nadu,Land Record,RS-DOC-0127-2,2021-07-22,Uma Vaidyanathan,4,c5416f8fbdc192c990ae70f026cdae676e5d4d9a972d86c25507699f8b988bf9,Verified,0,1,1,1,0,0,0,1,Synthetic development/demo dataset
RS-PROP-0127,USR-1022,Dinesh Kumar,USR-1022,USR-1013,SUR-934/72,9600.0,"Peelamedu, Coimbatore North, Coimbatore",Coimbatore,Tamil Nadu,Encumbrance Certificate,RS-DOC-0127-3,2021-07-22,Uma Vaidyanathan,4,1e154a73c3d44ec55430ed26eebf19c50bc16225651539f67802d915c1ac9255,Verified,0,1,1,1,0,0,0,1,Synthetic development/demo dataset
RS-PROP-0127,USR-1022,Dinesh Kumar,USR-1022,USR-1013,SUR-934/72,9600.0,"Peelamedu, Coimbatore North, Coimbatore",Coimbatore,Tamil Nadu,Property Tax Receipt,RS-DOC-0127-4,2021-07-22,Uma Vaidyanathan,4,e2eb17247af7d37714a96edb82ce5cba171be593faf6bac038d1ed7fb63f20d5,Verified,0,1,1,1,0,0,0,1,Synthetic development/demo dataset
RS-PROP-0128,USR-1024,Gayathri Srinivasan,USR-1024,USR-1015,SUR-686/2C,9600.0,"Kallakudi, Thiruverumbur, Tiruchirappalli",Tiruchirappalli,Tamil Nadu,Sale Deed,RS-DOC-0128-1,2022-01-25,Siddharth Ganesan,5,2bd7df398a3e41262aa189c253a5b8dc94d1e1ef5354436074c0a5a950f17f46,Hash Mismatch,1,1,1,0,1,0,0,1,Synthetic development/demo dataset
RS-PROP-0128,USR-1024,Gayathri Srinivasan,USR-1024,USR-1015,SUR-686/2C,9600.0,"Kallakudi, Thiruverumbur, Tiruchirappalli",Tiruchirappalli,Tamil Nadu,Land Record,RS-DOC-0128-2,2022-01-25,Siddharth Ganesan,5,c4c33fc6ac9550e75a2a3701ddb7b2b2917e602c9bdb920637f01d03e06b844a,Verified,1,1,1,0,1,0,0,1,Synthetic development/demo dataset
RS-PROP-0128,USR-1024,Gayathri Srinivasan,USR-1024,USR-1015,SUR-686/2C,9600.0,"Kallakudi, Thiruverumbur, Tiruchirappalli",Tiruchirappalli,Tamil Nadu,Encumbrance Certificate,RS-DOC-0128-3,2022-01-25,Siddharth Ganesan,5,89baf38f2fe10c296400d2cc850cf187f441851b6b6b06f8bb2b5c0a0ff8f402,Verified,1,1,1,0,1,0,0,1,Synthetic development/demo dataset
RS-PROP-0129,USR-1026,Ramesh Chandran,USR-1026,USR-1017,SUR-747/7B,1800.0,"Maraimalai Nagar, Thiruporur, Chengalpattu",Chengalpattu,Tamil Nadu,Sale Deed,RS-DOC-0129-1,2024-04-26,Suresh Srinivasan,3,4af88cef0bc200554f5b682d54274911cb771ab3e184fb26b0f7c6f12a1b37a1,Verified,1,1,1,0,0,0,0,0,Synthetic development/demo dataset
RS-PROP-0129,USR-1026,Ramesh Chandran,USR-1026,USR-1017,SUR-747/7B,1800.0,"Maraimalai Nagar, Thiruporur, Chengalpattu",Chengalpattu,Tamil Nadu,Land Record,RS-DOC-0129-2,2024-04-26,Suresh Srinivasan,3,cb572c0d2b97c78c401f0e0ac154e93762fffeff7c41d632dca1c8cff1c0f5a0,Verified,1,1,1,0,0,0,0,0,Synthetic development/demo dataset
RS-PROP-0129,USR-1026,Ramesh Chandran,USR-1026,USR-1017,SUR-747/7B,1800.0,"Maraimalai Nagar, Thiruporur, Chengalpattu",Chengalpattu,Tamil Nadu,Encumbrance Certificate,RS-DOC-0129-3,2024-04-26,Suresh Srinivasan,3,fa9a8b2b9236eb1506f4cf5d2c2300aeb9e8499b9e567b3d7ffbd5c7c64a4ec5,Verified,1,1,1,0,0,0,0,0,Synthetic development/demo dataset
RS-PROP-0130,USR-1028,Manoj Pillai,USR-1028,USR-1019,SUR-238/7A,3000.0,"Koodal Nagar, Thirumangalam, Madurai",Madurai,Tamil Nadu,Sale Deed,RS-DOC-0130-1,2019-12-28,Meenakshi Chandran,3,b0caed9ad049b361f60574d5fb99cce9a423f09e051411fd15baacfbbfb2d025,Verified,1,1,1,0,0,0,0,0,Synthetic development/demo dataset
RS-PROP-0130,USR-1028,Manoj Pillai,USR-1028,USR-1019,SUR-238/7A,3000.0,"Koodal Nagar, Thirumangalam, Madurai",Madurai,Tamil Nadu,Land Record,RS-DOC-0130-2,2019-12-28,Meenakshi Chandran,3,50fe38b8a94e0b30f2f5b785e29db0ede99dae31c367a94bad5582d3bfec85b0,Verified,1,1,1,0,0,0,0,0,Synthetic development/demo dataset
RS-PROP-0130,USR-1028,Manoj Pillai,USR-1028,USR-1019,SUR-238/7A,3000.0,"Koodal Nagar, Thirumangalam, Madurai",Madurai,Tamil Nadu,Encumbrance Certificate,RS-DOC-0130-3,2019-12-28,Meenakshi Chandran,3,51ab70687eb9cdb57e50e67d5864a05f5399e4ae4b65749312da3529ceb43c48,Verified,1,1,1,0,0,0,0,0,Synthetic development/demo dataset
RS-PROP-0130,USR-1028,Manoj Pillai,USR-1028,USR-1019,SUR-238/7A,3000.0,"Koodal Nagar, Thirumangalam, Madurai",Madurai,Tamil Nadu,Property Tax Receipt,RS-DOC-0130-4,2019-12-28,Meenakshi Chandran,3,2cf2b51f7bda253bd50dea40947bdecc807186b97e5a6552a1f7d57169360fb2,Verified,1,1,1,0,0,0,0,0,Synthetic development/demo dataset
RS-PROP-0131,USR-1030,Revathi Vaidyanathan,USR-1030,USR-1021,SUR-748/21,9600.0,"Saravanampatti, Sulur, Coimbatore",Coimbatore,Tamil Nadu,Sale Deed,RS-DOC-0131-1,2020-12-12,Gayathri Thyagarajan,1,f15fd852dce10456c08206e825c9769dcf7373b809a792be74e6f2289a4eeb8f,Verified,1,1,1,0,0,0,0,0,Synthetic development/demo dataset
RS-PROP-0131,USR-1030,Revathi Vaidyanathan,USR-1030,USR-1021,SUR-748/21,9600.0,"Saravanampatti, Sulur, Coimbatore",Coimbatore,Tamil Nadu,Land Record,RS-DOC-0131-2,2020-12-12,Gayathri Thyagarajan,1,509a5a6f061613c2f4c19ac87aa4354b3ac9b08476e924dbe7485352350f4ab6,Verified,1,1,1,0,0,0,0,0,Synthetic development/demo dataset
RS-PROP-0131,USR-1030,Revathi Vaidyanathan,USR-1030,USR-1021,SUR-748/21,9600.0,"Saravanampatti, Sulur, Coimbatore",Coimbatore,Tamil Nadu,Encumbrance Certificate,RS-DOC-0131-3,2020-12-12,Gayathri Thyagarajan,1,38dc61f17aceffcd3ab64137994160228de53adce7fe8b6eafd9b974b33fc2c3,Verified,1,1,1,0,0,0,0,0,Synthetic development/demo dataset
RS-PROP-0132,USR-1032,Dinesh Sundaram,USR-1032,USR-1023,SUR-539/41,3000.0,"Anna Nagar, Melur, Madurai",Madurai,Tamil Nadu,Sale Deed,RS-DOC-0132-1,2024-05-11,Meenakshi Srinivasan,3,696ba0da45fc3fac0311f5474288ef57d7a2b55e66e12cc2ce3c81fcd8def7a6,Verified,1,1,1,0,0,0,0,0,Synthetic development/demo dataset
RS-PROP-0132,USR-1032,Dinesh Sundaram,USR-1032,USR-1023,SUR-539/41,3000.0,"Anna Nagar, Melur, Madurai",Madurai,Tamil Nadu,Land Record,RS-DOC-0132-2,2024-05-11,Meenakshi Srinivasan,3,ac3fe237c0ed3d838238f04f4706fcf2cb2ec5ac4e28cfa9110968f9b973f9d8,Verified,1,1,1,0,0,0,0,0,Synthetic development/demo dataset
RS-PROP-0132,USR-1032,Dinesh Sundaram,USR-1032,USR-1023,SUR-539/41,3000.0,"Anna Nagar, Melur, Madurai",Madurai,Tamil Nadu,Encumbrance Certificate,RS-DOC-0132-3,2024-05-11,Meenakshi Srinivasan,3,7f8b6890ecc8e41c5a09e8fcb5c4425126865b730ed46995b869f7a013188360,Verified,1,1,1,0,0,0,0,0,Synthetic development/demo dataset
RS-PROP-0132,USR-1032,Dinesh Sundaram,USR-1032,USR-1023,SUR-539/41,3000.0,"Anna Nagar, Melur, Madurai",Madurai,Tamil Nadu,Property Tax Receipt,RS-DOC-0132-4,2024-05-11,Meenakshi Srinivasan,3,f9081d6bb267adb04011f8794d1fd020f9e58d8a7530d54ca53868b4d8bb1149,Verified,1,1,1,0,0,0,0,0,Synthetic development/demo dataset
RS-PROP-0133,USR-1034,Gayathri Kumar,USR-1034,USR-1025,SUR-567/11,2400.0,"Keelkattalai, Alandur, Chennai",Chennai,Tamil Nadu,Sale Deed,RS-DOC-0133-1,2019-11-10,Lakshmi Murugan,3,9d97e6ab0db5c8b4b3c1f7f39290905c0fe19bfa8e8708296593150bf536fb56,Verified,1,1,1,1,0,0,1,1,Synthetic development/demo dataset
RS-PROP-0134,USR-1036,Poornima Sundaram,USR-1036,USR-1027,SUR-318/8A,1800.0,"Kallakudi, Tiruchirappalli West, Tiruchirappalli",Tiruchirappalli,Tamil Nadu,Sale Deed,RS-DOC-0134-1,2019-09-22,Siddharth Kumar,3,fb1d7666ccc4c776018721a9a7f64c5b9f22cb9127f903ddf756cac473968f62,Verified,1,1,1,0,0,0,0,0,Synthetic development/demo dataset
RS-PROP-0134,USR-1036,Poornima Sundaram,USR-1036,USR-1027,SUR-318/8A,1800.0,"Kallakudi, Tiruchirappalli West, Tiruchirappalli",Tiruchirappalli,Tamil Nadu,Land Record,RS-DOC-0134-2,2019-09-22,Siddharth Kumar,3,28939618f3b02854adc36a12d1148003cad25bbe6e4b5f44229de080a44d0cc6,Verified,1,1,1,0,0,0,0,0,Synthetic development/demo dataset
RS-PROP-0134,USR-1036,Poornima Sundaram,USR-1036,USR-1027,SUR-318/8A,1800.0,"Kallakudi, Tiruchirappalli West, Tiruchirappalli",Tiruchirappalli,Tamil Nadu,Encumbrance Certificate,RS-DOC-0134-3,2019-09-22,Siddharth Kumar,3,d9b5541f9b8d30e9fa58c072f591a8b371971c999c393fef4081c2fea9a918f6,Verified,1,1,1,0,0,0,0,0,Synthetic development/demo dataset
RS-PROP-0135,USR-1038,Sundar Gopal,USR-1038,USR-1029,SUR-205/6C,3000.0,"Madipakkam, Sholinganallur, Chennai",Chennai,Tamil Nadu,Sale Deed,RS-DOC-0135-1,2021-03-21,Saravanan Sundaram,1,d4a39fc305397a413318872ecefbaa044300c10e151acb610958aff576a9b2de,Verified,1,1,1,0,0,0,0,0,Synthetic development/demo dataset
RS-PROP-0135,USR-1038,Sundar Gopal,USR-1038,USR-1029,SUR-205/6C,3000.0,"Madipakkam, Sholinganallur, Chennai",Chennai,Tamil Nadu,Land Record,RS-DOC-0135-2,2021-03-21,Saravanan Sundaram,1,6c3aa410267cd50808a303151b21c154a1c0648cf2e208fbae4cab65d8c95d80,Verified,1,1,1,0,0,0,0,0,Synthetic development/demo dataset
RS-PROP-0135,USR-1038,Sundar Gopal,USR-1038,USR-1029,SUR-205/6C,3000.0,"Madipakkam, Sholinganallur, Chennai",Chennai,Tamil Nadu,Encumbrance Certificate,RS-DOC-0135-3,2021-03-21,Saravanan Sundaram,1,66739aaaeab2fd374a24972e8431279e920975cb6c0f9b7fb1476d46e642f13c,Verified,1,1,1,0,0,0,0,0,Synthetic development/demo dataset
RS-PROP-0135,USR-1038,Sundar Gopal,USR-1038,USR-1029,SUR-205/6C,3000.0,"Madipakkam, Sholinganallur, Chennai",Chennai,Tamil Nadu,Property Tax Receipt,RS-DOC-0135-4,2021-03-21,Saravanan Sundaram,1,12c29905bc5b153f52caa1abc259929e77ceb9baf327638ed458768c6200de9a,Verified,1,1,1,0,0,0,0,0,Synthetic development/demo dataset
RS-PROP-0136,USR-1040,Divya Subramanian,USR-1040,USR-1031,SUR-188/2B,1500.0,"Peelamedu, Sulur, Coimbatore",Coimbatore,Tamil Nadu,Sale Deed,RS-DOC-0136-1,2023-07-12,Poornima Rao,2,712c0aadfa13644cb8d5560b1a18367a384f5b44a418e8c7cc730d857f935e1c,Verified,1,0,1,0,0,0,0,1,Synthetic development/demo dataset
RS-PROP-0136,USR-1040,Divya Subramanian,USR-1040,USR-1031,SUR-188/2B,1500.0,"Peelamedu, Sulur, Coimbatore",Coimbatore,Tamil Nadu,Land Record,RS-DOC-0136-2,2023-07-12,Poornima Rao,2,397f1fbede42786afd97564793ab5313cbdd1a50ec4dca04ee5421ebdc274476,Verified,1,0,1,0,0,0,0,1,Synthetic development/demo dataset
RS-PROP-0136,USR-1040,Divya Subramanian,USR-1040,USR-1031,SUR-188/2B,1500.0,"Peelamedu, Sulur, Coimbatore",Coimbatore,Tamil Nadu,Encumbrance Certificate,RS-DOC-0136-3,2023-07-12,Poornima Rao,2,3c8933caf807286f7e1bb03ca418a5fb1d973b0904fb3c31ad549ba017e47da5,Verified,1,0,1,0,0,0,0,1,Synthetic development/demo dataset
RS-PROP-0137,USR-1042,Kavitha Iyer,USR-1042,USR-1033,SUR-402/1B,5400.0,"Thiruparankundram, Madurai South, Madurai",Madurai,Tamil Nadu,Sale Deed,RS-DOC-0137-1,2018-04-16,Deepa Balasubramanian,3,3c06690745412fd963d5cc5b5f677c643af0f52f2609bd94d7b605d3ca926530,Verified,1,1,1,0,0,0,0,0,Synthetic development/demo dataset
RS-PROP-0137,USR-1042,Kavitha Iyer,USR-1042,USR-1033,SUR-402/1B,5400.0,"Thiruparankundram, Madurai South, Madurai",Madurai,Tamil Nadu,Land Record,RS-DOC-0137-2,2018-04-16,Deepa Balasubramanian,3,15b4157e92165d1d5ef2ecba0b174bb4d135624b4d2863b6b3c992551245f4cf,Verified,1,1,1,0,0,0,0,0,Synthetic development/demo dataset
RS-PROP-0137,USR-1042,Kavitha Iyer,USR-1042,USR-1033,SUR-402/1B,5400.0,"Thiruparankundram, Madurai South, Madurai",Madurai,Tamil Nadu,Encumbrance Certificate,RS-DOC-0137-3,2018-04-16,Deepa Balasubramanian,3,1c3327158b9ca3692dfb19d06a764870f9352402bd41e046de13577a7c769fbf,Verified,1,1,1,0,0,0,0,0,Synthetic development/demo dataset
RS-PROP-0138,USR-1044,Madhavan Reddy,USR-1044,USR-1035,SUR-888/2A,1500.0,"Thiruparankundram, Madurai South, Madurai",Madurai,Tamil Nadu,Sale Deed,RS-DOC-0138-1,2020-04-02,Suresh Gopal,3,2dd381c1c0acfeb18c94ca74cc2270865826398ac35d437349e179fbe5146328,Verified,1,1,1,0,0,0,0,0,Synthetic development/demo dataset
RS-PROP-0138,USR-1044,Madhavan Reddy,USR-1044,USR-1035,SUR-888/2A,1500.0,"Thiruparankundram, Madurai South, Madurai",Madurai,Tamil Nadu,Land Record,RS-DOC-0138-2,2020-04-02,Suresh Gopal,3,221dbb2241b816c6f4f188a8e8354f042e791c5939800b57dc9604abe661cb3b,Verified,1,1,1,0,0,0,0,0,Synthetic development/demo dataset
RS-PROP-0138,USR-1044,Madhavan Reddy,USR-1044,USR-1035,SUR-888/2A,1500.0,"Thiruparankundram, Madurai South, Madurai",Madurai,Tamil Nadu,Encumbrance Certificate,RS-DOC-0138-3,2020-04-02,Suresh Gopal,3,ac2b152799bb24c7b00ccb9ad2f774f35e4215d15e56c4fcf16b998e50a1e2cd,Verified,1,1,1,0,0,0,0,0,Synthetic development/demo dataset
RS-PROP-0139,USR-1046,Harini Sundaram,USR-1046,USR-1037,SUR-185/5A,9600.0,"Srirangam Central, Srirangam, Tiruchirappalli",Tiruchirappalli,Tamil Nadu,Sale Deed,RS-DOC-0139-1,2024-03-18,Rajesh Gopal,1,84201745ab8283b6311adacf9d2d253897fe0434edb77bb3da7bac10f47f52a7,Verified,0,0,1,1,0,0,0,1,Synthetic development/demo dataset
RS-PROP-0139,USR-1046,Harini Sundaram,USR-1046,USR-1037,SUR-185/5A,9600.0,"Srirangam Central, Srirangam, Tiruchirappalli",Tiruchirappalli,Tamil Nadu,Land Record,RS-DOC-0139-2,2024-03-18,Rajesh Gopal,1,998c5a4c4e19982ba2b77b09289203d0a8e7b1d8a56032e190999642f8eddacf,Verified,0,0,1,1,0,0,0,1,Synthetic development/demo dataset
RS-PROP-0139,USR-1046,Harini Sundaram,USR-1046,USR-1037,SUR-185/5A,9600.0,"Srirangam Central, Srirangam, Tiruchirappalli",Tiruchirappalli,Tamil Nadu,Encumbrance Certificate,RS-DOC-0139-3,2024-03-18,Rajesh Gopal,1,1494c7e06acfa6076b416944f469bc31306e12521dcadc9b16f932460de87716,Verified,0,0,1,1,0,0,0,1,Synthetic development/demo dataset
RS-PROP-0139,USR-1046,Harini Sundaram,USR-1046,USR-1037,SUR-185/5A,9600.0,"Srirangam Central, Srirangam, Tiruchirappalli",Tiruchirappalli,Tamil Nadu,Property Tax Receipt,RS-DOC-0139-4,2024-03-18,Rajesh Gopal,1,1f17d76ae72d9c7218107d5cbf8e136595b54e5226cfc718451dc8444f92e6b5,Verified,0,0,1,1,0,0,0,1,Synthetic development/demo dataset
RS-PROP-0140,USR-1048,Suresh Pillai,USR-1048,USR-1039,SUR-112/3A,1800.0,"Kallakudi, Srirangam, Tiruchirappalli",Tiruchirappalli,Tamil Nadu,Sale Deed,RS-DOC-0140-1,2020-09-17,Ganesh Krishnan,2,837440971ccb18a0d8440df96c7a626d4044b8b01883de4df65aa7ddc4171c28,Verified,1,1,1,0,0,0,0,0,Synthetic development/demo dataset
RS-PROP-0140,USR-1048,Suresh Pillai,USR-1048,USR-1039,SUR-112/3A,1800.0,"Kallakudi, Srirangam, Tiruchirappalli",Tiruchirappalli,Tamil Nadu,Land Record,RS-DOC-0140-2,2020-09-17,Ganesh Krishnan,2,8f87ee0e034e1ecfc7f559e7ba7d48d765279a6318490c28fe792d566b89a2ad,Verified,1,1,1,0,0,0,0,0,Synthetic development/demo dataset
RS-PROP-0140,USR-1048,Suresh Pillai,USR-1048,USR-1039,SUR-112/3A,1800.0,"Kallakudi, Srirangam, Tiruchirappalli",Tiruchirappalli,Tamil Nadu,Encumbrance Certificate,RS-DOC-0140-3,2020-09-17,Ganesh Krishnan,2,7dfff1aa00e76cf425459fd8d4151fc54d1c7986826594fcb2b5c69b277742b6,Verified,1,1,1,0,0,0,0,0,Synthetic development/demo dataset
RS-PROP-0141,USR-1050,Priya Rao,USR-1050,USR-1041,SUR-165/52,1500.0,"Singanallur, Pollachi, Coimbatore",Coimbatore,Tamil Nadu,Sale Deed,RS-DOC-0141-1,2021-09-12,Suresh Thyagarajan,2,3813c86070aade8b34cc0af56adc107dce2fc9c38cedcaa056f01577c5de6501,Verified,1,1,1,0,0,0,0,0,Synthetic development/demo dataset
RS-PROP-0141,USR-1050,Priya Rao,USR-1050,USR-1041,SUR-165/52,1500.0,"Singanallur, Pollachi, Coimbatore",Coimbatore,Tamil Nadu,Land Record,RS-DOC-0141-2,2021-09-12,Suresh Thyagarajan,2,9a2229d979564152fb260da67c6640d8923a86c393232024ba77be6eaf1e3f8d,Verified,1,1,1,0,0,0,0,0,Synthetic development/demo dataset
RS-PROP-0141,USR-1050,Priya Rao,USR-1050,USR-1041,SUR-165/52,1500.0,"Singanallur, Pollachi, Coimbatore",Coimbatore,Tamil Nadu,Encumbrance Certificate,RS-DOC-0141-3,2021-09-12,Suresh Thyagarajan,2,b34c19d5de516305711495d4d3421fc8ec511a73a3451af26503be1f6b650b1e,Verified,1,1,1,0,0,0,0,0,Synthetic development/demo dataset
RS-PROP-0142,USR-1052,Ramesh Chandran,USR-1052,USR-1043,SUR-979/1B,1200.0,"Kallakudi, Tiruchirappalli West, Tiruchirappalli",Tiruchirappalli,Tamil Nadu,Sale Deed,RS-DOC-0142-1,2020-07-05,Balaji Ramesh,6,52bbd3b915bda512f7c239ead963801d488cb53e418d30e21b9963e1486a8405,Verified,1,1,1,0,1,0,0,1,Synthetic development/demo dataset
RS-PROP-0142,USR-1052,Ramesh Chandran,USR-1052,USR-1043,SUR-979/1B,1200.0,"Kallakudi, Tiruchirappalli West, Tiruchirappalli",Tiruchirappalli,Tamil Nadu,Land Record,RS-DOC-0142-2,2020-07-05,Balaji Ramesh,6,7774a2134afcf6505c7e4dc36ec199d384f2313781bb75a97c66aeea79899155,Verified,1,1,1,0,1,0,0,1,Synthetic development/demo dataset
RS-PROP-0142,USR-1052,Ramesh Chandran,USR-1052,USR-1043,SUR-979/1B,1200.0,"Kallakudi, Tiruchirappalli West, Tiruchirappalli",Tiruchirappalli,Tamil Nadu,Encumbrance Certificate,RS-DOC-0142-3,2020-07-05,Balaji Ramesh,6,7205e039bdaf679dce9e291140db1c8a1eb06dc7e2c87b79ffb3e943e1812349,Verified,1,1,1,0,1,0,0,1,Synthetic development/demo dataset
RS-PROP-0143,USR-1054,Suresh Krishnan,USR-1054,USR-1045,SUR-170/8C,3000.0,"Siruseri, Vandalur, Chengalpattu",Chengalpattu,Tamil Nadu,Sale Deed,RS-DOC-0143-1,2018-09-15,Arun Reddy,3,9eb0e5ee6872bc88648c8299a2cc2cca20d337dd20b0ae47cb69a8847a2c9233,Verified,1,1,1,0,0,0,0,0,Synthetic development/demo dataset
RS-PROP-0143,USR-1054,Suresh Krishnan,USR-1054,USR-1045,SUR-170/8C,3000.0,"Siruseri, Vandalur, Chengalpattu",Chengalpattu,Tamil Nadu,Land Record,RS-DOC-0143-2,2018-09-15,Arun Reddy,3,e22060143d72aced295effdeb78f6cc8219b1ba53e84169fb34473802ffe3855,Verified,1,1,1,0,0,0,0,0,Synthetic development/demo dataset
RS-PROP-0143,USR-1054,Suresh Krishnan,USR-1054,USR-1045,SUR-170/8C,3000.0,"Siruseri, Vandalur, Chengalpattu",Chengalpattu,Tamil Nadu,Encumbrance Certificate,RS-DOC-0143-3,2018-09-15,Arun Reddy,3,6f4b15316a052d80c2ab8485744a5155367b9d5192aef4791fd71bd0e3413534,Verified,1,1,1,0,0,0,0,0,Synthetic development/demo dataset
RS-PROP-0143,USR-1054,Suresh Krishnan,USR-1054,USR-1045,SUR-170/8C,3000.0,"Siruseri, Vandalur, Chengalpattu",Chengalpattu,Tamil Nadu,Property Tax Receipt,RS-DOC-0143-4,2018-09-15,Arun Reddy,3,7b544cbddb5fd610e11253755e8ce32d1b47ee9bbe930c74a5d9c1bfa769948f,Verified,1,1,1,0,0,0,0,0,Synthetic development/demo dataset
RS-PROP-0144,USR-1056,Nandhini Srinivasan,USR-1056,USR-1047,SUR-878/4B,1200.0,"Singanallur, Coimbatore North, Coimbatore",Coimbatore,Tamil Nadu,Sale Deed,RS-DOC-0144-1,2018-04-18,Dinesh Kumar,1,10ffafd5c1c61263b16dd0315d66f9f7b18c09213f6b702c9983abca8a99da6d,Verified,1,1,1,0,0,0,0,0,Synthetic development/demo dataset
RS-PROP-0144,USR-1056,Nandhini Srinivasan,USR-1056,USR-1047,SUR-878/4B,1200.0,"Singanallur, Coimbatore North, Coimbatore",Coimbatore,Tamil Nadu,Land Record,RS-DOC-0144-2,2018-04-18,Dinesh Kumar,1,67617376a62691de917bb23133cb3426eff30f87330bcdc86f5b98ffed75448a,Verified,1,1,1,0,0,0,0,0,Synthetic development/demo dataset
RS-PROP-0144,USR-1056,Nandhini Srinivasan,USR-1056,USR-1047,SUR-878/4B,1200.0,"Singanallur, Coimbatore North, Coimbatore",Coimbatore,Tamil Nadu,Encumbrance Certificate,RS-DOC-0144-3,2018-04-18,Dinesh Kumar,1,87e968278e5e30da1761bb38d0e2093239674e26f63fbcf75bf66636f544c612,Verified,1,1,1,0,0,0,0,0,Synthetic development/demo dataset
RS-PROP-0144,USR-1056,Nandhini Srinivasan,USR-1056,USR-1047,SUR-878/4B,1200.0,"Singanallur, Coimbatore North, Coimbatore",Coimbatore,Tamil Nadu,Property Tax Receipt,RS-DOC-0144-4,2018-04-18,Dinesh Kumar,1,fb1db65bab7033c7adfe7e31ebf1a9f748570d5598c8cffa0c533344e55485a3,Verified,1,1,1,0,0,0,0,0,Synthetic development/demo dataset
RS-PROP-0145,USR-1058,Swetha Vaidyanathan,USR-1058,USR-1049,SUR-828/5A,1200.0,"Peelamedu, Coimbatore South, Coimbatore",Coimbatore,Tamil Nadu,Sale Deed,RS-DOC-0145-1,2024-09-14,Nandhini Swaminathan,1,8079bba3193bfddb2f7a14646f67ac81c477c21c85411cae6433395726289f06,Verified,1,1,1,0,0,0,0,0,Synthetic development/demo dataset
RS-PROP-0145,USR-1058,Swetha Vaidyanathan,USR-1058,USR-1049,SUR-828/5A,1200.0,"Peelamedu, Coimbatore South, Coimbatore",Coimbatore,Tamil Nadu,Land Record,RS-DOC-0145-2,2024-09-14,Nandhini Swaminathan,1,10c40d0551801d1a157cb6f4fba54c0a619523922092405f5ac80c6da2ca274e,Verified,1,1,1,0,0,0,0,0,Synthetic development/demo dataset
RS-PROP-0145,USR-1058,Swetha Vaidyanathan,USR-1058,USR-1049,SUR-828/5A,1200.0,"Peelamedu, Coimbatore South, Coimbatore",Coimbatore,Tamil Nadu,Encumbrance Certificate,RS-DOC-0145-3,2024-09-14,Nandhini Swaminathan,1,4f1e97b35d8d9d9a9ea4d4465e8b4e062075d16399e2e6695ac845da17756bb9,Verified,1,1,1,0,0,0,0,0,Synthetic development/demo dataset
RS-PROP-0146,USR-1001,Suresh Vaidyanathan,USR-1001,USR-1051,SUR-398/5C,4800.0,"Kattur, Srirangam, Tiruchirappalli",Tiruchirappalli,Tamil Nadu,Sale Deed,RS-DOC-0146-1,2024-12-11,Rajesh Swaminathan,4,9530c8664d3d53e138ef1b96fedd3d4156afa5e317217d345025e22d68a7e77e,Verified,1,1,1,0,1,0,0,1,Synthetic development/demo dataset
RS-PROP-0146,USR-1001,Suresh Vaidyanathan,USR-1001,USR-1051,SUR-398/5C,4800.0,"Kattur, Srirangam, Tiruchirappalli",Tiruchirappalli,Tamil Nadu,Land Record,RS-DOC-0146-2,2024-12-11,Rajesh Swaminathan,4,20d3c1036c4412313d617c3fa281e9cd6d2224876029d7531e58d0a16909c1e0,Verified,1,1,1,0,1,0,0,1,Synthetic development/demo dataset
RS-PROP-0146,USR-1001,Suresh Vaidyanathan,USR-1001,USR-1051,SUR-398/5C,4800.0,"Kattur, Srirangam, Tiruchirappalli",Tiruchirappalli,Tamil Nadu,Encumbrance Certificate,RS-DOC-0146-3,2024-12-11,Rajesh Swaminathan,4,f2cc8ae60157c96891e8875fddf7f8e8058e99e68bc9a95bed2f18a2e6d67553,Verified,1,1,1,0,1,0,0,1,Synthetic development/demo dataset
RS-PROP-0147,USR-1003,Madhavan Natarajan,USR-1003,USR-1053,SUR-562/51,3000.0,"Anna Nagar, Thirumangalam, Madurai",Madurai,Tamil Nadu,Sale Deed,RS-DOC-0147-1,2018-03-26,Kavitha Ramesh,5,0c7f7834a9ae023b57284f8c5442b32a43fd4dadc89c242302e83d4da8ded76e,Hash Mismatch,1,1,1,0,1,0,0,1,Synthetic development/demo dataset
RS-PROP-0147,USR-1003,Madhavan Natarajan,USR-1003,USR-1053,SUR-562/51,3000.0,"Anna Nagar, Thirumangalam, Madurai",Madurai,Tamil Nadu,Land Record,RS-DOC-0147-2,2018-03-26,Kavitha Ramesh,5,810299d6e538c5955421fb3e653501c62c35d70199e412f870b570740a96f4a6,Verified,1,1,1,0,1,0,0,1,Synthetic development/demo dataset
RS-PROP-0147,USR-1003,Madhavan Natarajan,USR-1003,USR-1053,SUR-562/51,3000.0,"Anna Nagar, Thirumangalam, Madurai",Madurai,Tamil Nadu,Encumbrance Certificate,RS-DOC-0147-3,2018-03-26,Kavitha Ramesh,5,6aca0b4b02a81ed35ae6c67778efefb7a3470495be38bf558dcc5ccfe48e9e19,Verified,1,1,1,0,1,0,0,1,Synthetic development/demo dataset
RS-PROP-0148,USR-1005,Siddharth Ganesan,USR-1005,USR-1055,SUR-573/2B,1500.0,"Kallakudi, Srirangam, Tiruchirappalli",Tiruchirappalli,Tamil Nadu,Sale Deed,RS-DOC-0148-1,2018-04-05,Vijay Gopal,1,f124b8d1ae2763f0646a3e4540e1367a2d3b2d1724bde26f2a21770c427624ce,Verified,1,1,1,0,0,0,0,0,Synthetic development/demo dataset
RS-PROP-0148,USR-1005,Siddharth Ganesan,USR-1005,USR-1055,SUR-573/2B,1500.0,"Kallakudi, Srirangam, Tiruchirappalli",Tiruchirappalli,Tamil Nadu,Land Record,RS-DOC-0148-2,2018-04-05,Vijay Gopal,1,bc9235c6f8cbf070ac15e66e17cfa3d8c9184e314d0bbb2e5c63670ceeb98cd5,Verified,1,1,1,0,0,0,0,0,Synthetic development/demo dataset
RS-PROP-0148,USR-1005,Siddharth Ganesan,USR-1005,USR-1055,SUR-573/2B,1500.0,"Kallakudi, Srirangam, Tiruchirappalli",Tiruchirappalli,Tamil Nadu,Encumbrance Certificate,RS-DOC-0148-3,2018-04-05,Vijay Gopal,1,bb8189ef09525b1393126972ffef6e4cd15a13f5ddb01f4a280e1db380fcfe9e,Verified,1,1,1,0,0,0,0,0,Synthetic development/demo dataset
RS-PROP-0148,USR-1005,Siddharth Ganesan,USR-1005,USR-1055,SUR-573/2B,1500.0,"Kallakudi, Srirangam, Tiruchirappalli",Tiruchirappalli,Tamil Nadu,Property Tax Receipt,RS-DOC-0148-4,2018-04-05,Vijay Gopal,1,fa28bb9d54a04bc6a713d556384b240f6942e3758187f9832d8f013e04006647,Verified,1,1,1,0,0,0,0,0,Synthetic development/demo dataset
RS-PROP-0149,USR-1008,Deepa Iyer,USR-1008,USR-1057,SUR-194/6A,1200.0,"Kattur, Thiruverumbur, Tiruchirappalli",Tiruchirappalli,Tamil Nadu,Sale Deed,RS-DOC-0149-1,2018-03-19,Poornima Gopal,1,94e3a0338cf359869e2ac9dc1166b2b0715d74ff3a2d770b8681d42b8113732d,Verified,1,1,1,0,0,0,0,0,Synthetic development/demo dataset
RS-PROP-0149,USR-1008,Deepa Iyer,USR-1008,USR-1057,SUR-194/6A,1200.0,"Kattur, Thiruverumbur, Tiruchirappalli",Tiruchirappalli,Tamil Nadu,Land Record,RS-DOC-0149-2,2018-03-19,Poornima Gopal,1,8535dc9327a9df69a197a0453e6ba023f8075b6ba885ec52366eafbddb7ec0ec,Verified,1,1,1,0,0,0,0,0,Synthetic development/demo dataset
RS-PROP-0149,USR-1008,Deepa Iyer,USR-1008,USR-1057,SUR-194/6A,1200.0,"Kattur, Thiruverumbur, Tiruchirappalli",Tiruchirappalli,Tamil Nadu,Encumbrance Certificate,RS-DOC-0149-3,2018-03-19,Poornima Gopal,1,a84d0adafb769cfb610fd10965ad1d255792e849c86fa087f0fb8854a4a0074b,Verified,1,1,1,0,0,0,0,0,Synthetic development/demo dataset
RS-PROP-0149,USR-1008,Deepa Iyer,USR-1008,USR-1057,SUR-194/6A,1200.0,"Kattur, Thiruverumbur, Tiruchirappalli",Tiruchirappalli,Tamil Nadu,Property Tax Receipt,RS-DOC-0149-4,2018-03-19,Poornima Gopal,1,dbf320f6b01218082cfe515c95a7c1ec7301b241549c311aadb943a0dedc35f6,Verified,1,1,1,0,0,0,0,0,Synthetic development/demo dataset
RS-PROP-0150,USR-1010,Balaji Murugan,USR-1010,USR-1059,SUR-135/4C,5400.0,"Oragadam, Kundrathur, Kanchipuram",Kanchipuram,Tamil Nadu,Sale Deed,RS-DOC-0150-1,2022-08-02,Venkatesh Murugan,2,85ac2c603d0a7d2238a80e37e62532814824bf748ece984de6e17d25ba620636,Verified,1,1,1,0,0,0,0,0,Synthetic development/demo dataset
RS-PROP-0150,USR-1010,Balaji Murugan,USR-1010,USR-1059,SUR-135/4C,5400.0,"Oragadam, Kundrathur, Kanchipuram",Kanchipuram,Tamil Nadu,Land Record,RS-DOC-0150-2,2022-08-02,Venkatesh Murugan,2,24c8d11eee893c75dad0e3944e4e52d1851caf1ef6eda7c3b86788c9f1a32a27,Verified,1,1,1,0,0,0,0,0,Synthetic development/demo dataset
RS-PROP-0150,USR-1010,Balaji Murugan,USR-1010,USR-1059,SUR-135/4C,5400.0,"Oragadam, Kundrathur, Kanchipuram",Kanchipuram,Tamil Nadu,Encumbrance Certificate,RS-DOC-0150-3,2022-08-02,Venkatesh Murugan,2,fafae919be7a17313eb60873d517798f36bbe464870fa689cd3760d9be25df65,Verified,1,1,1,0,0,0,0,0,Synthetic development/demo dataset
RS-PROP-0151,USR-1012,Priya Gopal,USR-1012,USR-1002,SUR-657/8C,9600.0,"Ponmalai, Lalgudi, Tiruchirappalli",Tiruchirappalli,Tamil Nadu,Sale Deed,RS-DOC-0151-1,2021-05-06,Priya Rao,3,98a262579725e2c81502245c5b53e045e59bb69de3684dc414cd4fd12d2a58f2,Verified,1,1,1,0,0,1,0,0,Synthetic development/demo dataset
RS-PROP-0151,USR-1012,Priya Gopal,USR-1012,USR-1002,SUR-657/8C,9600.0,"Ponmalai, Lalgudi, Tiruchirappalli",Tiruchirappalli,Tamil Nadu,Land Record,RS-DOC-0151-2,2021-05-06,Priya Rao,3,2305c37a09611f628afaf674d290e5dcdcd92319fba892bf87d4001fd2109b82,Verified,1,1,1,0,0,1,0,0,Synthetic development/demo dataset
RS-PROP-0151,USR-1012,Priya Gopal,USR-1012,USR-1002,SUR-657/8C,9600.0,"Ponmalai, Lalgudi, Tiruchirappalli",Tiruchirappalli,Tamil Nadu,Encumbrance Certificate,RS-DOC-0151-3,2021-05-06,Priya Rao,3,9db258ac6e1244b2ab20421b07ca7604995cbeddef02371fd963189010b3ff95,Verified,1,1,1,0,0,1,0,0,Synthetic development/demo dataset
RS-PROP-0151,USR-1012,Priya Gopal,USR-1012,USR-1002,SUR-657/8C,9600.0,"Ponmalai, Lalgudi, Tiruchirappalli",Tiruchirappalli,Tamil Nadu,Property Tax Receipt,RS-DOC-0151-4,2021-05-06,Priya Rao,3,72fcd0d87c6696ef19534bdbf9b647c01f6aa1f4171b4b2e1dba1f7df67777ab,Verified,1,1,1,0,0,1,0,0,Synthetic development/demo dataset
RS-PROP-0152,USR-1014,Suresh Chandran,USR-1014,USR-1004,SUR-959/3B,2400.0,"Othakadai, Melur, Madurai",Madurai,Tamil Nadu,Sale Deed,RS-DOC-0152-1,2020-12-23,Dinesh Srinivasan,3,0c2066f23b2a8261b4e50b8c0e235e086872a212bfb539609eed67e40a5e718b,Verified,1,1,1,0,0,0,0,0,Synthetic development/demo dataset
RS-PROP-0152,USR-1014,Suresh Chandran,USR-1014,USR-1004,SUR-959/3B,2400.0,"Othakadai, Melur, Madurai",Madurai,Tamil Nadu,Land Record,RS-DOC-0152-2,2020-12-23,Dinesh Srinivasan,3,71cf659d1ce39e86e1a9b5eed600c0a52c0ced94e1d16ff507a28b4c7b397684,Verified,1,1,1,0,0,0,0,0,Synthetic development/demo dataset
RS-PROP-0152,USR-1014,Suresh Chandran,USR-1014,USR-1004,SUR-959/3B,2400.0,"Othakadai, Melur, Madurai",Madurai,Tamil Nadu,Encumbrance Certificate,RS-DOC-0152-3,2020-12-23,Dinesh Srinivasan,3,376b0291bb26de493f4259a799a90d1d1a4adb27216fe9a1954ff1ef14bb2030,Verified,1,1,1,0,0,0,0,0,Synthetic development/demo dataset
RS-PROP-0153,USR-1016,Uma Ganesan,USR-1016,USR-1006,SUR-138/2A,2400.0,"Thandalam, Kanchipuram, Kanchipuram",Kanchipuram,Tamil Nadu,Sale Deed,RS-DOC-0153-1,2019-01-17,Vignesh Kumar,2,f9229a2757fb864796da3a1181626d11d706b14321b301ec26601ef294956a3e,Verified,1,1,1,0,0,0,0,0,Synthetic development/demo dataset
RS-PROP-0153,USR-1016,Uma Ganesan,USR-1016,USR-1006,SUR-138/2A,2400.0,"Thandalam, Kanchipuram, Kanchipuram",Kanchipuram,Tamil Nadu,Land Record,RS-DOC-0153-2,2019-01-17,Vignesh Kumar,2,c23117e6db7811319621b3c922774aaaf544490dd46c88c8fb35cf5b07e8d977,Verified,1,1,1,0,0,0,0,0,Synthetic development/demo dataset
RS-PROP-0153,USR-1016,Uma Ganesan,USR-1016,USR-1006,SUR-138/2A,2400.0,"Thandalam, Kanchipuram, Kanchipuram",Kanchipuram,Tamil Nadu,Encumbrance Certificate,RS-DOC-0153-3,2019-01-17,Vignesh Kumar,2,f421cae90e2abe4bdc157e5ce1ef74ea4a631f5fef9d34e10cf9a94f5bb65cfb,Verified,1,1,1,0,0,0,0,0,Synthetic development/demo dataset
RS-PROP-0154,USR-1018,Rajesh Ramesh,USR-1018,USR-1007,SUR-821/3A,9600.0,"Adambakkam, Alandur, Chennai",Chennai,Tamil Nadu,Sale Deed,RS-DOC-0154-1,2018-06-23,Harini Srinivasan,3,26710efd893dcafbbff58c519175f2961c094fd6ded03fb2cf36d6f9a568ecc5,Verified,1,1,0,0,0,0,0,0,Synthetic development/demo dataset
RS-PROP-0154,USR-1018,Rajesh Ramesh,USR-1018,USR-1007,SUR-821/3A,9600.0,"Adambakkam, Alandur, Chennai",Chennai,Tamil Nadu,Land Record,RS-DOC-0154-2,2018-06-23,Harini Srinivasan,3,a9d5037b4c25abfdb878b56b79e2b2fd1ac3a8690e186daf39d8917e2e7fc801,Verified,1,1,0,0,0,0,0,0,Synthetic development/demo dataset
RS-PROP-0154,USR-1018,Rajesh Ramesh,USR-1018,USR-1007,SUR-821/3A,9600.0,"Adambakkam, Alandur, Chennai",Chennai,Tamil Nadu,Encumbrance Certificate,RS-DOC-0154-3,2018-06-23,Harini Srinivasan,3,02604624a474af2d9a50aad68c6c3d93c76a0abf5db8aa2466d0401c3d9378ef,Verified,1,1,0,0,0,0,0,0,Synthetic development/demo dataset
RS-PROP-0154,USR-1018,Rajesh Ramesh,USR-1018,USR-1007,SUR-821/3A,9600.0,"Adambakkam, Alandur, Chennai",Chennai,Tamil Nadu,Property Tax Receipt,RS-DOC-0154-4,2018-06-23,Harini Srinivasan,3,d9d90de071c760e41c8d138db0fd95e096704f2aebec4d600e4464083de04d44,Verified,1,1,0,0,0,0,0,0,Synthetic development/demo dataset
RS-PROP-0155,USR-1020,Dinesh Chandran,USR-1020,USR-1009,SUR-414/5B,1800.0,"Ponmalai, Srirangam, Tiruchirappalli",Tiruchirappalli,Tamil Nadu,Sale Deed,RS-DOC-0155-1,2018-12-19,Harini Srinivasan,2,1f55829a9a46c8f73c0623f501da5bf9d92facf8544f5b208a1b67df8b4f8a84,Verified,1,1,1,0,0,0,0,0,Synthetic development/demo dataset
RS-PROP-0155,USR-1020,Dinesh Chandran,USR-1020,USR-1009,SUR-414/5B,1800.0,"Ponmalai, Srirangam, Tiruchirappalli",Tiruchirappalli,Tamil Nadu,Land Record,RS-DOC-0155-2,2018-12-19,Harini Srinivasan,2,1123cac185d63995984228bc912477273df8ed868f0e3d48fed6fe3677b6b437,Verified,1,1,1,0,0,0,0,0,Synthetic development/demo dataset
RS-PROP-0155,USR-1020,Dinesh Chandran,USR-1020,USR-1009,SUR-414/5B,1800.0,"Ponmalai, Srirangam, Tiruchirappalli",Tiruchirappalli,Tamil Nadu,Encumbrance Certificate,RS-DOC-0155-3,2018-12-19,Harini Srinivasan,2,cc1fa13db2792ca57581201d297a087b4baa222e076688512b85e8365a0aa788,Verified,1,1,1,0,0,0,0,0,Synthetic development/demo dataset
RS-PROP-0156,USR-1022,Uma Subramanian,USR-1022,USR-1011,SUR-455/6B,1500.0,"Oragadam, Sriperumbudur, Kanchipuram",Kanchipuram,Tamil Nadu,Sale Deed,RS-DOC-0156-1,2023-11-24,Bhavani Swaminathan,3,cae29062a515a9bb84f765e69f1b99aa9b5dadaff207a85c8a34c2a42f92451e,Verified,1,0,1,0,0,0,0,1,Synthetic development/demo dataset
RS-PROP-0156,USR-1022,Uma Subramanian,USR-1022,USR-1011,SUR-455/6B,1500.0,"Oragadam, Sriperumbudur, Kanchipuram",Kanchipuram,Tamil Nadu,Land Record,RS-DOC-0156-2,2023-11-24,Bhavani Swaminathan,3,6f5be4e83b15c1ba915731ab2c931ed593d2dcd639ce1a261014e2aae343bc94,Verified,1,0,1,0,0,0,0,1,Synthetic development/demo dataset
RS-PROP-0156,USR-1022,Uma Subramanian,USR-1022,USR-1011,SUR-455/6B,1500.0,"Oragadam, Sriperumbudur, Kanchipuram",Kanchipuram,Tamil Nadu,Encumbrance Certificate,RS-DOC-0156-3,2023-11-24,Bhavani Swaminathan,3,ee77d6f7c7f22c283d9ff246cea11a58be2b5cf93e6a365f3e8e4934909e1873,Verified,1,0,1,0,0,0,0,1,Synthetic development/demo dataset
RS-PROP-0157,USR-1024,Madhavan Krishnan,USR-1024,USR-1013,SUR-459/91,1500.0,"Kovaipudur, Sulur, Coimbatore",Coimbatore,Tamil Nadu,Sale Deed,RS-DOC-0157-1,2024-10-21,Sundar Krishnan,1,2db5d38a648ccd84efa06c5340c46c111cffcf9f421c358f5e813c0bf8c10cd5,Verified,1,1,1,0,0,0,0,0,Synthetic development/demo dataset
RS-PROP-0157,USR-1024,Madhavan Krishnan,USR-1024,USR-1013,SUR-459/91,1500.0,"Kovaipudur, Sulur, Coimbatore",Coimbatore,Tamil Nadu,Land Record,RS-DOC-0157-2,2024-10-21,Sundar Krishnan,1,deca6eff08eefdd6ae1308eec0a3b52add8c9527d3e19d5b8008bbc968990bd7,Verified,1,1,1,0,0,0,0,0,Synthetic development/demo dataset
RS-PROP-0157,USR-1024,Madhavan Krishnan,USR-1024,USR-1013,SUR-459/91,1500.0,"Kovaipudur, Sulur, Coimbatore",Coimbatore,Tamil Nadu,Encumbrance Certificate,RS-DOC-0157-3,2024-10-21,Sundar Krishnan,1,6ffb7f4b87dd34fb315fb422d7003a583fbcfc46b3898dbb821651a805506a91,Verified,1,1,1,0,0,0,0,0,Synthetic development/demo dataset
RS-PROP-0157,USR-1024,Madhavan Krishnan,USR-1024,USR-1013,SUR-459/91,1500.0,"Kovaipudur, Sulur, Coimbatore",Coimbatore,Tamil Nadu,Property Tax Receipt,RS-DOC-0157-4,2024-10-21,Sundar Krishnan,1,3f16757b7f222bb91533117b117a50f4dc83051171d2746c5bd7a840f510fe3e,Verified,1,1,1,0,0,0,0,0,Synthetic development/demo dataset
RS-PROP-0158,USR-1026,Ganesh Natarajan,USR-1026,USR-1015,SUR-484/3A,9600.0,"Velachery East, Guindy, Chennai",Chennai,Tamil Nadu,Sale Deed,RS-DOC-0158-1,2020-10-20,Vignesh Kumar,2,9e1d7a367b53adbc3f13c6a36c8439e876d24b21d0792f2fbb00d46dcb1acdb7,Verified,1,1,1,0,0,0,0,0,Synthetic development/demo dataset
RS-PROP-0158,USR-1026,Ganesh Natarajan,USR-1026,USR-1015,SUR-484/3A,9600.0,"Velachery East, Guindy, Chennai",Chennai,Tamil Nadu,Land Record,RS-DOC-0158-2,2020-10-20,Vignesh Kumar,2,ff9a4547b90954b5a4085d62f55d8ab1d06d67360c882f59d0b9f6a98dcee775,Verified,1,1,1,0,0,0,0,0,Synthetic development/demo dataset
RS-PROP-0158,USR-1026,Ganesh Natarajan,USR-1026,USR-1015,SUR-484/3A,9600.0,"Velachery East, Guindy, Chennai",Chennai,Tamil Nadu,Encumbrance Certificate,RS-DOC-0158-3,2020-10-20,Vignesh Kumar,2,2de609eaf801a920f7e15e8b5930120bf5ccb1472e413eb9d95bc5953e8f37bc,Verified,1,1,1,0,0,0,0,0,Synthetic development/demo dataset
RS-PROP-0158,USR-1026,Ganesh Natarajan,USR-1026,USR-1015,SUR-484/3A,9600.0,"Velachery East, Guindy, Chennai",Chennai,Tamil Nadu,Property Tax Receipt,RS-DOC-0158-4,2020-10-20,Vignesh Kumar,2,2b3e0132a9933b858075e8d283bc45750d9a8f1d4d931d2c933d4da0ae05c361,Verified,1,1,1,0,0,0,0,0,Synthetic development/demo dataset
RS-PROP-0159,USR-1028,Bhavani Iyer,USR-1028,USR-1017,SUR-839/9C,3000.0,"Maraimalai Nagar, Maduranthakam, Chengalpattu",Chengalpattu,Tamil Nadu,Sale Deed,RS-DOC-0159-1,2019-02-02,Harini Srinivasan,4,80d6e014fbed71eff29cb59e67da11d2d15b9b50db03bcf5502f72b65f57710c,Verified,1,1,1,0,0,1,1,1,Synthetic development/demo dataset
RS-PROP-0160,USR-1030,Lakshmi Pillai,USR-1030,USR-1019,SUR-415/71,5400.0,"Madipakkam, Velachery, Chennai",Chennai,Tamil Nadu,Sale Deed,RS-DOC-0160-1,2020-02-21,Aravind Krishnan,4,f3235d81e19fa9aca0b390477407969dfebe08d49ebcdd6bcef262863fd84f46,Verified,1,1,1,0,0,0,0,0,Synthetic development/demo dataset
RS-PROP-0160,USR-1030,Lakshmi Pillai,USR-1030,USR-1019,SUR-415/71,5400.0,"Madipakkam, Velachery, Chennai",Chennai,Tamil Nadu,Land Record,RS-DOC-0160-2,2020-02-21,Aravind Krishnan,4,e76791882bb2b4af7d80d2d635996af8dbba3446d7d1c004992c036e5f613d1d,Verified,1,1,1,0,0,0,0,0,Synthetic development/demo dataset
RS-PROP-0160,USR-1030,Lakshmi Pillai,USR-1030,USR-1019,SUR-415/71,5400.0,"Madipakkam, Velachery, Chennai",Chennai,Tamil Nadu,Encumbrance Certificate,RS-DOC-0160-3,2020-02-21,Aravind Krishnan,4,904665aec85d71a6d5bbccfcfe159834fe84d338c5cb555dc228406e055409f9,Verified,1,1,1,0,0,0,0,0,Synthetic development/demo dataset
RS-PROP-0160,USR-1030,Lakshmi Pillai,USR-1030,USR-1019,SUR-415/71,5400.0,"Madipakkam, Velachery, Chennai",Chennai,Tamil Nadu,Property Tax Receipt,RS-DOC-0160-4,2020-02-21,Aravind Krishnan,4,7ab13ced0629a3209149ff9287e5f28a0e517867ffa4f14db06272edfb41dfa4,Verified,1,1,1,0,0,0,0,0,Synthetic development/demo dataset
RS-PROP-0161,USR-1032,Gayathri Murugan,USR-1032,USR-1021,SUR-163/3A,1500.0,"Maraimalai Nagar, Thiruporur, Chengalpattu",Chengalpattu,Tamil Nadu,Sale Deed,RS-DOC-0161-1,2020-09-14,Sundar Ganesan,4,f13a729916ad3addbf99f5146dbb9cedee6e93f9ce1bafbaffb6501086722ef3,Verified,1,1,1,0,0,0,0,0,Synthetic development/demo dataset
RS-PROP-0161,USR-1032,Gayathri Murugan,USR-1032,USR-1021,SUR-163/3A,1500.0,"Maraimalai Nagar, Thiruporur, Chengalpattu",Chengalpattu,Tamil Nadu,Land Record,RS-DOC-0161-2,2020-09-14,Sundar Ganesan,4,ead4f45b147b34a0f3aec82f98c61f3626c9c0d9022d5221b590a4387ee42ecb,Verified,1,1,1,0,0,0,0,0,Synthetic development/demo dataset
RS-PROP-0161,USR-1032,Gayathri Murugan,USR-1032,USR-1021,SUR-163/3A,1500.0,"Maraimalai Nagar, Thiruporur, Chengalpattu",Chengalpattu,Tamil Nadu,Encumbrance Certificate,RS-DOC-0161-3,2020-09-14,Sundar Ganesan,4,4db471b4e6e7fee0e8dffd260b607f136d546568f53b57dbbe2760e8342f9313,Verified,1,1,1,0,0,0,0,0,Synthetic development/demo dataset
RS-PROP-0162,USR-1034,Vignesh Srinivasan,USR-1034,USR-1023,SUR-180/7A,9600.0,"Padur, Maduranthakam, Chengalpattu",Chengalpattu,Tamil Nadu,Sale Deed,RS-DOC-0162-1,2022-10-22,Saravanan Natarajan,2,f4e2e43e0c2fcf2e4a3b31fd169e875f5f18886d6a0eb4243727a29b0d2c5f48,Verified,1,1,1,0,0,0,0,0,Synthetic development/demo dataset
RS-PROP-0162,USR-1034,Vignesh Srinivasan,USR-1034,USR-1023,SUR-180/7A,9600.0,"Padur, Maduranthakam, Chengalpattu",Chengalpattu,Tamil Nadu,Land Record,RS-DOC-0162-2,2022-10-22,Saravanan Natarajan,2,64b210510e0d458ff1507b3a366c00fd53715c57f888d0413a42a52c477ab281,Verified,1,1,1,0,0,0,0,0,Synthetic development/demo dataset
RS-PROP-0162,USR-1034,Vignesh Srinivasan,USR-1034,USR-1023,SUR-180/7A,9600.0,"Padur, Maduranthakam, Chengalpattu",Chengalpattu,Tamil Nadu,Encumbrance Certificate,RS-DOC-0162-3,2022-10-22,Saravanan Natarajan,2,b38c2e382d7761d1fb94a73923f35aaa955bdaeffdd35f394993002e1f28fd79,Verified,1,1,1,0,0,0,0,0,Synthetic development/demo dataset
RS-PROP-0163,USR-1036,Meenakshi Ramesh,USR-1036,USR-1025,SUR-306/32,3000.0,"Kovaipudur, Coimbatore South, Coimbatore",Coimbatore,Tamil Nadu,Sale Deed,RS-DOC-0163-1,2023-02-03,Aravind Ganesan,3,d112aff6a0c1ec51ab0fc8126fa3759038e34422fd577115cabc31bc183f2c6b,Verified,1,1,1,0,0,0,0,0,Synthetic development/demo dataset
RS-PROP-0163,USR-1036,Meenakshi Ramesh,USR-1036,USR-1025,SUR-306/32,3000.0,"Kovaipudur, Coimbatore South, Coimbatore",Coimbatore,Tamil Nadu,Land Record,RS-DOC-0163-2,2023-02-03,Aravind Ganesan,3,a9879c6d50b91798fbe2cf2538d5e1f79969e018a4c913c6c3bec76fd80eaf85,Verified,1,1,1,0,0,0,0,0,Synthetic development/demo dataset
RS-PROP-0163,USR-1036,Meenakshi Ramesh,USR-1036,USR-1025,SUR-306/32,3000.0,"Kovaipudur, Coimbatore South, Coimbatore",Coimbatore,Tamil Nadu,Encumbrance Certificate,RS-DOC-0163-3,2023-02-03,Aravind Ganesan,3,9bce4297515f1b7f4fea1bb58852d9b62d664315524bd28c7f4986e1979328f4,Verified,1,1,1,0,0,0,0,0,Synthetic development/demo dataset
RS-PROP-0164,USR-1038,Arun Srinivasan,USR-1038,USR-1027,SUR-524/3B,1500.0,"Koodal Nagar, Melur, Madurai",Madurai,Tamil Nadu,Sale Deed,RS-DOC-0164-1,2022-02-26,Manoj Ganesan,4,814a8f0f1758010596a3fe868671333f4e8396620ab6166857729dddf733a115,Verified,1,1,0,0,0,0,1,1,Synthetic development/demo dataset
RS-PROP-0165,USR-1040,Harini Ramesh,USR-1040,USR-1029,SUR-150/8C,3600.0,"Peelamedu, Pollachi, Coimbatore",Coimbatore,Tamil Nadu,Sale Deed,RS-DOC-0165-1,2020-05-10,Revathi Thyagarajan,2,6fdddfdb431ce4325617764dc0f585bc43c00eda2bdd6837fe538be661eff9ac,Verified,1,1,0,0,0,0,1,1,Synthetic development/demo dataset
RS-PROP-0166,USR-1042,Siddharth Iyer,USR-1042,USR-1031,SUR-988/6A,9600.0,"Singanallur, Sulur, Coimbatore",Coimbatore,Tamil Nadu,Sale Deed,RS-DOC-0166-1,2018-05-23,Harini Subramanian,3,94ef98e309a6432ebc64cda152f047ba5d5b15a5cac96e58c8c1e44ad4201219,Verified,1,1,1,0,1,0,0,1,Synthetic development/demo dataset
RS-PROP-0166,USR-1042,Siddharth Iyer,USR-1042,USR-1031,SUR-988/6A,9600.0,"Singanallur, Sulur, Coimbatore",Coimbatore,Tamil Nadu,Land Record,RS-DOC-0166-2,2018-05-23,Harini Subramanian,3,382c1231d504490edd7c55b272ebe5b02a6bd454bdb0f9679405f7fc5bc74c20,Verified,1,1,1,0,1,0,0,1,Synthetic development/demo dataset
RS-PROP-0166,USR-1042,Siddharth Iyer,USR-1042,USR-1031,SUR-988/6A,9600.0,"Singanallur, Sulur, Coimbatore",Coimbatore,Tamil Nadu,Encumbrance Certificate,RS-DOC-0166-3,2018-05-23,Harini Subramanian,3,751ff187e53ee6074988da82515b11b3baa11ae72de4b30c7953e4260544828f,Verified,1,1,1,0,1,0,0,1,Synthetic development/demo dataset
RS-PROP-0166,USR-1042,Siddharth Iyer,USR-1042,USR-1031,SUR-988/6A,9600.0,"Singanallur, Sulur, Coimbatore",Coimbatore,Tamil Nadu,Property Tax Receipt,RS-DOC-0166-4,2018-05-23,Harini Subramanian,3,0f274484793d806d101f582281882ed0ced94fe1daaa7288c75a6b8027a87e34,Verified,1,1,1,0,1,0,0,1,Synthetic development/demo dataset
RS-PROP-0167,USR-1044,Gayathri Balasubramanian,USR-1044,USR-1033,SUR-347/61,5400.0,"Saravanampatti, Coimbatore South, Coimbatore",Coimbatore,Tamil Nadu,Sale Deed,RS-DOC-0167-1,2024-08-19,Dinesh Reddy,3,ca52b5141e9502aeb54bc9d6a8383816f43e37137a8a5316267abb35a2544d3d,Verified,1,1,1,0,0,0,0,0,Synthetic development/demo dataset
RS-PROP-0167,USR-1044,Gayathri Balasubramanian,USR-1044,USR-1033,SUR-347/61,5400.0,"Saravanampatti, Coimbatore South, Coimbatore",Coimbatore,Tamil Nadu,Land Record,RS-DOC-0167-2,2024-08-19,Dinesh Reddy,3,e97cc677211e0b8b345279411f00d5b4095010a224b04f9eeb44e94690f5cec9,Verified,1,1,1,0,0,0,0,0,Synthetic development/demo dataset
RS-PROP-0167,USR-1044,Gayathri Balasubramanian,USR-1044,USR-1033,SUR-347/61,5400.0,"Saravanampatti, Coimbatore South, Coimbatore",Coimbatore,Tamil Nadu,Encumbrance Certificate,RS-DOC-0167-3,2024-08-19,Dinesh Reddy,3,42e499562cd35ef188528112ca8032814df73325577e003ffb2742e093e31268,Verified,1,1,1,0,0,0,0,0,Synthetic development/demo dataset
RS-PROP-0167,USR-1044,Gayathri Balasubramanian,USR-1044,USR-1033,SUR-347/61,5400.0,"Saravanampatti, Coimbatore South, Coimbatore",Coimbatore,Tamil Nadu,Property Tax Receipt,RS-DOC-0167-4,2024-08-19,Dinesh Reddy,3,90ef36da4d94ee0865e213de1c38578639b04fc04279c59160f56a5fda63afe4,Verified,1,1,1,0,0,0,0,0,Synthetic development/demo dataset
RS-PROP-0168,USR-1046,Suresh Krishnan,USR-1046,USR-1035,SUR-762/4B,3000.0,"Anna Nagar, Madurai South, Madurai",Madurai,Tamil Nadu,Sale Deed,RS-DOC-0168-1,2021-09-01,Arun Thyagarajan,2,ff5aab86dba7a12efaa8356096a127b2959e22a7a3317d05e8a889cbe685633d,Verified,1,1,1,0,0,0,0,0,Synthetic development/demo dataset
RS-PROP-0168,USR-1046,Suresh Krishnan,USR-1046,USR-1035,SUR-762/4B,3000.0,"Anna Nagar, Madurai South, Madurai",Madurai,Tamil Nadu,Land Record,RS-DOC-0168-2,2021-09-01,Arun Thyagarajan,2,059880f99b5c62a8015df533a2348398eebfaeacf968c2bd77e98ace8ad3e625,Verified,1,1,1,0,0,0,0,0,Synthetic development/demo dataset
RS-PROP-0168,USR-1046,Suresh Krishnan,USR-1046,USR-1035,SUR-762/4B,3000.0,"Anna Nagar, Madurai South, Madurai",Madurai,Tamil Nadu,Encumbrance Certificate,RS-DOC-0168-3,2021-09-01,Arun Thyagarajan,2,ba41aaed7b397a64d0b0e8e6a92426bf59f315aa987d9e878a5044350291e3f6,Verified,1,1,1,0,0,0,0,0,Synthetic development/demo dataset
RS-PROP-0168,USR-1046,Suresh Krishnan,USR-1046,USR-1035,SUR-762/4B,3000.0,"Anna Nagar, Madurai South, Madurai",Madurai,Tamil Nadu,Property Tax Receipt,RS-DOC-0168-4,2021-09-01,Arun Thyagarajan,2,73c67361d0a60c42d7e39a8566f05fc757d8b128e86916aec14e814bfe4d802b,Verified,1,1,1,0,0,0,0,0,Synthetic development/demo dataset
RS-PROP-0169,USR-1048,Kavitha Murugan,USR-1048,USR-1037,SUR-570/5B,5400.0,"Gandhipuram, Sulur, Coimbatore",Coimbatore,Tamil Nadu,Sale Deed,RS-DOC-0169-1,2023-09-27,Harini Srinivasan,1,756b354954311c28c02936d7f210918429a601f371cb5ba29db2d1ba8b1b1c50,Verified,1,1,1,0,0,0,0,0,Synthetic development/demo dataset
RS-PROP-0169,USR-1048,Kavitha Murugan,USR-1048,USR-1037,SUR-570/5B,5400.0,"Gandhipuram, Sulur, Coimbatore",Coimbatore,Tamil Nadu,Land Record,RS-DOC-0169-2,2023-09-27,Harini Srinivasan,1,c22057022fa68549ea43faffa526a712b70eb4e40390cb4f0f441c4d69752a94,Verified,1,1,1,0,0,0,0,0,Synthetic development/demo dataset
RS-PROP-0169,USR-1048,Kavitha Murugan,USR-1048,USR-1037,SUR-570/5B,5400.0,"Gandhipuram, Sulur, Coimbatore",Coimbatore,Tamil Nadu,Encumbrance Certificate,RS-DOC-0169-3,2023-09-27,Harini Srinivasan,1,83318e9c2ffd97534d9ce6b56b6439cf8de7e941e0b6f05034d524871a8b9621,Verified,1,1,1,0,0,0,0,0,Synthetic development/demo dataset
RS-PROP-0170,USR-1050,Manoj Pillai,USR-1050,USR-1039,SUR-165/6C,3600.0,"Ponmalai, Tiruchirappalli West, Tiruchirappalli",Tiruchirappalli,Tamil Nadu,Sale Deed,RS-DOC-0170-1,2020-11-23,Kavitha Iyer,2,da7608974ea9d8f465a96b3f0e14f96ea426a8feb7e30256e2b5542fd8f385dc,Verified,1,1,1,0,0,0,0,0,Synthetic development/demo dataset
RS-PROP-0170,USR-1050,Manoj Pillai,USR-1050,USR-1039,SUR-165/6C,3600.0,"Ponmalai, Tiruchirappalli West, Tiruchirappalli",Tiruchirappalli,Tamil Nadu,Land Record,RS-DOC-0170-2,2020-11-23,Kavitha Iyer,2,f57699d23ab18207d2e1170fbb7c9c6b3f66b0bae53c1f4b6fc1f9a1e03d35f8,Verified,1,1,1,0,0,0,0,0,Synthetic development/demo dataset
RS-PROP-0170,USR-1050,Manoj Pillai,USR-1050,USR-1039,SUR-165/6C,3600.0,"Ponmalai, Tiruchirappalli West, Tiruchirappalli",Tiruchirappalli,Tamil Nadu,Encumbrance Certificate,RS-DOC-0170-3,2020-11-23,Kavitha Iyer,2,81b14cbc3a09f8a387e393ed0cb7492a496b618cddbdceabf433d2b404f86856,Verified,1,1,1,0,0,0,0,0,Synthetic development/demo dataset
RS-PROP-0170,USR-1050,Manoj Pillai,USR-1050,USR-1039,SUR-165/6C,3600.0,"Ponmalai, Tiruchirappalli West, Tiruchirappalli",Tiruchirappalli,Tamil Nadu,Property Tax Receipt,RS-DOC-0170-4,2020-11-23,Kavitha Iyer,2,43797ce773bd8c1dbcaf0ef7a84b9dcafbdfdedee45dbc203f37e4ce79c62ea7,Verified,1,1,1,0,0,0,0,0,Synthetic development/demo dataset
RS-PROP-0171,USR-1052,Meenakshi Kumar,USR-1052,USR-1041,SUR-365/71,4800.0,"Srirangam Central, Thiruverumbur, Tiruchirappalli",Tiruchirappalli,Tamil Nadu,Sale Deed,RS-DOC-0171-1,2018-10-23,Vijay Rao,4,a29effadef0811d9b0d67dc4d2757a4ab3471a4d5a433ab2218021a214952d5a,Verified,1,1,1,0,0,0,0,0,Synthetic development/demo dataset
RS-PROP-0171,USR-1052,Meenakshi Kumar,USR-1052,USR-1041,SUR-365/71,4800.0,"Srirangam Central, Thiruverumbur, Tiruchirappalli",Tiruchirappalli,Tamil Nadu,Land Record,RS-DOC-0171-2,2018-10-23,Vijay Rao,4,cd24216d8a4076c1f341e9d300fdb5fda3bb2d5c8c05b6fea531f32cfb0d9192,Verified,1,1,1,0,0,0,0,0,Synthetic development/demo dataset
RS-PROP-0171,USR-1052,Meenakshi Kumar,USR-1052,USR-1041,SUR-365/71,4800.0,"Srirangam Central, Thiruverumbur, Tiruchirappalli",Tiruchirappalli,Tamil Nadu,Encumbrance Certificate,RS-DOC-0171-3,2018-10-23,Vijay Rao,4,d27afec64b74359d90a5d8f237a4345e0a54d0d3f3e3c3642e58615aec2dafb2,Verified,1,1,1,0,0,0,0,0,Synthetic development/demo dataset
RS-PROP-0171,USR-1052,Meenakshi Kumar,USR-1052,USR-1041,SUR-365/71,4800.0,"Srirangam Central, Thiruverumbur, Tiruchirappalli",Tiruchirappalli,Tamil Nadu,Property Tax Receipt,RS-DOC-0171-4,2018-10-23,Vijay Rao,4,f2742d6f94e780b3f9732210a93a79195c6b5628b1ab2089b51d923614993e4a,Verified,1,1,1,0,0,0,0,0,Synthetic development/demo dataset
RS-PROP-0172,USR-1054,Lakshmi Ganesan,USR-1054,USR-1043,SUR-582/3C,9600.0,"Guduvancheri, Thiruporur, Chengalpattu",Chengalpattu,Tamil Nadu,Sale Deed,RS-DOC-0172-1,2023-06-21,Venkatesh Chandran,2,1c6e6a0b5697c918c5f323f898b48bf114e36de87459793a2a7197e8238dbba1,Verified,1,1,1,0,0,0,0,0,Synthetic development/demo dataset
RS-PROP-0172,USR-1054,Lakshmi Ganesan,USR-1054,USR-1043,SUR-582/3C,9600.0,"Guduvancheri, Thiruporur, Chengalpattu",Chengalpattu,Tamil Nadu,Land Record,RS-DOC-0172-2,2023-06-21,Venkatesh Chandran,2,6acf312302c4eb9c441ddc56febb43a500acb9714cad61774726b5e7d7074479,Verified,1,1,1,0,0,0,0,0,Synthetic development/demo dataset
RS-PROP-0172,USR-1054,Lakshmi Ganesan,USR-1054,USR-1043,SUR-582/3C,9600.0,"Guduvancheri, Thiruporur, Chengalpattu",Chengalpattu,Tamil Nadu,Encumbrance Certificate,RS-DOC-0172-3,2023-06-21,Venkatesh Chandran,2,586f06ffc38ecb38541c80bb6dfa4faf8b606bd0514934ac5c631be8aa28c4c0,Verified,1,1,1,0,0,0,0,0,Synthetic development/demo dataset
RS-PROP-0173,USR-1056,Bhavani Reddy,USR-1056,USR-1045,SUR-971/21,1200.0,"Thandalam, Walajabad, Kanchipuram",Kanchipuram,Tamil Nadu,Sale Deed,RS-DOC-0173-1,2022-10-20,Deepa Thyagarajan,1,1545b47f81062cd9d3fc4ca8a486b45dc194d34da1d99b7900cd527f4ef82fe3,Verified,1,1,1,0,0,0,0,0,Synthetic development/demo dataset
RS-PROP-0173,USR-1056,Bhavani Reddy,USR-1056,USR-1045,SUR-971/21,1200.0,"Thandalam, Walajabad, Kanchipuram",Kanchipuram,Tamil Nadu,Land Record,RS-DOC-0173-2,2022-10-20,Deepa Thyagarajan,1,f77d2aa10a54e5d5f8ff7bccb017c218d24c1c9a0a3147822721396e56f6f6f5,Verified,1,1,1,0,0,0,0,0,Synthetic development/demo dataset
RS-PROP-0173,USR-1056,Bhavani Reddy,USR-1056,USR-1045,SUR-971/21,1200.0,"Thandalam, Walajabad, Kanchipuram",Kanchipuram,Tamil Nadu,Encumbrance Certificate,RS-DOC-0173-3,2022-10-20,Deepa Thyagarajan,1,b4bfb09a1118c21e400886fadd54881b58380deed418f808de92081b2733dfa4,Verified,1,1,1,0,0,0,0,0,Synthetic development/demo dataset
RS-PROP-0173,USR-1056,Bhavani Reddy,USR-1056,USR-1045,SUR-971/21,1200.0,"Thandalam, Walajabad, Kanchipuram",Kanchipuram,Tamil Nadu,Property Tax Receipt,RS-DOC-0173-4,2022-10-20,Deepa Thyagarajan,1,ab8f0ee7bf7b1614d9def0ee3e9ce2e259ac87ff5c73a30d14d9ce26d46c6a53,Verified,1,1,1,0,0,0,0,0,Synthetic development/demo dataset
RS-PROP-0174,USR-1058,Suresh Subramanian,USR-1058,USR-1047,SUR-519/8B,3600.0,"Padur, Chengalpattu, Chengalpattu",Chengalpattu,Tamil Nadu,Sale Deed,RS-DOC-0174-1,2019-02-16,Bhavani Krishnan,3,c388f3c39643bfaace9795770824358f71ffc2c3aba3416f86a964b7a68cb65d,Verified,1,1,1,0,0,1,0,0,Synthetic development/demo dataset
RS-PROP-0174,USR-1058,Suresh Subramanian,USR-1058,USR-1047,SUR-519/8B,3600.0,"Padur, Chengalpattu, Chengalpattu",Chengalpattu,Tamil Nadu,Land Record,RS-DOC-0174-2,2019-02-16,Bhavani Krishnan,3,bf606d7431b42ee7fb7eeb2ccdb72402badf444a4e19891ae7ecbd3a62b311dc,Verified,1,1,1,0,0,1,0,0,Synthetic development/demo dataset
RS-PROP-0174,USR-1058,Suresh Subramanian,USR-1058,USR-1047,SUR-519/8B,3600.0,"Padur, Chengalpattu, Chengalpattu",Chengalpattu,Tamil Nadu,Encumbrance Certificate,RS-DOC-0174-3,2019-02-16,Bhavani Krishnan,3,81602d4ea4fb20b1c0c421995ab28ae4e6ecc2beba130239a550f34a2556a030,Verified,1,1,1,0,0,1,0,0,Synthetic development/demo dataset
RS-PROP-0175,USR-1001,Harini Vaidyanathan,USR-1001,USR-1049,SUR-138/9B,3600.0,"Saravanampatti, Sulur, Coimbatore",Coimbatore,Tamil Nadu,Sale Deed,RS-DOC-0175-1,2020-09-07,Priya Kumar,2,311e5addb09667694df63b66540368d948db25070a166b383ababe4315276cde,Verified,1,1,1,0,0,0,0,0,Synthetic development/demo dataset
RS-PROP-0175,USR-1001,Harini Vaidyanathan,USR-1001,USR-1049,SUR-138/9B,3600.0,"Saravanampatti, Sulur, Coimbatore",Coimbatore,Tamil Nadu,Land Record,RS-DOC-0175-2,2020-09-07,Priya Kumar,2,a26cfc5ccc1a20880ffe0490e8f0799260e5c3817894b281f65de44048bc21ff,Verified,1,1,1,0,0,0,0,0,Synthetic development/demo dataset
RS-PROP-0175,USR-1001,Harini Vaidyanathan,USR-1001,USR-1049,SUR-138/9B,3600.0,"Saravanampatti, Sulur, Coimbatore",Coimbatore,Tamil Nadu,Encumbrance Certificate,RS-DOC-0175-3,2020-09-07,Priya Kumar,2,e76568c7275ff6c67be386b4677230789719917e5fecfac4a8d133ebef405a8b,Verified,1,1,1,0,0,0,0,0,Synthetic development/demo dataset
RS-PROP-0175,USR-1001,Harini Vaidyanathan,USR-1001,USR-1049,SUR-138/9B,3600.0,"Saravanampatti, Sulur, Coimbatore",Coimbatore,Tamil Nadu,Property Tax Receipt,RS-DOC-0175-4,2020-09-07,Priya Kumar,2,9867971d09800478f509ea265549a1f9a38c023f2dba7ed74db80a6d5dd6ad95,Verified,1,1,1,0,0,0,0,0,Synthetic development/demo dataset
RS-PROP-0176,USR-1003,Aravind Balasubramanian,USR-1003,USR-1051,SUR-166/1C,3000.0,"Anna Nagar, Thirumangalam, Madurai",Madurai,Tamil Nadu,Sale Deed,RS-DOC-0176-1,2023-09-20,Bhavani Vaidyanathan,3,ea730fbc5814a7adf705e6bd93d05672f910115ee4829d82eae65bfe577e6e28,Verified,1,1,1,0,0,0,0,0,Synthetic development/demo dataset
RS-PROP-0176,USR-1003,Aravind Balasubramanian,USR-1003,USR-1051,SUR-166/1C,3000.0,"Anna Nagar, Thirumangalam, Madurai",Madurai,Tamil Nadu,Land Record,RS-DOC-0176-2,2023-09-20,Bhavani Vaidyanathan,3,aeb29d845af21601ab5c416be8a3691a5641d690a0b5412ac9a37245ad8fc6bd,Verified,1,1,1,0,0,0,0,0,Synthetic development/demo dataset
RS-PROP-0176,USR-1003,Aravind Balasubramanian,USR-1003,USR-1051,SUR-166/1C,3000.0,"Anna Nagar, Thirumangalam, Madurai",Madurai,Tamil Nadu,Encumbrance Certificate,RS-DOC-0176-3,2023-09-20,Bhavani Vaidyanathan,3,61c903472dd0042e6833687acfbab5d2e531c765a4e7127a09fb9a5605453816,Verified,1,1,1,0,0,0,0,0,Synthetic development/demo dataset
RS-PROP-0177,USR-1005,Lakshmi Gopal,USR-1005,USR-1053,SUR-844/3B,1200.0,"Velachery East, Alandur, Chennai",Chennai,Tamil Nadu,Sale Deed,RS-DOC-0177-1,2022-03-04,Nandhini Ramesh,3,40242861ccdfbab119826720015d0ebcd30e6d91a07c7a8c5f1bea5d82bc7abf,Verified,1,1,1,0,0,0,0,0,Synthetic development/demo dataset
RS-PROP-0177,USR-1005,Lakshmi Gopal,USR-1005,USR-1053,SUR-844/3B,1200.0,"Velachery East, Alandur, Chennai",Chennai,Tamil Nadu,Land Record,RS-DOC-0177-2,2022-03-04,Nandhini Ramesh,3,8df50b597ad05552fb39e7b28ba634a2e2a7b78172db14b4cc13f3f295a9d50a,Verified,1,1,1,0,0,0,0,0,Synthetic development/demo dataset
RS-PROP-0177,USR-1005,Lakshmi Gopal,USR-1005,USR-1053,SUR-844/3B,1200.0,"Velachery East, Alandur, Chennai",Chennai,Tamil Nadu,Encumbrance Certificate,RS-DOC-0177-3,2022-03-04,Nandhini Ramesh,3,b8565381fbb68161f03c5cc208abf2476d674a459b1409750aa65aa52af202be,Verified,1,1,1,0,0,0,0,0,Synthetic development/demo dataset
RS-PROP-0178,USR-1008,Ananya Kumar,USR-1008,USR-1055,SUR-526/81,1500.0,"Madipakkam, Sholinganallur, Chennai",Chennai,Tamil Nadu,Sale Deed,RS-DOC-0178-1,2020-08-23,Saravanan Iyer,3,3436f910c3bf25e4ad4f73d77042002ef1a28913ded91c391720c082a762c900,Verified,1,1,1,0,0,0,0,0,Synthetic development/demo dataset
RS-PROP-0178,USR-1008,Ananya Kumar,USR-1008,USR-1055,SUR-526/81,1500.0,"Madipakkam, Sholinganallur, Chennai",Chennai,Tamil Nadu,Land Record,RS-DOC-0178-2,2020-08-23,Saravanan Iyer,3,2343f3e8f6e1c436c60c29daba24157e481864c3a14242b50750d9fa4f088e08,Verified,1,1,1,0,0,0,0,0,Synthetic development/demo dataset
RS-PROP-0178,USR-1008,Ananya Kumar,USR-1008,USR-1055,SUR-526/81,1500.0,"Madipakkam, Sholinganallur, Chennai",Chennai,Tamil Nadu,Encumbrance Certificate,RS-DOC-0178-3,2020-08-23,Saravanan Iyer,3,2d4f52868902014477524755cb6c31c06ae3c8cf57e221294014094d30019078,Verified,1,1,1,0,0,0,0,0,Synthetic development/demo dataset
RS-PROP-0179,USR-1010,Meenakshi Vaidyanathan,USR-1010,USR-1057,SUR-732/2C,1500.0,"Thoraipakkam, Mylapore, Chennai",Chennai,Tamil Nadu,Sale Deed,RS-DOC-0179-1,2021-04-20,Vijay Murugan,2,7c027af5ead654827f830c15af66f38ad65a0d4fad9287e9671afe29b7e258ae,Verified,1,1,1,0,0,0,0,0,Synthetic development/demo dataset
RS-PROP-0179,USR-1010,Meenakshi Vaidyanathan,USR-1010,USR-1057,SUR-732/2C,1500.0,"Thoraipakkam, Mylapore, Chennai",Chennai,Tamil Nadu,Land Record,RS-DOC-0179-2,2021-04-20,Vijay Murugan,2,2c5dacf62674440bf8c54fb45ec41dd7e40aedf9bba1193d97256c4bc3731b05,Verified,1,1,1,0,0,0,0,0,Synthetic development/demo dataset
RS-PROP-0179,USR-1010,Meenakshi Vaidyanathan,USR-1010,USR-1057,SUR-732/2C,1500.0,"Thoraipakkam, Mylapore, Chennai",Chennai,Tamil Nadu,Encumbrance Certificate,RS-DOC-0179-3,2021-04-20,Vijay Murugan,2,48875161c40b68fc72f1e1bfde51ef8f1d546d11f39738dbf0547ed6224580f0,Verified,1,1,1,0,0,0,0,0,Synthetic development/demo dataset
RS-PROP-0179,USR-1010,Meenakshi Vaidyanathan,USR-1010,USR-1057,SUR-732/2C,1500.0,"Thoraipakkam, Mylapore, Chennai",Chennai,Tamil Nadu,Property Tax Receipt,RS-DOC-0179-4,2021-04-20,Vijay Murugan,2,602717a60860e5216115e9a0f51871f9029872470910e950a8b994e221bdbd20,Verified,1,1,1,0,0,0,0,0,Synthetic development/demo dataset
RS-PROP-0180,USR-1012,Uma Iyer,USR-1012,USR-1059,SUR-340/1A,1500.0,"Srirangam Central, Thiruverumbur, Tiruchirappalli",Tiruchirappalli,Tamil Nadu,Sale Deed,RS-DOC-0180-1,2024-10-22,Uma Subramanian,1,1af0b390b2bd11d717c6e06876ea305bc7bbf898d508184aab83eb33b38c45bd,Verified,1,1,1,0,0,0,0,0,Synthetic development/demo dataset
RS-PROP-0180,USR-1012,Uma Iyer,USR-1012,USR-1059,SUR-340/1A,1500.0,"Srirangam Central, Thiruverumbur, Tiruchirappalli",Tiruchirappalli,Tamil Nadu,Land Record,RS-DOC-0180-2,2024-10-22,Uma Subramanian,1,1902d9b6c7f615ab01e4ea63cc612a64f6ef775b0b3a482d64a45d56100620ab,Verified,1,1,1,0,0,0,0,0,Synthetic development/demo dataset
RS-PROP-0180,USR-1012,Uma Iyer,USR-1012,USR-1059,SUR-340/1A,1500.0,"Srirangam Central, Thiruverumbur, Tiruchirappalli",Tiruchirappalli,Tamil Nadu,Encumbrance Certificate,RS-DOC-0180-3,2024-10-22,Uma Subramanian,1,3370e3305891a31a53b91e21f6688b7f286db50d77de8cda442f67ef511c4ca2,Verified,1,1,1,0,0,0,0,0,Synthetic development/demo dataset
RS-PROP-0181,USR-1014,Gayathri Pillai,USR-1014,USR-1002,SUR-202/3A,3000.0,"Irungattukottai, Kundrathur, Kanchipuram",Kanchipuram,Tamil Nadu,Sale Deed,RS-DOC-0181-1,2024-11-11,Poornima Natarajan,1,bfe5b5d010ce610dcc0987289b32664c741f7f123c9eeed226cf2c4d0ed0a9da,Verified,1,1,0,0,0,0,0,0,Synthetic development/demo dataset
RS-PROP-0181,USR-1014,Gayathri Pillai,USR-1014,USR-1002,SUR-202/3A,3000.0,"Irungattukottai, Kundrathur, Kanchipuram",Kanchipuram,Tamil Nadu,Land Record,RS-DOC-0181-2,2024-11-11,Poornima Natarajan,1,224fb2908c57dba9443f9a8549242ae72c8177346178ad95f22a5a050e17755b,Verified,1,1,0,0,0,0,0,0,Synthetic development/demo dataset
RS-PROP-0181,USR-1014,Gayathri Pillai,USR-1014,USR-1002,SUR-202/3A,3000.0,"Irungattukottai, Kundrathur, Kanchipuram",Kanchipuram,Tamil Nadu,Encumbrance Certificate,RS-DOC-0181-3,2024-11-11,Poornima Natarajan,1,0605918ef67e650e0cb2f78f9f3c73ed163bbd6dcfccb951b980018997dae693,Verified,1,1,0,0,0,0,0,0,Synthetic development/demo dataset
RS-PROP-0181,USR-1014,Gayathri Pillai,USR-1014,USR-1002,SUR-202/3A,3000.0,"Irungattukottai, Kundrathur, Kanchipuram",Kanchipuram,Tamil Nadu,Property Tax Receipt,RS-DOC-0181-4,2024-11-11,Poornima Natarajan,1,21c3d1230a50da19329a51564bc12d76c3315f93f417eb724cfa7a88a3791592,Verified,1,1,0,0,0,0,0,0,Synthetic development/demo dataset
RS-PROP-0182,USR-1016,Venkatesh Reddy,USR-1016,USR-1004,SUR-510/71,3000.0,"Irungattukottai, Kanchipuram, Kanchipuram",Kanchipuram,Tamil Nadu,Sale Deed,RS-DOC-0182-1,2023-08-26,Madhavan Krishnan,2,bb29057e866f79029cbf3701d0924cdca0ef328deda057456fdeb7da3a255b79,Verified,1,1,1,0,0,0,0,0,Synthetic development/demo dataset
RS-PROP-0182,USR-1016,Venkatesh Reddy,USR-1016,USR-1004,SUR-510/71,3000.0,"Irungattukottai, Kanchipuram, Kanchipuram",Kanchipuram,Tamil Nadu,Land Record,RS-DOC-0182-2,2023-08-26,Madhavan Krishnan,2,1b1b66f2ccb4e2d70c317681eab4bdebedb6d194b6e71870fcc8e1eaad9e3696,Verified,1,1,1,0,0,0,0,0,Synthetic development/demo dataset
RS-PROP-0182,USR-1016,Venkatesh Reddy,USR-1016,USR-1004,SUR-510/71,3000.0,"Irungattukottai, Kanchipuram, Kanchipuram",Kanchipuram,Tamil Nadu,Encumbrance Certificate,RS-DOC-0182-3,2023-08-26,Madhavan Krishnan,2,1d4d498db1e2e177cd6059d8975a186d8b09521442deecef9f7550b42bb3957b,Verified,1,1,1,0,0,0,0,0,Synthetic development/demo dataset
RS-PROP-0182,USR-1016,Venkatesh Reddy,USR-1016,USR-1004,SUR-510/71,3000.0,"Irungattukottai, Kanchipuram, Kanchipuram",Kanchipuram,Tamil Nadu,Property Tax Receipt,RS-DOC-0182-4,2023-08-26,Madhavan Krishnan,2,e951bceb25fe6cbaafebd53dd19f4ae9bc764e853b0db3194bb38443256fcc37,Verified,1,1,1,0,0,0,0,0,Synthetic development/demo dataset
RS-PROP-0183,USR-1018,Vignesh Srinivasan,USR-1018,USR-1006,SUR-725/7C,1200.0,"Kattur, Thiruverumbur, Tiruchirappalli",Tiruchirappalli,Tamil Nadu,Sale Deed,RS-DOC-0183-1,2024-12-05,Vignesh Thyagarajan,4,88df940d3f676b9707b64093d385142c795fb5a0b0d71f9fec2096d7b3327016,Verified,1,1,1,0,0,0,0,0,Synthetic development/demo dataset
RS-PROP-0183,USR-1018,Vignesh Srinivasan,USR-1018,USR-1006,SUR-725/7C,1200.0,"Kattur, Thiruverumbur, Tiruchirappalli",Tiruchirappalli,Tamil Nadu,Land Record,RS-DOC-0183-2,2024-12-05,Vignesh Thyagarajan,4,eae02f1d722445a111270e130248e0a8c2fb0e8d744d22263a9307f1d3d13e8f,Verified,1,1,1,0,0,0,0,0,Synthetic development/demo dataset
RS-PROP-0183,USR-1018,Vignesh Srinivasan,USR-1018,USR-1006,SUR-725/7C,1200.0,"Kattur, Thiruverumbur, Tiruchirappalli",Tiruchirappalli,Tamil Nadu,Encumbrance Certificate,RS-DOC-0183-3,2024-12-05,Vignesh Thyagarajan,4,6fce2124665a96b92f1d55bb73f0f9791a053e4691d6b6e7ec068633995f611e,Verified,1,1,1,0,0,0,0,0,Synthetic development/demo dataset
RS-PROP-0184,USR-1020,Arun Balasubramanian,USR-1020,USR-1007,SUR-631/92,1500.0,"Srirangam Central, Srirangam, Tiruchirappalli",Tiruchirappalli,Tamil Nadu,Sale Deed,RS-DOC-0184-1,2023-12-08,Vignesh Reddy,2,b33b14ee45c3bdefc197f1c8e0e921b92fd9a88a788c5a1ffb8f509551c739ad,Verified,1,1,1,0,0,0,0,0,Synthetic development/demo dataset
RS-PROP-0184,USR-1020,Arun Balasubramanian,USR-1020,USR-1007,SUR-631/92,1500.0,"Srirangam Central, Srirangam, Tiruchirappalli",Tiruchirappalli,Tamil Nadu,Land Record,RS-DOC-0184-2,2023-12-08,Vignesh Reddy,2,d6ee34f7da0ff2bd0972904b97e9ac254296a18ec84a0dc3e00784ee91a28797,Verified,1,1,1,0,0,0,0,0,Synthetic development/demo dataset
RS-PROP-0184,USR-1020,Arun Balasubramanian,USR-1020,USR-1007,SUR-631/92,1500.0,"Srirangam Central, Srirangam, Tiruchirappalli",Tiruchirappalli,Tamil Nadu,Encumbrance Certificate,RS-DOC-0184-3,2023-12-08,Vignesh Reddy,2,13548edb6be0db7736aaa44e81598a335e89e0e663a7564ce23be2144ecc8886,Verified,1,1,1,0,0,0,0,0,Synthetic development/demo dataset
RS-PROP-0185,USR-1022,Lakshmi Balasubramanian,USR-1022,USR-1009,SUR-176/8C,2400.0,"Peelamedu, Sulur, Coimbatore",Coimbatore,Tamil Nadu,Sale Deed,RS-DOC-0185-1,2020-01-17,Sundar Ganesan,4,30bdb99436797eb9dbbce899bdad7a195955d4bc19710d1d13e6e8a92ec96547,Verified,1,1,1,0,0,0,0,0,Synthetic development/demo dataset
RS-PROP-0185,USR-1022,Lakshmi Balasubramanian,USR-1022,USR-1009,SUR-176/8C,2400.0,"Peelamedu, Sulur, Coimbatore",Coimbatore,Tamil Nadu,Land Record,RS-DOC-0185-2,2020-01-17,Sundar Ganesan,4,465171aacca38edabe320bb9e123d8d2eae9ed2d56b1ff3f267e5086a3f04c4a,Verified,1,1,1,0,0,0,0,0,Synthetic development/demo dataset
RS-PROP-0185,USR-1022,Lakshmi Balasubramanian,USR-1022,USR-1009,SUR-176/8C,2400.0,"Peelamedu, Sulur, Coimbatore",Coimbatore,Tamil Nadu,Encumbrance Certificate,RS-DOC-0185-3,2020-01-17,Sundar Ganesan,4,3c6696fccf271657c9a8161fd20bb8b9453afd20fb8ab8fdf664249c9d1a8b3e,Verified,1,1,1,0,0,0,0,0,Synthetic development/demo dataset
RS-PROP-0186,USR-1024,Siddharth Sundaram,USR-1024,USR-1011,SUR-221/8A,1500.0,"Gandhipuram, Sulur, Coimbatore",Coimbatore,Tamil Nadu,Sale Deed,RS-DOC-0186-1,2021-01-18,Arun Sundaram,3,17cee4be79e20ca3997fc4c9bbb035a9a85b284ca2601c6dc53352521a0fb878,Verified,1,1,1,0,0,0,0,0,Synthetic development/demo dataset
RS-PROP-0186,USR-1024,Siddharth Sundaram,USR-1024,USR-1011,SUR-221/8A,1500.0,"Gandhipuram, Sulur, Coimbatore",Coimbatore,Tamil Nadu,Land Record,RS-DOC-0186-2,2021-01-18,Arun Sundaram,3,24584a520661051b43b3611c73161c12aa382a681aa0de273efe9a6b2972c752,Verified,1,1,1,0,0,0,0,0,Synthetic development/demo dataset
RS-PROP-0186,USR-1024,Siddharth Sundaram,USR-1024,USR-1011,SUR-221/8A,1500.0,"Gandhipuram, Sulur, Coimbatore",Coimbatore,Tamil Nadu,Encumbrance Certificate,RS-DOC-0186-3,2021-01-18,Arun Sundaram,3,657e3489c9be9b1bdabe39c6e2a89f53e0087a9b87c68c983f50beaa71dd8ad4,Verified,1,1,1,0,0,0,0,0,Synthetic development/demo dataset
RS-PROP-0187,USR-1026,Bhavani Reddy,USR-1026,USR-1013,SUR-439/92,5400.0,"Keelkattalai, Alandur, Chennai",Chennai,Tamil Nadu,Sale Deed,RS-DOC-0187-1,2023-06-23,Siddharth Natarajan,2,8cad61ad43a06bef0a68a529de2458c9500292b1b469b663380e06bc899d02f7,Verified,1,1,1,0,0,0,1,0,Synthetic development/demo dataset
RS-PROP-0188,USR-1028,Ananya Ramesh,USR-1028,USR-1015,SUR-941/7A,3000.0,"Kelambakkam, Maduranthakam, Chengalpattu",Chengalpattu,Tamil Nadu,Sale Deed,RS-DOC-0188-1,2019-04-04,Harini Iyer,2,0e0855dc0567a5b5f22408b4653064592e99b9037058d57202042ec0a030e382,Verified,1,1,1,0,0,0,0,0,Synthetic development/demo dataset
RS-PROP-0188,USR-1028,Ananya Ramesh,USR-1028,USR-1015,SUR-941/7A,3000.0,"Kelambakkam, Maduranthakam, Chengalpattu",Chengalpattu,Tamil Nadu,Land Record,RS-DOC-0188-2,2019-04-04,Harini Iyer,2,de90e53e2d267216c5cce11f7f190062bbd095ab91b31da68bff36f0d297919c,Verified,1,1,1,0,0,0,0,0,Synthetic development/demo dataset
RS-PROP-0188,USR-1028,Ananya Ramesh,USR-1028,USR-1015,SUR-941/7A,3000.0,"Kelambakkam, Maduranthakam, Chengalpattu",Chengalpattu,Tamil Nadu,Encumbrance Certificate,RS-DOC-0188-3,2019-04-04,Harini Iyer,2,0dd3f5fafddb0cd8bf66d1e997db46abc2c5aef561fa420412c2ae6d3f96f041,Verified,1,1,1,0,0,0,0,0,Synthetic development/demo dataset
RS-PROP-0188,USR-1028,Ananya Ramesh,USR-1028,USR-1015,SUR-941/7A,3000.0,"Kelambakkam, Maduranthakam, Chengalpattu",Chengalpattu,Tamil Nadu,Property Tax Receipt,RS-DOC-0188-4,2019-04-04,Harini Iyer,2,114f0ac7e2be977b3ec949c6a9e3b21990fec4df9feca2732283ac518dadf235,Verified,1,1,1,0,0,0,0,0,Synthetic development/demo dataset
RS-PROP-0189,USR-1030,Ramesh Swaminathan,USR-1030,USR-1017,SUR-104/9A,9600.0,"Kovaipudur, Coimbatore North, Coimbatore",Coimbatore,Tamil Nadu,Sale Deed,RS-DOC-0189-1,2024-10-16,Balaji Srinivasan,2,fe6bdaa4a43ef6e61463c165a2c4ac574c149008749f0be8d5f5047aaf1b0607,Verified,1,1,1,0,0,0,1,0,Synthetic development/demo dataset
RS-PROP-0190,USR-1032,Harini Rao,USR-1032,USR-1019,SUR-241/72,9600.0,"Oragadam, Kundrathur, Kanchipuram",Kanchipuram,Tamil Nadu,Sale Deed,RS-DOC-0190-1,2024-12-18,Rajesh Ganesan,5,b79a33dbd056d04d5e8e26694ce96780d622ca0ddc8c8885888cd1aae1553c54,Verified,1,1,1,0,0,1,0,0,Synthetic development/demo dataset
RS-PROP-0190,USR-1032,Harini Rao,USR-1032,USR-1019,SUR-241/72,9600.0,"Oragadam, Kundrathur, Kanchipuram",Kanchipuram,Tamil Nadu,Land Record,RS-DOC-0190-2,2024-12-18,Rajesh Ganesan,5,5bf4a02d3f2974bfae58593ec2fdc6bc75edd6c3a18f112afd463bb98c4d02fc,Verified,1,1,1,0,0,1,0,0,Synthetic development/demo dataset
RS-PROP-0190,USR-1032,Harini Rao,USR-1032,USR-1019,SUR-241/72,9600.0,"Oragadam, Kundrathur, Kanchipuram",Kanchipuram,Tamil Nadu,Encumbrance Certificate,RS-DOC-0190-3,2024-12-18,Rajesh Ganesan,5,2a05a0da325fe2d7a828e80bd838d26b907ba9fbf804b4bbea3058a023f5ce58,Verified,1,1,1,0,0,1,0,0,Synthetic development/demo dataset
RS-PROP-0191,USR-1034,Madhavan Ganesan,USR-1034,USR-1021,SUR-635/2A,4800.0,"Irungattukottai, Kundrathur, Kanchipuram",Kanchipuram,Tamil Nadu,Sale Deed,RS-DOC-0191-1,2018-11-02,Vijay Murugan,3,dc896afa9c97593c688f18f1c7849aa414d32336c5a5b0f60778a66c88028eb4,Verified,1,1,1,0,0,0,0,0,Synthetic development/demo dataset
RS-PROP-0191,USR-1034,Madhavan Ganesan,USR-1034,USR-1021,SUR-635/2A,4800.0,"Irungattukottai, Kundrathur, Kanchipuram",Kanchipuram,Tamil Nadu,Land Record,RS-DOC-0191-2,2018-11-02,Vijay Murugan,3,3daec720b06d7a856c4fdb7c002f5e67b61c322e03fdd3c117632fbe59a4e594,Verified,1,1,1,0,0,0,0,0,Synthetic development/demo dataset
RS-PROP-0191,USR-1034,Madhavan Ganesan,USR-1034,USR-1021,SUR-635/2A,4800.0,"Irungattukottai, Kundrathur, Kanchipuram",Kanchipuram,Tamil Nadu,Encumbrance Certificate,RS-DOC-0191-3,2018-11-02,Vijay Murugan,3,ad831bdb9e60b0dd33733e9b2434e1db0b316b0d05ddd586c4e514b78f49bd6f,Verified,1,1,1,0,0,0,0,0,Synthetic development/demo dataset
RS-PROP-0192,USR-1036,Manoj Iyer,USR-1036,USR-1023,SUR-933/8A,9600.0,"Othakadai, Madurai North, Madurai",Madurai,Tamil Nadu,Sale Deed,RS-DOC-0192-1,2023-11-18,Aravind Chandran,3,d97cc7126091ad82c1794a51caf7b447989a3124a30e53e30e9469f74b50a5fe,Verified,1,1,1,0,0,0,0,0,Synthetic development/demo dataset
RS-PROP-0192,USR-1036,Manoj Iyer,USR-1036,USR-1023,SUR-933/8A,9600.0,"Othakadai, Madurai North, Madurai",Madurai,Tamil Nadu,Land Record,RS-DOC-0192-2,2023-11-18,Aravind Chandran,3,bf4b1e29c0037e67a544a7c4cfed5f2c56727ce0bbee0477c34b85c378dec5ed,Verified,1,1,1,0,0,0,0,0,Synthetic development/demo dataset
RS-PROP-0192,USR-1036,Manoj Iyer,USR-1036,USR-1023,SUR-933/8A,9600.0,"Othakadai, Madurai North, Madurai",Madurai,Tamil Nadu,Encumbrance Certificate,RS-DOC-0192-3,2023-11-18,Aravind Chandran,3,4501d8e943eb062a969183754917a004c54d9c0a0915f661f175f38d7f167414,Verified,1,1,1,0,0,0,0,0,Synthetic development/demo dataset
RS-PROP-0192,USR-1036,Manoj Iyer,USR-1036,USR-1023,SUR-933/8A,9600.0,"Othakadai, Madurai North, Madurai",Madurai,Tamil Nadu,Property Tax Receipt,RS-DOC-0192-4,2023-11-18,Aravind Chandran,3,88427a4ad9dc9398f2bce67925047a15b078d12820994c9fbdab976ed8d4b017,Verified,1,1,1,0,0,0,0,0,Synthetic development/demo dataset
RS-PROP-0193,USR-1038,Rajesh Ganesan,USR-1038,USR-1025,SUR-357/42,5400.0,"Thoraipakkam, Tambaram, Chennai",Chennai,Tamil Nadu,Sale Deed,RS-DOC-0193-1,2023-12-23,Nandhini Srinivasan,2,d485f655ef2b59a8a526e6c8721ad14301c02f901a2a36ad7a234bf42fb5416f,Verified,1,1,1,0,0,0,0,0,Synthetic development/demo dataset
RS-PROP-0193,USR-1038,Rajesh Ganesan,USR-1038,USR-1025,SUR-357/42,5400.0,"Thoraipakkam, Tambaram, Chennai",Chennai,Tamil Nadu,Land Record,RS-DOC-0193-2,2023-12-23,Nandhini Srinivasan,2,6271185213e72be4f709fc795591c9bd1efdf1d1af1b3cb7b1811329a3b41064,Verified,1,1,1,0,0,0,0,0,Synthetic development/demo dataset
RS-PROP-0193,USR-1038,Rajesh Ganesan,USR-1038,USR-1025,SUR-357/42,5400.0,"Thoraipakkam, Tambaram, Chennai",Chennai,Tamil Nadu,Encumbrance Certificate,RS-DOC-0193-3,2023-12-23,Nandhini Srinivasan,2,68c4cc1ec5c18d42d7594e43e0f03e70b0212eb3cae08277c8711ac861cb7beb,Verified,1,1,1,0,0,0,0,0,Synthetic development/demo dataset
RS-PROP-0194,USR-1040,Deepa Krishnan,USR-1040,USR-1027,SUR-141/7C,9600.0,"Siruseri, Vandalur, Chengalpattu",Chengalpattu,Tamil Nadu,Sale Deed,RS-DOC-0194-1,2019-03-19,Ganesh Kumar,4,dc31535574317fc71c972e3f66be2803809b5245af8d77b6008a8b6a2f1e4b51,Verified,1,1,1,0,0,0,0,0,Synthetic development/demo dataset
RS-PROP-0194,USR-1040,Deepa Krishnan,USR-1040,USR-1027,SUR-141/7C,9600.0,"Siruseri, Vandalur, Chengalpattu",Chengalpattu,Tamil Nadu,Land Record,RS-DOC-0194-2,2019-03-19,Ganesh Kumar,4,19373d7842dc830fb05d3d99a4a0cd5304d8bb7f17bfe59856164f93a6b6d869,Verified,1,1,1,0,0,0,0,0,Synthetic development/demo dataset
RS-PROP-0194,USR-1040,Deepa Krishnan,USR-1040,USR-1027,SUR-141/7C,9600.0,"Siruseri, Vandalur, Chengalpattu",Chengalpattu,Tamil Nadu,Encumbrance Certificate,RS-DOC-0194-3,2019-03-19,Ganesh Kumar,4,34cfe7d58f8b70c70749eb8837ce33c8c564e08ed70d845623f3f69780fd8f95,Verified,1,1,1,0,0,0,0,0,Synthetic development/demo dataset
RS-PROP-0194,USR-1040,Deepa Krishnan,USR-1040,USR-1027,SUR-141/7C,9600.0,"Siruseri, Vandalur, Chengalpattu",Chengalpattu,Tamil Nadu,Property Tax Receipt,RS-DOC-0194-4,2019-03-19,Ganesh Kumar,4,bec92e7e22f1354bc1d249a3eadf428a65c680247b5c1cc2a8ffb474daf57a25,Verified,1,1,1,0,0,0,0,0,Synthetic development/demo dataset
RS-PROP-0195,USR-1042,Rajesh Ramesh,USR-1042,USR-1029,SUR-908/9C,1500.0,"Ponmalai, Lalgudi, Tiruchirappalli",Tiruchirappalli,Tamil Nadu,Sale Deed,RS-DOC-0195-1,2020-09-08,Balaji Balasubramanian,2,051c6710407ef8eff3fad99f807b6f0359f352e197073eaeadb64a1c007c2692,Verified,1,1,1,0,0,0,0,0,Synthetic development/demo dataset
RS-PROP-0195,USR-1042,Rajesh Ramesh,USR-1042,USR-1029,SUR-908/9C,1500.0,"Ponmalai, Lalgudi, Tiruchirappalli",Tiruchirappalli,Tamil Nadu,Land Record,RS-DOC-0195-2,2020-09-08,Balaji Balasubramanian,2,f8a595c0bdf4d2b7080d49dcb8f30249075518bca88336c2078611b0449976dc,Verified,1,1,1,0,0,0,0,0,Synthetic development/demo dataset
RS-PROP-0195,USR-1042,Rajesh Ramesh,USR-1042,USR-1029,SUR-908/9C,1500.0,"Ponmalai, Lalgudi, Tiruchirappalli",Tiruchirappalli,Tamil Nadu,Encumbrance Certificate,RS-DOC-0195-3,2020-09-08,Balaji Balasubramanian,2,d5dcd19c5d03ccf65daa51d2585c44ee0005a8f89dbd62fd4eae451fd363f577,Verified,1,1,1,0,0,0,0,0,Synthetic development/demo dataset
RS-PROP-0195,USR-1042,Rajesh Ramesh,USR-1042,USR-1029,SUR-908/9C,1500.0,"Ponmalai, Lalgudi, Tiruchirappalli",Tiruchirappalli,Tamil Nadu,Property Tax Receipt,RS-DOC-0195-4,2020-09-08,Balaji Balasubramanian,2,046d379f0b90a4e1d803bc7b05a416e9f6ceb498978724a11b44e0dc476e6ebc,Verified,1,1,1,0,0,0,0,0,Synthetic development/demo dataset
RS-PROP-0196,USR-1044,Sundar Iyer,USR-1044,USR-1031,SUR-469/5B,9600.0,"Srirangam Central, Lalgudi, Tiruchirappalli",Tiruchirappalli,Tamil Nadu,Sale Deed,RS-DOC-0196-1,2022-11-01,Ramesh Reddy,2,fa0577e6e838b214a8e9fa8ff02df860ade7a37c67f267d6da13301131635e33,Verified,1,1,1,0,0,0,0,0,Synthetic development/demo dataset
RS-PROP-0196,USR-1044,Sundar Iyer,USR-1044,USR-1031,SUR-469/5B,9600.0,"Srirangam Central, Lalgudi, Tiruchirappalli",Tiruchirappalli,Tamil Nadu,Land Record,RS-DOC-0196-2,2022-11-01,Ramesh Reddy,2,ad8a4ad7d1e2f46be10468f7f2be41aff6827ba35fa73a652d8849709d63a0af,Verified,1,1,1,0,0,0,0,0,Synthetic development/demo dataset
RS-PROP-0196,USR-1044,Sundar Iyer,USR-1044,USR-1031,SUR-469/5B,9600.0,"Srirangam Central, Lalgudi, Tiruchirappalli",Tiruchirappalli,Tamil Nadu,Encumbrance Certificate,RS-DOC-0196-3,2022-11-01,Ramesh Reddy,2,d401c5c51d425cb6260f7f8ea0e8e8ebead59a179bbfebeefb3d476afaa69f07,Verified,1,1,1,0,0,0,0,0,Synthetic development/demo dataset
RS-PROP-0197,USR-1046,Rajesh Gopal,USR-1046,USR-1033,SUR-653/5A,9600.0,"Pallavaram, Velachery, Chennai",Chennai,Tamil Nadu,Sale Deed,RS-DOC-0197-1,2022-09-15,Uma Ramesh,2,b4d9f44601c70a0de6adae397240d98a8ea87955e41fd518de5c34b3e1a6a43d,Verified,1,0,1,0,0,0,0,1,Synthetic development/demo dataset
RS-PROP-0197,USR-1046,Rajesh Gopal,USR-1046,USR-1033,SUR-653/5A,9600.0,"Pallavaram, Velachery, Chennai",Chennai,Tamil Nadu,Land Record,RS-DOC-0197-2,2022-09-15,Uma Ramesh,2,27ccd6d62eab81f0b252b6c163383a35fb07c5d1f90abb0d7f6d8944593d3e2b,Verified,1,0,1,0,0,0,0,1,Synthetic development/demo dataset
RS-PROP-0197,USR-1046,Rajesh Gopal,USR-1046,USR-1033,SUR-653/5A,9600.0,"Pallavaram, Velachery, Chennai",Chennai,Tamil Nadu,Encumbrance Certificate,RS-DOC-0197-3,2022-09-15,Uma Ramesh,2,e9da36a21b04cb6a058ecb29fd814118c4ccf3ac9af9ada6bdf19b62138d8efe,Verified,1,0,1,0,0,0,0,1,Synthetic development/demo dataset
RS-PROP-0197,USR-1046,Rajesh Gopal,USR-1046,USR-1033,SUR-653/5A,9600.0,"Pallavaram, Velachery, Chennai",Chennai,Tamil Nadu,Property Tax Receipt,RS-DOC-0197-4,2022-09-15,Uma Ramesh,2,dc205ed95e26b0a6121d9040d319265dfcc7261a6dd5ff19415e76564be63d0b,Verified,1,0,1,0,0,0,0,1,Synthetic development/demo dataset
RS-PROP-0198,USR-1048,Deepa Iyer,USR-1048,USR-1035,SUR-955/2B,9600.0,"Ponmalai, Srirangam, Tiruchirappalli",Tiruchirappalli,Tamil Nadu,Sale Deed,RS-DOC-0198-1,2023-07-21,Deepa Subramanian,4,c54bb60dc2ef261066dd39d6cfe8642fcd577b6ab818a88ced80f7ca7ed8e890,Verified,1,1,1,0,0,0,0,0,Synthetic development/demo dataset
RS-PROP-0198,USR-1048,Deepa Iyer,USR-1048,USR-1035,SUR-955/2B,9600.0,"Ponmalai, Srirangam, Tiruchirappalli",Tiruchirappalli,Tamil Nadu,Land Record,RS-DOC-0198-2,2023-07-21,Deepa Subramanian,4,dbc3017dd139c13ad83b7929518781a49a3627c5dbb4cd484dd54c6e49cf188d,Verified,1,1,1,0,0,0,0,0,Synthetic development/demo dataset
RS-PROP-0198,USR-1048,Deepa Iyer,USR-1048,USR-1035,SUR-955/2B,9600.0,"Ponmalai, Srirangam, Tiruchirappalli",Tiruchirappalli,Tamil Nadu,Encumbrance Certificate,RS-DOC-0198-3,2023-07-21,Deepa Subramanian,4,4bd802f0d07d05e2e3bc1bedac077ffb4d0a5ac772d15e7ae837b0426f3afebe,Verified,1,1,1,0,0,0,0,0,Synthetic development/demo dataset
RS-PROP-0198,USR-1048,Deepa Iyer,USR-1048,USR-1035,SUR-955/2B,9600.0,"Ponmalai, Srirangam, Tiruchirappalli",Tiruchirappalli,Tamil Nadu,Property Tax Receipt,RS-DOC-0198-4,2023-07-21,Deepa Subramanian,4,359f67fa5ea01cb3d3eee35a7a49ae5d19910c5040671e3be7d5ddb490a0d041,Verified,1,1,1,0,0,0,0,0,Synthetic development/demo dataset
RS-PROP-0199,USR-1050,Balaji Murugan,USR-1050,USR-1037,SUR-364/71,5400.0,"Anna Nagar, Madurai North, Madurai",Madurai,Tamil Nadu,Sale Deed,RS-DOC-0199-1,2021-07-11,Priya Gopal,1,5fb4746de43a32e1c63b800e061365ff88f7464fbab08d2e53deaf255c0e88c9,Verified,1,1,1,0,0,0,0,0,Synthetic development/demo dataset
RS-PROP-0199,USR-1050,Balaji Murugan,USR-1050,USR-1037,SUR-364/71,5400.0,"Anna Nagar, Madurai North, Madurai",Madurai,Tamil Nadu,Land Record,RS-DOC-0199-2,2021-07-11,Priya Gopal,1,b2757a38d395d4af12acf963f157e3b10c340c4354a31b30fe168585656b1ac6,Verified,1,1,1,0,0,0,0,0,Synthetic development/demo dataset
RS-PROP-0199,USR-1050,Balaji Murugan,USR-1050,USR-1037,SUR-364/71,5400.0,"Anna Nagar, Madurai North, Madurai",Madurai,Tamil Nadu,Encumbrance Certificate,RS-DOC-0199-3,2021-07-11,Priya Gopal,1,9b58d816e99d1b1a380946ac1cd51ac95f8a895bc0dca980b4cdd67abbcc9a8b,Verified,1,1,1,0,0,0,0,0,Synthetic development/demo dataset
RS-PROP-0199,USR-1050,Balaji Murugan,USR-1050,USR-1037,SUR-364/71,5400.0,"Anna Nagar, Madurai North, Madurai",Madurai,Tamil Nadu,Property Tax Receipt,RS-DOC-0199-4,2021-07-11,Priya Gopal,1,26db590d27b3571b4622b224e5a853d145aba97aa4fa426458461ed0562cd78c,Verified,1,1,1,0,0,0,0,0,Synthetic development/demo dataset
RS-PROP-0200,USR-1052,Deepa Reddy,USR-1052,USR-1039,SUR-905/52,1500.0,"Othakadai, Madurai North, Madurai",Madurai,Tamil Nadu,Sale Deed,RS-DOC-0200-1,2024-08-13,Harini Kumar,2,19ba52112b3c1ccfbdb4e4eaf2b4089082e3b352a5520f28b96d65dcc1807417,Verified,1,1,1,0,0,0,0,0,Synthetic development/demo dataset
RS-PROP-0200,USR-1052,Deepa Reddy,USR-1052,USR-1039,SUR-905/52,1500.0,"Othakadai, Madurai North, Madurai",Madurai,Tamil Nadu,Land Record,RS-DOC-0200-2,2024-08-13,Harini Kumar,2,3016732cefa905958c1f91cf45ca6faedf055a39c61973c956aec1a25e80c9da,Verified,1,1,1,0,0,0,0,0,Synthetic development/demo dataset
RS-PROP-0200,USR-1052,Deepa Reddy,USR-1052,USR-1039,SUR-905/52,1500.0,"Othakadai, Madurai North, Madurai",Madurai,Tamil Nadu,Encumbrance Certificate,RS-DOC-0200-3,2024-08-13,Harini Kumar,2,cba79f6362d6ed25a1417d4ce0e1f6c40d867e9b7cdf4991ac78d21de07d6321,Verified,1,1,1,0,0,0,0,0,Synthetic development/demo dataset
RS-PROP-0201,USR-1054,Manoj Subramanian,USR-1054,USR-1041,SUR-666/9B,1500.0,"Irungattukottai, Walajabad, Kanchipuram",Kanchipuram,Tamil Nadu,Sale Deed,RS-DOC-0201-1,2018-10-20,Harini Ganesan,1,132e1cc3da656bd5020ea3285e627849b203da7cb89d244e9766a69e531023ff,Verified,1,1,1,0,0,0,1,0,Synthetic development/demo dataset
RS-PROP-0202,USR-1056,Balaji Chandran,USR-1056,USR-1043,SUR-217/32,1200.0,"Anna Nagar, Thirumangalam, Madurai",Madurai,Tamil Nadu,Sale Deed,RS-DOC-0202-1,2021-11-18,Deepa Pillai,3,e3796741f2514c2fb4534640dbe5b2e6c458795414788137d2b4520ceeefe20e,Verified,1,1,0,0,0,0,1,1,Synthetic development/demo dataset
RS-PROP-0203,USR-1058,Manoj Sundaram,USR-1058,USR-1045,SUR-561/62,3000.0,"Siruseri, Thiruporur, Chengalpattu",Chengalpattu,Tamil Nadu,Sale Deed,RS-DOC-0203-1,2022-03-19,Nandhini Rao,4,894fead32a7af36d355ff0bed11fbc3130952a3790bd69a4acadc3d193d7c1f3,Verified,1,1,1,0,1,0,0,1,Synthetic development/demo dataset
RS-PROP-0203,USR-1058,Manoj Sundaram,USR-1058,USR-1045,SUR-561/62,3000.0,"Siruseri, Thiruporur, Chengalpattu",Chengalpattu,Tamil Nadu,Land Record,RS-DOC-0203-2,2022-03-19,Nandhini Rao,4,5453263a3447cbcf9a1435df28c9dc940b66ba23b98dafc764e767c144ce5a03,Verified,1,1,1,0,1,0,0,1,Synthetic development/demo dataset
RS-PROP-0203,USR-1058,Manoj Sundaram,USR-1058,USR-1045,SUR-561/62,3000.0,"Siruseri, Thiruporur, Chengalpattu",Chengalpattu,Tamil Nadu,Encumbrance Certificate,RS-DOC-0203-3,2022-03-19,Nandhini Rao,4,0ecda5b848c312b89f08642a8ada9cbfaa04d76c199beacc2a902d4f70a82c4b,Verified,1,1,1,0,1,0,0,1,Synthetic development/demo dataset
RS-PROP-0204,USR-1001,Bhavani Thyagarajan,USR-1001,USR-1047,SUR-893/51,9600.0,"Gandhipuram, Sulur, Coimbatore",Coimbatore,Tamil Nadu,Sale Deed,RS-DOC-0204-1,2019-11-20,Venkatesh Murugan,2,93744608e9443a50ff565c70e1a5e50185351fa6534f9aee2896a744ec8b87d6,Verified,1,0,1,0,0,0,0,1,Synthetic development/demo dataset
RS-PROP-0204,USR-1001,Bhavani Thyagarajan,USR-1001,USR-1047,SUR-893/51,9600.0,"Gandhipuram, Sulur, Coimbatore",Coimbatore,Tamil Nadu,Land Record,RS-DOC-0204-2,2019-11-20,Venkatesh Murugan,2,63fdaac73932fefa4d7711b5980daaecab70a5f184ab7726246130c58ede7627,Verified,1,0,1,0,0,0,0,1,Synthetic development/demo dataset
RS-PROP-0204,USR-1001,Bhavani Thyagarajan,USR-1001,USR-1047,SUR-893/51,9600.0,"Gandhipuram, Sulur, Coimbatore",Coimbatore,Tamil Nadu,Encumbrance Certificate,RS-DOC-0204-3,2019-11-20,Venkatesh Murugan,2,cebc6c58dff68f875335874cdb578609e0ea2aeaf6bd6c552c5a487fb237026f,Verified,1,0,1,0,0,0,0,1,Synthetic development/demo dataset
RS-PROP-0205,USR-1003,Divya Ramesh,USR-1003,USR-1049,SUR-769/3C,4800.0,"Thiruparankundram, Thirumangalam, Madurai",Madurai,Tamil Nadu,Sale Deed,RS-DOC-0205-1,2024-10-24,Manoj Subramanian,1,ccafaa2b62b41a7b24f50511eddec3d87eeeb22640472fa62edee88ddc980229,Verified,1,1,1,0,0,0,0,0,Synthetic development/demo dataset
RS-PROP-0205,USR-1003,Divya Ramesh,USR-1003,USR-1049,SUR-769/3C,4800.0,"Thiruparankundram, Thirumangalam, Madurai",Madurai,Tamil Nadu,Land Record,RS-DOC-0205-2,2024-10-24,Manoj Subramanian,1,f71bbf76c55f9fe84ab3300bef7d24b35d02f46f5e58048489b787bdb6308053,Verified,1,1,1,0,0,0,0,0,Synthetic development/demo dataset
RS-PROP-0205,USR-1003,Divya Ramesh,USR-1003,USR-1049,SUR-769/3C,4800.0,"Thiruparankundram, Thirumangalam, Madurai",Madurai,Tamil Nadu,Encumbrance Certificate,RS-DOC-0205-3,2024-10-24,Manoj Subramanian,1,254f5fefc55e2257b6e47273b6eae0a7b7d77e304ad1f665cac2152018a6c377,Verified,1,1,1,0,0,0,0,0,Synthetic development/demo dataset
RS-PROP-0206,USR-1005,Lakshmi Balasubramanian,USR-1005,USR-1051,SUR-283/31,3600.0,"Kelambakkam, Maduranthakam, Chengalpattu",Chengalpattu,Tamil Nadu,Sale Deed,RS-DOC-0206-1,2019-08-08,Deepa Murugan,5,7e9facafbd3df19babf515354ab5534aa70766debc1561c6f07724eb7f15033a,Verified,1,1,1,0,1,0,0,1,Synthetic development/demo dataset
RS-PROP-0206,USR-1005,Lakshmi Balasubramanian,USR-1005,USR-1051,SUR-283/31,3600.0,"Kelambakkam, Maduranthakam, Chengalpattu",Chengalpattu,Tamil Nadu,Land Record,RS-DOC-0206-2,2019-08-08,Deepa Murugan,5,c9515994a52d11af94f7a8ba65b83be09d606efa0df9496a8fe0a6b8367674e5,Verified,1,1,1,0,1,0,0,1,Synthetic development/demo dataset
RS-PROP-0206,USR-1005,Lakshmi Balasubramanian,USR-1005,USR-1051,SUR-283/31,3600.0,"Kelambakkam, Maduranthakam, Chengalpattu",Chengalpattu,Tamil Nadu,Encumbrance Certificate,RS-DOC-0206-3,2019-08-08,Deepa Murugan,5,66d08eb265631f0acf3b12465662d64f89896237e4ac42db08beb242b2baa669,Verified,1,1,1,0,1,0,0,1,Synthetic development/demo dataset
RS-PROP-0206,USR-1005,Lakshmi Balasubramanian,USR-1005,USR-1051,SUR-283/31,3600.0,"Kelambakkam, Maduranthakam, Chengalpattu",Chengalpattu,Tamil Nadu,Property Tax Receipt,RS-DOC-0206-4,2019-08-08,Deepa Murugan,5,f90ab40a1707c648b2db4865e6fef5f5f746ec5111a2120778dfae1426a6aca4,Verified,1,1,1,0,1,0,0,1,Synthetic development/demo dataset
RS-PROP-0207,USR-1008,Revathi Murugan,USR-1008,USR-1053,SUR-769/7C,1500.0,"Thiruparankundram, Madurai South, Madurai",Madurai,Tamil Nadu,Sale Deed,RS-DOC-0207-1,2020-07-08,Harini Reddy,4,3160b197183f667401b81bd134eeb7c2d39164a791065360f833d82ff699914f,Verified,1,1,1,0,0,0,0,0,Synthetic development/demo dataset
RS-PROP-0207,USR-1008,Revathi Murugan,USR-1008,USR-1053,SUR-769/7C,1500.0,"Thiruparankundram, Madurai South, Madurai",Madurai,Tamil Nadu,Land Record,RS-DOC-0207-2,2020-07-08,Harini Reddy,4,3751b8e47184da2da98e113e5083a8f9dbc0c15b1f02cdf74476702c906ae8dd,Verified,1,1,1,0,0,0,0,0,Synthetic development/demo dataset
RS-PROP-0207,USR-1008,Revathi Murugan,USR-1008,USR-1053,SUR-769/7C,1500.0,"Thiruparankundram, Madurai South, Madurai",Madurai,Tamil Nadu,Encumbrance Certificate,RS-DOC-0207-3,2020-07-08,Harini Reddy,4,dbfe845cfe03464095d224d164ca957a13e5542e7411cee2b85808a2e7a75a7f,Verified,1,1,1,0,0,0,0,0,Synthetic development/demo dataset
RS-PROP-0208,USR-1010,Siddharth Krishnan,USR-1010,USR-1055,SUR-758/5B,1800.0,"Maraimalai Nagar, Vandalur, Chengalpattu",Chengalpattu,Tamil Nadu,Sale Deed,RS-DOC-0208-1,2019-06-20,Ramesh Chandran,3,8d0db827b7e4098e4c05cfc1acc792ebacf1cf05d2c6e8facd2d76cf97e725f4,Verified,1,1,1,0,0,0,0,0,Synthetic development/demo dataset
RS-PROP-0208,USR-1010,Siddharth Krishnan,USR-1010,USR-1055,SUR-758/5B,1800.0,"Maraimalai Nagar, Vandalur, Chengalpattu",Chengalpattu,Tamil Nadu,Land Record,RS-DOC-0208-2,2019-06-20,Ramesh Chandran,3,a13f25359b46b3eff5ae345f5b48f38553572f33329d622688b96ad97bb9b02a,Verified,1,1,1,0,0,0,0,0,Synthetic development/demo dataset
RS-PROP-0208,USR-1010,Siddharth Krishnan,USR-1010,USR-1055,SUR-758/5B,1800.0,"Maraimalai Nagar, Vandalur, Chengalpattu",Chengalpattu,Tamil Nadu,Encumbrance Certificate,RS-DOC-0208-3,2019-06-20,Ramesh Chandran,3,7250f369575753797b8ba0c9c18e992c94020328ea28c9a1fe0279fb058fc7c4,Verified,1,1,1,0,0,0,0,0,Synthetic development/demo dataset
RS-PROP-0209,USR-1012,Divya Srinivasan,USR-1012,USR-1057,SUR-349/1B,1800.0,"Guduvancheri, Maduranthakam, Chengalpattu",Chengalpattu,Tamil Nadu,Sale Deed,RS-DOC-0209-1,2023-09-02,Saravanan Ramesh,3,6b286f57f31157c5da67da8a63feea5fc8ed4381b5dd7d464da1939d2e8ec6ba,Verified,1,1,1,0,0,0,0,0,Synthetic development/demo dataset
RS-PROP-0209,USR-1012,Divya Srinivasan,USR-1012,USR-1057,SUR-349/1B,1800.0,"Guduvancheri, Maduranthakam, Chengalpattu",Chengalpattu,Tamil Nadu,Land Record,RS-DOC-0209-2,2023-09-02,Saravanan Ramesh,3,747163de67871b106105db4fbff319504a0744dfe5f577ce8b67ca3db29c7e9f,Verified,1,1,1,0,0,0,0,0,Synthetic development/demo dataset
RS-PROP-0209,USR-1012,Divya Srinivasan,USR-1012,USR-1057,SUR-349/1B,1800.0,"Guduvancheri, Maduranthakam, Chengalpattu",Chengalpattu,Tamil Nadu,Encumbrance Certificate,RS-DOC-0209-3,2023-09-02,Saravanan Ramesh,3,62a8905e04322f18a4d7b814a5e6864ded7ef804d23e0c8f2a724a9014a68bd5,Verified,1,1,1,0,0,0,0,0,Synthetic development/demo dataset
RS-PROP-0210,USR-1014,Priya Pillai,USR-1014,USR-1059,SUR-721/81,1800.0,"Keelkattalai, Alandur, Chennai",Chennai,Tamil Nadu,Sale Deed,RS-DOC-0210-1,2024-07-20,Saravanan Srinivasan,3,bfc0b76bcd49d9df83d266a5a0419b93bfa84adac395a02f5187638c65a38785,Verified,1,1,1,1,0,0,1,1,Synthetic development/demo dataset
RS-PROP-0211,USR-1016,Meenakshi Natarajan,USR-1016,USR-1002,SUR-980/91,1800.0,"Adambakkam, Alandur, Chennai",Chennai,Tamil Nadu,Sale Deed,RS-DOC-0211-1,2018-03-16,Karthik Ganesan,1,483e228f91d80f6ecef8277201f3a4de1c7edb7e238cc8a38e912ebec43edc9f,Verified,1,1,0,1,0,0,0,1,Synthetic development/demo dataset
RS-PROP-0211,USR-1016,Meenakshi Natarajan,USR-1016,USR-1002,SUR-980/91,1800.0,"Adambakkam, Alandur, Chennai",Chennai,Tamil Nadu,Land Record,RS-DOC-0211-2,2018-03-16,Karthik Ganesan,1,0c69ab168fb4a1662e03363653c13008e87ced648f2724d6964becdeb71d1bbf,Verified,1,1,0,1,0,0,0,1,Synthetic development/demo dataset
RS-PROP-0211,USR-1016,Meenakshi Natarajan,USR-1016,USR-1002,SUR-980/91,1800.0,"Adambakkam, Alandur, Chennai",Chennai,Tamil Nadu,Encumbrance Certificate,RS-DOC-0211-3,2018-03-16,Karthik Ganesan,1,854b5eb15d4b11926d76ab697238846f0b8558e8d8ef40d242aa07901e8e22c5,Verified,1,1,0,1,0,0,0,1,Synthetic development/demo dataset
RS-PROP-0212,USR-1018,Karthik Balasubramanian,USR-1018,USR-1004,SUR-908/7C,1500.0,"Kovaipudur, Coimbatore North, Coimbatore",Coimbatore,Tamil Nadu,Sale Deed,RS-DOC-0212-1,2019-05-16,Sundar Sundaram,4,0799eb26f71e2d14aa6b2519c2901c7b35bc6948707e9ffd00e7254d08eed9bb,Verified,0,1,1,0,0,0,0,1,Synthetic development/demo dataset
RS-PROP-0212,USR-1018,Karthik Balasubramanian,USR-1018,USR-1004,SUR-908/7C,1500.0,"Kovaipudur, Coimbatore North, Coimbatore",Coimbatore,Tamil Nadu,Land Record,RS-DOC-0212-2,2019-05-16,Sundar Sundaram,4,9a8f30372669db0e67607458234e27cf8c7e4bf150573ded4720dae4085b2862,Verified,0,1,1,0,0,0,0,1,Synthetic development/demo dataset
RS-PROP-0212,USR-1018,Karthik Balasubramanian,USR-1018,USR-1004,SUR-908/7C,1500.0,"Kovaipudur, Coimbatore North, Coimbatore",Coimbatore,Tamil Nadu,Encumbrance Certificate,RS-DOC-0212-3,2019-05-16,Sundar Sundaram,4,f8f8115c03b6bc826208557c6c940aba2f10933cc5be0460e8af2488260d6ebe,Verified,0,1,1,0,0,0,0,1,Synthetic development/demo dataset
RS-PROP-0212,USR-1018,Karthik Balasubramanian,USR-1018,USR-1004,SUR-908/7C,1500.0,"Kovaipudur, Coimbatore North, Coimbatore",Coimbatore,Tamil Nadu,Property Tax Receipt,RS-DOC-0212-4,2019-05-16,Sundar Sundaram,4,9dc9d3e992e3a62ef5123e183830d79b23534ae93f28eb8a4518400b956390ac,Verified,0,1,1,0,0,0,0,1,Synthetic development/demo dataset
RS-PROP-0213,USR-1020,Divya Rao,USR-1020,USR-1006,SUR-258/72,3000.0,"Saravanampatti, Pollachi, Coimbatore",Coimbatore,Tamil Nadu,Sale Deed,RS-DOC-0213-1,2024-09-14,Nandhini Murugan,2,4e3914f23997f3b386eefa93dc2bebeb27dec421c38a52c8857e08f07042d7f5,Verified,1,1,1,0,0,0,0,0,Synthetic development/demo dataset
RS-PROP-0213,USR-1020,Divya Rao,USR-1020,USR-1006,SUR-258/72,3000.0,"Saravanampatti, Pollachi, Coimbatore",Coimbatore,Tamil Nadu,Land Record,RS-DOC-0213-2,2024-09-14,Nandhini Murugan,2,7110550a623b629b01a4a7a8e1baeb390a173240619452c5e7d2216ffc0ad9c9,Verified,1,1,1,0,0,0,0,0,Synthetic development/demo dataset
RS-PROP-0213,USR-1020,Divya Rao,USR-1020,USR-1006,SUR-258/72,3000.0,"Saravanampatti, Pollachi, Coimbatore",Coimbatore,Tamil Nadu,Encumbrance Certificate,RS-DOC-0213-3,2024-09-14,Nandhini Murugan,2,02893df0ac246ff88da0b64e164496cc183f900ccbbcf4be3bb2125dea82c393,Verified,1,1,1,0,0,0,0,0,Synthetic development/demo dataset
RS-PROP-0213,USR-1020,Divya Rao,USR-1020,USR-1006,SUR-258/72,3000.0,"Saravanampatti, Pollachi, Coimbatore",Coimbatore,Tamil Nadu,Property Tax Receipt,RS-DOC-0213-4,2024-09-14,Nandhini Murugan,2,d81d7d790b47d1274403a4690d2ac74e49e96a1847af2cf5e7e32efc82966e90,Verified,1,1,1,0,0,0,0,0,Synthetic development/demo dataset
RS-PROP-0214,USR-1022,Vignesh Murugan,USR-1022,USR-1007,SUR-853/3A,2400.0,"Thandalam, Walajabad, Kanchipuram",Kanchipuram,Tamil Nadu,Sale Deed,RS-DOC-0214-1,2024-12-06,Ananya Iyer,4,64c517bd723f10fcb0c5b5c30a5136b6b45ed50088e979353271b9fdf261b420,Verified,1,1,1,0,0,0,0,0,Synthetic development/demo dataset
RS-PROP-0214,USR-1022,Vignesh Murugan,USR-1022,USR-1007,SUR-853/3A,2400.0,"Thandalam, Walajabad, Kanchipuram",Kanchipuram,Tamil Nadu,Land Record,RS-DOC-0214-2,2024-12-06,Ananya Iyer,4,1826e9cf2bfa427edb871f0af3c179b5b05373a2dc6477744974bbc11eb5c4db,Verified,1,1,1,0,0,0,0,0,Synthetic development/demo dataset
RS-PROP-0214,USR-1022,Vignesh Murugan,USR-1022,USR-1007,SUR-853/3A,2400.0,"Thandalam, Walajabad, Kanchipuram",Kanchipuram,Tamil Nadu,Encumbrance Certificate,RS-DOC-0214-3,2024-12-06,Ananya Iyer,4,4321cf314c31245e09ca9289d764866e4eca7f4789508959983b9e6ec6721a05,Verified,1,1,1,0,0,0,0,0,Synthetic development/demo dataset
RS-PROP-0214,USR-1022,Vignesh Murugan,USR-1022,USR-1007,SUR-853/3A,2400.0,"Thandalam, Walajabad, Kanchipuram",Kanchipuram,Tamil Nadu,Property Tax Receipt,RS-DOC-0214-4,2024-12-06,Ananya Iyer,4,8c21cae7ba2ef9ffa7f4f3e8670a7d354788d1ff9522097b782a2f3ad4063891,Verified,1,1,1,0,0,0,0,0,Synthetic development/demo dataset
RS-PROP-0215,USR-1024,Arun Sundaram,USR-1024,USR-1009,SUR-545/2A,3000.0,"Maraimalai Nagar, Maduranthakam, Chengalpattu",Chengalpattu,Tamil Nadu,Sale Deed,RS-DOC-0215-1,2020-02-20,Karthik Gopal,3,ffd0a33f46a31302617b9ec1acd45ef162f04319c85cabf25a3aad49adedac1d,Verified,1,1,1,0,0,0,0,0,Synthetic development/demo dataset
RS-PROP-0215,USR-1024,Arun Sundaram,USR-1024,USR-1009,SUR-545/2A,3000.0,"Maraimalai Nagar, Maduranthakam, Chengalpattu",Chengalpattu,Tamil Nadu,Land Record,RS-DOC-0215-2,2020-02-20,Karthik Gopal,3,868f64a40ec652f90d084a557a0dc2a082438837abedeba07389d916e4415266,Verified,1,1,1,0,0,0,0,0,Synthetic development/demo dataset
RS-PROP-0215,USR-1024,Arun Sundaram,USR-1024,USR-1009,SUR-545/2A,3000.0,"Maraimalai Nagar, Maduranthakam, Chengalpattu",Chengalpattu,Tamil Nadu,Encumbrance Certificate,RS-DOC-0215-3,2020-02-20,Karthik Gopal,3,2fee5c2aaac5d5bd2c714fd0821e55421323612a76e1a6d9cb0d882fb8aeceea,Verified,1,1,1,0,0,0,0,0,Synthetic development/demo dataset
RS-PROP-0216,USR-1026,Siddharth Kumar,USR-1026,USR-1011,SUR-134/92,2400.0,"Kelambakkam, Thiruporur, Chengalpattu",Chengalpattu,Tamil Nadu,Sale Deed,RS-DOC-0216-1,2019-11-02,Nandhini Chandran,4,a1b01ba1b4a96c0410471aa6f72bbed09981126adaabc6639c4ed1858a50fb35,Verified,1,1,1,0,0,1,0,0,Synthetic development/demo dataset
RS-PROP-0216,USR-1026,Siddharth Kumar,USR-1026,USR-1011,SUR-134/92,2400.0,"Kelambakkam, Thiruporur, Chengalpattu",Chengalpattu,Tamil Nadu,Land Record,RS-DOC-0216-2,2019-11-02,Nandhini Chandran,4,a5e819dc925338c75cf9710559ab1357999a3cbe3a90aa5707e7f44c6ddaeb55,Verified,1,1,1,0,0,1,0,0,Synthetic development/demo dataset
RS-PROP-0216,USR-1026,Siddharth Kumar,USR-1026,USR-1011,SUR-134/92,2400.0,"Kelambakkam, Thiruporur, Chengalpattu",Chengalpattu,Tamil Nadu,Encumbrance Certificate,RS-DOC-0216-3,2019-11-02,Nandhini Chandran,4,b5eb4c49b1e7253f4ffc6dcdc1476d81c87539dee63e4839973c406ddd314575,Verified,1,1,1,0,0,1,0,0,Synthetic development/demo dataset
RS-PROP-0216,USR-1026,Siddharth Kumar,USR-1026,USR-1011,SUR-134/92,2400.0,"Kelambakkam, Thiruporur, Chengalpattu",Chengalpattu,Tamil Nadu,Property Tax Receipt,RS-DOC-0216-4,2019-11-02,Nandhini Chandran,4,9be5cf9174ac8997b09eab95460373cca9ac37651fef9eb28c0245b3a206a238,Verified,1,1,1,0,0,1,0,0,Synthetic development/demo dataset
RS-PROP-0217,USR-1028,Dinesh Reddy,USR-1028,USR-1013,SUR-299/81,1200.0,"Sunguvarchatram, Kanchipuram, Kanchipuram",Kanchipuram,Tamil Nadu,Sale Deed,RS-DOC-0217-1,2019-07-17,Ananya Ganesan,3,eaae3e2dd0db37042e1855909bed631052f624230960eb1857b47df94ed1568b,Verified,1,0,1,0,0,0,0,1,Synthetic development/demo dataset
RS-PROP-0217,USR-1028,Dinesh Reddy,USR-1028,USR-1013,SUR-299/81,1200.0,"Sunguvarchatram, Kanchipuram, Kanchipuram",Kanchipuram,Tamil Nadu,Land Record,RS-DOC-0217-2,2019-07-17,Ananya Ganesan,3,c56ca7bcde4727487409bedbd6cfded897397184a71996a504dafe2215447260,Verified,1,0,1,0,0,0,0,1,Synthetic development/demo dataset
RS-PROP-0217,USR-1028,Dinesh Reddy,USR-1028,USR-1013,SUR-299/81,1200.0,"Sunguvarchatram, Kanchipuram, Kanchipuram",Kanchipuram,Tamil Nadu,Encumbrance Certificate,RS-DOC-0217-3,2019-07-17,Ananya Ganesan,3,0fe27ef16cffa8b133c626fe67aef30381fc455fd2b6612892bee2d7b807d7b4,Verified,1,0,1,0,0,0,0,1,Synthetic development/demo dataset
RS-PROP-0218,USR-1030,Vignesh Chandran,USR-1030,USR-1015,SUR-700/11,1500.0,"Thandalam, Kundrathur, Kanchipuram",Kanchipuram,Tamil Nadu,Sale Deed,RS-DOC-0218-1,2018-07-21,Sundar Chandran,4,c09f911b6e0846760b73e926960da690dd677be0d7a2f849a1a839aac4f47eeb,Verified,1,1,1,0,0,0,0,0,Synthetic development/demo dataset
RS-PROP-0218,USR-1030,Vignesh Chandran,USR-1030,USR-1015,SUR-700/11,1500.0,"Thandalam, Kundrathur, Kanchipuram",Kanchipuram,Tamil Nadu,Land Record,RS-DOC-0218-2,2018-07-21,Sundar Chandran,4,64349f739a4df5da5728303e2ebc77318709571647a207a94dd6525d77683b1d,Verified,1,1,1,0,0,0,0,0,Synthetic development/demo dataset
RS-PROP-0218,USR-1030,Vignesh Chandran,USR-1030,USR-1015,SUR-700/11,1500.0,"Thandalam, Kundrathur, Kanchipuram",Kanchipuram,Tamil Nadu,Encumbrance Certificate,RS-DOC-0218-3,2018-07-21,Sundar Chandran,4,c08fa2b8bd1b01d816937ee7a3fde852a3656ea03813f65127c7573a40b29515,Verified,1,1,1,0,0,0,0,0,Synthetic development/demo dataset
RS-PROP-0218,USR-1030,Vignesh Chandran,USR-1030,USR-1015,SUR-700/11,1500.0,"Thandalam, Kundrathur, Kanchipuram",Kanchipuram,Tamil Nadu,Property Tax Receipt,RS-DOC-0218-4,2018-07-21,Sundar Chandran,4,f7956e049d46a1ff2835b76dc87d45a22d57e3c91c44ace5e989ffc8e6020b1f,Verified,1,1,1,0,0,0,0,0,Synthetic development/demo dataset
RS-PROP-0219,USR-1032,Ganesh Chandran,USR-1032,USR-1017,SUR-789/6A,9600.0,"Thandalam, Sriperumbudur, Kanchipuram",Kanchipuram,Tamil Nadu,Sale Deed,RS-DOC-0219-1,2021-06-12,Divya Srinivasan,2,984b0cd6ecb72435ccc64696bc50c7409fcdff8ef67bc09747f6bdfb9bc9b0cf,Verified,1,1,1,0,0,0,0,0,Synthetic development/demo dataset
RS-PROP-0219,USR-1032,Ganesh Chandran,USR-1032,USR-1017,SUR-789/6A,9600.0,"Thandalam, Sriperumbudur, Kanchipuram",Kanchipuram,Tamil Nadu,Land Record,RS-DOC-0219-2,2021-06-12,Divya Srinivasan,2,2e5e569a4c0053cabfa479e24ceff600a40c1061e8f2e1e1e5c954dd4eaaf04a,Verified,1,1,1,0,0,0,0,0,Synthetic development/demo dataset
RS-PROP-0219,USR-1032,Ganesh Chandran,USR-1032,USR-1017,SUR-789/6A,9600.0,"Thandalam, Sriperumbudur, Kanchipuram",Kanchipuram,Tamil Nadu,Encumbrance Certificate,RS-DOC-0219-3,2021-06-12,Divya Srinivasan,2,b8ec4788769f25c1e8a5fd552596d4c18954759d20cfd52ee5aaac89e87bee48,Verified,1,1,1,0,0,0,0,0,Synthetic development/demo dataset
RS-PROP-0220,USR-1034,Swetha Chandran,USR-1034,USR-1019,SUR-307/42,3600.0,"Oragadam, Kanchipuram, Kanchipuram",Kanchipuram,Tamil Nadu,Sale Deed,RS-DOC-0220-1,2024-02-04,Venkatesh Thyagarajan,1,3bfcd8f987ce86bd87acff219d7ceecd312ee4afb3a2e0f806e0e6a62ceb6884,Verified,1,1,1,0,0,0,0,0,Synthetic development/demo dataset
RS-PROP-0220,USR-1034,Swetha Chandran,USR-1034,USR-1019,SUR-307/42,3600.0,"Oragadam, Kanchipuram, Kanchipuram",Kanchipuram,Tamil Nadu,Land Record,RS-DOC-0220-2,2024-02-04,Venkatesh Thyagarajan,1,7ffb2ecbd127f06729c448bb16c73cab094f94fd7f3eec001ff97d642bbf3247,Verified,1,1,1,0,0,0,0,0,Synthetic development/demo dataset
RS-PROP-0220,USR-1034,Swetha Chandran,USR-1034,USR-1019,SUR-307/42,3600.0,"Oragadam, Kanchipuram, Kanchipuram",Kanchipuram,Tamil Nadu,Encumbrance Certificate,RS-DOC-0220-3,2024-02-04,Venkatesh Thyagarajan,1,d4eecefc00936167f0f557d51b1146eb34964904ca876c3d1bfc2c3132763a97,Verified,1,1,1,0,0,0,0,0,Synthetic development/demo dataset
RS-PROP-0221,USR-1036,Nandhini Rao,USR-1036,USR-1021,SUR-287/9C,4800.0,"Kovaipudur, Pollachi, Coimbatore",Coimbatore,Tamil Nadu,Sale Deed,RS-DOC-0221-1,2024-10-05,Suresh Balasubramanian,4,31f5af13a3bafc420b3a8a390827a11979b1c00983f569efc38775646071bdcc,Verified,1,1,1,0,0,0,0,0,Synthetic development/demo dataset
RS-PROP-0221,USR-1036,Nandhini Rao,USR-1036,USR-1021,SUR-287/9C,4800.0,"Kovaipudur, Pollachi, Coimbatore",Coimbatore,Tamil Nadu,Land Record,RS-DOC-0221-2,2024-10-05,Suresh Balasubramanian,4,af9946fb30cfb5d35caff49498dfda38c69063fe7042bb3217649a7a0677e280,Verified,1,1,1,0,0,0,0,0,Synthetic development/demo dataset
RS-PROP-0221,USR-1036,Nandhini Rao,USR-1036,USR-1021,SUR-287/9C,4800.0,"Kovaipudur, Pollachi, Coimbatore",Coimbatore,Tamil Nadu,Encumbrance Certificate,RS-DOC-0221-3,2024-10-05,Suresh Balasubramanian,4,05cfb3e5599ada4186ad91c75fdcf0868dfc2142b144d81bb8fec4442554edc4,Verified,1,1,1,0,0,0,0,0,Synthetic development/demo dataset
RS-PROP-0221,USR-1036,Nandhini Rao,USR-1036,USR-1021,SUR-287/9C,4800.0,"Kovaipudur, Pollachi, Coimbatore",Coimbatore,Tamil Nadu,Property Tax Receipt,RS-DOC-0221-4,2024-10-05,Suresh Balasubramanian,4,02942791a66f3b25a3681d73db41d545d4acbf56e9416834ed89b0ea9ce3457b,Verified,1,1,1,0,0,0,0,0,Synthetic development/demo dataset
RS-PROP-0222,USR-1038,Balaji Swaminathan,USR-1038,USR-1023,SUR-571/6A,1200.0,"Adambakkam, Sholinganallur, Chennai",Chennai,Tamil Nadu,Sale Deed,RS-DOC-0222-1,2019-07-19,Ananya Rao,3,6e8b7c1272abf9c5701f01d8500108ebf38ac9dbe6ac97071c6ed3c53584b82b,Verified,1,1,1,0,0,1,0,0,Synthetic development/demo dataset
RS-PROP-0222,USR-1038,Balaji Swaminathan,USR-1038,USR-1023,SUR-571/6A,1200.0,"Adambakkam, Sholinganallur, Chennai",Chennai,Tamil Nadu,Land Record,RS-DOC-0222-2,2019-07-19,Ananya Rao,3,e94c7b753e246c654ceb8ff75b98fb6c57074f933e58ee1e44eb042d38e062e0,Verified,1,1,1,0,0,1,0,0,Synthetic development/demo dataset
RS-PROP-0222,USR-1038,Balaji Swaminathan,USR-1038,USR-1023,SUR-571/6A,1200.0,"Adambakkam, Sholinganallur, Chennai",Chennai,Tamil Nadu,Encumbrance Certificate,RS-DOC-0222-3,2019-07-19,Ananya Rao,3,b26642a2f6768764ec7a9f88b4479d3bb8f5ecaa795882a13730715b504dbff1,Verified,1,1,1,0,0,1,0,0,Synthetic development/demo dataset
RS-PROP-0223,USR-1040,Nandhini Reddy,USR-1040,USR-1025,SUR-284/32,2400.0,"Kovaipudur, Pollachi, Coimbatore",Coimbatore,Tamil Nadu,Sale Deed,RS-DOC-0223-1,2023-05-26,Swetha Ganesan,4,ecb920bc64032307373cdf409f112572623d4e06a8c8474686cdad3e324986a9,Hash Mismatch,1,1,0,0,0,0,0,1,Synthetic development/demo dataset
RS-PROP-0223,USR-1040,Nandhini Reddy,USR-1040,USR-1025,SUR-284/32,2400.0,"Kovaipudur, Pollachi, Coimbatore",Coimbatore,Tamil Nadu,Land Record,RS-DOC-0223-2,2023-05-26,Swetha Ganesan,4,b4e9c80d9c9dbed7d107b017452a7e003f708aa48ad22d7eaf159746b16e3524,Verified,1,1,0,0,0,0,0,1,Synthetic development/demo dataset
RS-PROP-0223,USR-1040,Nandhini Reddy,USR-1040,USR-1025,SUR-284/32,2400.0,"Kovaipudur, Pollachi, Coimbatore",Coimbatore,Tamil Nadu,Encumbrance Certificate,RS-DOC-0223-3,2023-05-26,Swetha Ganesan,4,1c22a2a61559a7b2758ce4cdc580408f56a2e263852cab62cb791c57779a8224,Verified,1,1,0,0,0,0,0,1,Synthetic development/demo dataset
RS-PROP-0224,USR-1042,Rajesh Thyagarajan,USR-1042,USR-1027,SUR-979/11,1500.0,"Sunguvarchatram, Walajabad, Kanchipuram",Kanchipuram,Tamil Nadu,Sale Deed,RS-DOC-0224-1,2019-01-07,Ganesh Thyagarajan,4,fb8aeb229678cb02b47cdb5c5978003a08301816468ed5de45f97667c41c1d79,Verified,1,1,1,0,0,0,0,0,Synthetic development/demo dataset
RS-PROP-0224,USR-1042,Rajesh Thyagarajan,USR-1042,USR-1027,SUR-979/11,1500.0,"Sunguvarchatram, Walajabad, Kanchipuram",Kanchipuram,Tamil Nadu,Land Record,RS-DOC-0224-2,2019-01-07,Ganesh Thyagarajan,4,666053b30f801ab0084d5a7d2f97d7189c88b6d884d4479d70b63b9620f57ed8,Verified,1,1,1,0,0,0,0,0,Synthetic development/demo dataset
RS-PROP-0224,USR-1042,Rajesh Thyagarajan,USR-1042,USR-1027,SUR-979/11,1500.0,"Sunguvarchatram, Walajabad, Kanchipuram",Kanchipuram,Tamil Nadu,Encumbrance Certificate,RS-DOC-0224-3,2019-01-07,Ganesh Thyagarajan,4,47826b83f87af5a19269d5ac1046a450444067810d1c9a27db319bee1a29c391,Verified,1,1,1,0,0,0,0,0,Synthetic development/demo dataset
RS-PROP-0224,USR-1042,Rajesh Thyagarajan,USR-1042,USR-1027,SUR-979/11,1500.0,"Sunguvarchatram, Walajabad, Kanchipuram",Kanchipuram,Tamil Nadu,Property Tax Receipt,RS-DOC-0224-4,2019-01-07,Ganesh Thyagarajan,4,ed8cfececff84f622ecfb417ee252f418cbcc6c5a732aefefd31e3a73ea909d4,Verified,1,1,1,0,0,0,0,0,Synthetic development/demo dataset
RS-PROP-0225,USR-1044,Ganesh Reddy,USR-1044,USR-1029,SUR-459/42,9600.0,"Madipakkam, Velachery, Chennai",Chennai,Tamil Nadu,Sale Deed,RS-DOC-0225-1,2024-05-12,Rajesh Balasubramanian,4,66b38787e993c221c9ecc4073134febf8bb2c084b09e4aec619510f3eee83d1b,Verified,1,1,1,0,0,0,0,0,Synthetic development/demo dataset
RS-PROP-0225,USR-1044,Ganesh Reddy,USR-1044,USR-1029,SUR-459/42,9600.0,"Madipakkam, Velachery, Chennai",Chennai,Tamil Nadu,Land Record,RS-DOC-0225-2,2024-05-12,Rajesh Balasubramanian,4,c5b0196756ed7459c5981cdca4766eafaf679ddedf6b3f03580f89aa135a494a,Verified,1,1,1,0,0,0,0,0,Synthetic development/demo dataset
RS-PROP-0225,USR-1044,Ganesh Reddy,USR-1044,USR-1029,SUR-459/42,9600.0,"Madipakkam, Velachery, Chennai",Chennai,Tamil Nadu,Encumbrance Certificate,RS-DOC-0225-3,2024-05-12,Rajesh Balasubramanian,4,a760fe8a36c8d6a4e459d54e145bcc65ccbd55119bf7ecd02768692247fd613a,Verified,1,1,1,0,0,0,0,0,Synthetic development/demo dataset
RS-PROP-0225,USR-1044,Ganesh Reddy,USR-1044,USR-1029,SUR-459/42,9600.0,"Madipakkam, Velachery, Chennai",Chennai,Tamil Nadu,Property Tax Receipt,RS-DOC-0225-4,2024-05-12,Rajesh Balasubramanian,4,7ce749fe83ea61df258a3ae163f2af461e63157698a458eee74f8424efbb7ebc,Verified,1,1,1,0,0,0,0,0,Synthetic development/demo dataset
RS-PROP-0226,USR-1046,Saravanan Krishnan,USR-1046,USR-1031,SUR-746/7A,1500.0,"Ponmalai, Lalgudi, Tiruchirappalli",Tiruchirappalli,Tamil Nadu,Sale Deed,RS-DOC-0226-1,2020-04-11,Rajesh Pillai,4,6f36d0384382f061b68d8b6ae523ca893bac0897d86e3446561719d8d217437b,Verified,1,1,0,0,0,0,1,1,Synthetic development/demo dataset
RS-PROP-0227,USR-1048,Madhavan Krishnan,USR-1048,USR-1033,SUR-845/4C,1500.0,"Kelambakkam, Vandalur, Chengalpattu",Chengalpattu,Tamil Nadu,Sale Deed,RS-DOC-0227-1,2019-07-04,Ananya Sundaram,1,93a959bc94b2aae2cf7b579b14eb07cbbf803750d64b02fb689542423626f8cd,Verified,0,0,1,0,0,0,0,1,Synthetic development/demo dataset
RS-PROP-0227,USR-1048,Madhavan Krishnan,USR-1048,USR-1033,SUR-845/4C,1500.0,"Kelambakkam, Vandalur, Chengalpattu",Chengalpattu,Tamil Nadu,Land Record,RS-DOC-0227-2,2019-07-04,Ananya Sundaram,1,3490ddafb92162f662b6e2e89fd5d94abe971bbba8392c92d700d79f26b438b4,Verified,0,0,1,0,0,0,0,1,Synthetic development/demo dataset
RS-PROP-0227,USR-1048,Madhavan Krishnan,USR-1048,USR-1033,SUR-845/4C,1500.0,"Kelambakkam, Vandalur, Chengalpattu",Chengalpattu,Tamil Nadu,Encumbrance Certificate,RS-DOC-0227-3,2019-07-04,Ananya Sundaram,1,8a1a7e513e87307e8e1b695339910411d7560e870fab8db88a4f4481f2ccfcf2,Verified,0,0,1,0,0,0,0,1,Synthetic development/demo dataset
RS-PROP-0228,USR-1050,Aravind Pillai,USR-1050,USR-1035,SUR-553/3B,9600.0,"Padur, Chengalpattu, Chengalpattu",Chengalpattu,Tamil Nadu,Sale Deed,RS-DOC-0228-1,2018-01-22,Dinesh Rao,4,2cc582819d4b9e62219aa6e31daf9a8b24760ef77f19f0a42380ec2e4b6e9892,Verified,1,1,1,0,0,0,0,0,Synthetic development/demo dataset
RS-PROP-0228,USR-1050,Aravind Pillai,USR-1050,USR-1035,SUR-553/3B,9600.0,"Padur, Chengalpattu, Chengalpattu",Chengalpattu,Tamil Nadu,Land Record,RS-DOC-0228-2,2018-01-22,Dinesh Rao,4,204b6558ef743f1f8ff5a8e08c9a41e4c1e3b98660da94ead4b4ff3e978f7cf1,Verified,1,1,1,0,0,0,0,0,Synthetic development/demo dataset
RS-PROP-0228,USR-1050,Aravind Pillai,USR-1050,USR-1035,SUR-553/3B,9600.0,"Padur, Chengalpattu, Chengalpattu",Chengalpattu,Tamil Nadu,Encumbrance Certificate,RS-DOC-0228-3,2018-01-22,Dinesh Rao,4,9bb2f7147fcb86493da93682513ebfd72430aa84430c2ff9f45cd334239caa60,Verified,1,1,1,0,0,0,0,0,Synthetic development/demo dataset
RS-PROP-0229,USR-1052,Meenakshi Ganesan,USR-1052,USR-1037,SUR-545/92,3000.0,"Maraimalai Nagar, Maduranthakam, Chengalpattu",Chengalpattu,Tamil Nadu,Sale Deed,RS-DOC-0229-1,2021-09-08,Venkatesh Swaminathan,3,c0010a72ecfd026d317c53e2ed416a5b7b89835030436a140a064c2b04e3c8e5,Verified,1,1,1,0,0,0,0,0,Synthetic development/demo dataset
RS-PROP-0229,USR-1052,Meenakshi Ganesan,USR-1052,USR-1037,SUR-545/92,3000.0,"Maraimalai Nagar, Maduranthakam, Chengalpattu",Chengalpattu,Tamil Nadu,Land Record,RS-DOC-0229-2,2021-09-08,Venkatesh Swaminathan,3,d0433c8d94b8fa7ed1b3081e72d4c41b4ee0394630c69af6ade1ae19726c1d8b,Verified,1,1,1,0,0,0,0,0,Synthetic development/demo dataset
RS-PROP-0229,USR-1052,Meenakshi Ganesan,USR-1052,USR-1037,SUR-545/92,3000.0,"Maraimalai Nagar, Maduranthakam, Chengalpattu",Chengalpattu,Tamil Nadu,Encumbrance Certificate,RS-DOC-0229-3,2021-09-08,Venkatesh Swaminathan,3,4b8a0145ce2a959f8673329421a2110f749f315d72f39b9be2761b58f38ed555,Verified,1,1,1,0,0,0,0,0,Synthetic development/demo dataset
RS-PROP-0229,USR-1052,Meenakshi Ganesan,USR-1052,USR-1037,SUR-545/92,3000.0,"Maraimalai Nagar, Maduranthakam, Chengalpattu",Chengalpattu,Tamil Nadu,Property Tax Receipt,RS-DOC-0229-4,2021-09-08,Venkatesh Swaminathan,3,429ebb66d3529593153b8ce6168f43d56b4aee58a345ed594b611a6c3d04e69b,Verified,1,1,1,0,0,0,0,0,Synthetic development/demo dataset
RS-PROP-0230,USR-1054,Meenakshi Reddy,USR-1054,USR-1039,SUR-108/81,3000.0,"Sunguvarchatram, Kundrathur, Kanchipuram",Kanchipuram,Tamil Nadu,Sale Deed,RS-DOC-0230-1,2024-07-26,Manoj Chandran,3,cfd86d02f8a2f5508e31e099b60f9bf2305c4f1bdf8048d5000a3373deb5a8e0,Verified,0,0,1,0,0,0,0,1,Synthetic development/demo dataset
RS-PROP-0230,USR-1054,Meenakshi Reddy,USR-1054,USR-1039,SUR-108/81,3000.0,"Sunguvarchatram, Kundrathur, Kanchipuram",Kanchipuram,Tamil Nadu,Land Record,RS-DOC-0230-2,2024-07-26,Manoj Chandran,3,e2102adf3b3a91f0b1da04292c65c270a8fe1fdc8b6336d693d527b5a9acbe17,Verified,0,0,1,0,0,0,0,1,Synthetic development/demo dataset
RS-PROP-0230,USR-1054,Meenakshi Reddy,USR-1054,USR-1039,SUR-108/81,3000.0,"Sunguvarchatram, Kundrathur, Kanchipuram",Kanchipuram,Tamil Nadu,Encumbrance Certificate,RS-DOC-0230-3,2024-07-26,Manoj Chandran,3,485fe96fbe8a001e56149a397427a9b5587fdb23df22285cba64f6b6adaeb9c0,Verified,0,0,1,0,0,0,0,1,Synthetic development/demo dataset
RS-PROP-0230,USR-1054,Meenakshi Reddy,USR-1054,USR-1039,SUR-108/81,3000.0,"Sunguvarchatram, Kundrathur, Kanchipuram",Kanchipuram,Tamil Nadu,Property Tax Receipt,RS-DOC-0230-4,2024-07-26,Manoj Chandran,3,8c91734c69266fbf3c006a34e912acb802506687c83ce8d739eab4348b17e0de,Verified,0,0,1,0,0,0,0,1,Synthetic development/demo dataset
RS-PROP-0231,USR-1056,Venkatesh Vaidyanathan,USR-1056,USR-1041,SUR-391/9C,4800.0,"Srirangam Central, Srirangam, Tiruchirappalli",Tiruchirappalli,Tamil Nadu,Sale Deed,RS-DOC-0231-1,2024-02-06,Meenakshi Pillai,4,3829be08b41d7b5652f94ef7f475df80d6c603a126357371211a83edd59631b2,Verified,1,1,1,0,0,0,0,0,Synthetic development/demo dataset
RS-PROP-0231,USR-1056,Venkatesh Vaidyanathan,USR-1056,USR-1041,SUR-391/9C,4800.0,"Srirangam Central, Srirangam, Tiruchirappalli",Tiruchirappalli,Tamil Nadu,Land Record,RS-DOC-0231-2,2024-02-06,Meenakshi Pillai,4,c04358141062f42b2df3053b1ad921ddd995554de9a866ce32bd6cc3a7226f9e,Verified,1,1,1,0,0,0,0,0,Synthetic development/demo dataset
RS-PROP-0231,USR-1056,Venkatesh Vaidyanathan,USR-1056,USR-1041,SUR-391/9C,4800.0,"Srirangam Central, Srirangam, Tiruchirappalli",Tiruchirappalli,Tamil Nadu,Encumbrance Certificate,RS-DOC-0231-3,2024-02-06,Meenakshi Pillai,4,799a58b188f6d66916edb0a5c2799d1a6a2f9867aae5c8af9816fc930a38f5ab,Verified,1,1,1,0,0,0,0,0,Synthetic development/demo dataset
RS-PROP-0232,USR-1058,Rajesh Kumar,USR-1058,USR-1043,SUR-122/3A,3000.0,"Maraimalai Nagar, Vandalur, Chengalpattu",Chengalpattu,Tamil Nadu,Sale Deed,RS-DOC-0232-1,2019-12-15,Arun Chandran,5,ca64820604d73c9b58413c8d68ae8f38ccde32fd747ce35fd163f666d7e79d83,Verified,1,1,1,0,1,0,0,1,Synthetic development/demo dataset
RS-PROP-0232,USR-1058,Rajesh Kumar,USR-1058,USR-1043,SUR-122/3A,3000.0,"Maraimalai Nagar, Vandalur, Chengalpattu",Chengalpattu,Tamil Nadu,Land Record,RS-DOC-0232-2,2019-12-15,Arun Chandran,5,9d9a6902201488a51ca495809ee937acc3f1f30082e9f803efa695523bde57bf,Verified,1,1,1,0,1,0,0,1,Synthetic development/demo dataset
RS-PROP-0232,USR-1058,Rajesh Kumar,USR-1058,USR-1043,SUR-122/3A,3000.0,"Maraimalai Nagar, Vandalur, Chengalpattu",Chengalpattu,Tamil Nadu,Encumbrance Certificate,RS-DOC-0232-3,2019-12-15,Arun Chandran,5,af051539d6c755feda5ce93bebfd28b17ad471e607eb9380ee756016b8ccb440,Verified,1,1,1,0,1,0,0,1,Synthetic development/demo dataset
RS-PROP-0233,USR-1001,Karthik Rao,USR-1001,USR-1045,SUR-372/7A,9600.0,"Madipakkam, Alandur, Chennai",Chennai,Tamil Nadu,Sale Deed,RS-DOC-0233-1,2019-04-27,Ganesh Gopal,1,d992f374335dad295070bda575319ef49938b654fd8ed668d7ff00fee226a26c,Verified,1,1,1,0,0,0,0,0,Synthetic development/demo dataset
RS-PROP-0233,USR-1001,Karthik Rao,USR-1001,USR-1045,SUR-372/7A,9600.0,"Madipakkam, Alandur, Chennai",Chennai,Tamil Nadu,Land Record,RS-DOC-0233-2,2019-04-27,Ganesh Gopal,1,06cbb7cc54b0446ed45f0f19cf1f85ee9bda872d95c21b933ad481eb481896b3,Verified,1,1,1,0,0,0,0,0,Synthetic development/demo dataset
RS-PROP-0233,USR-1001,Karthik Rao,USR-1001,USR-1045,SUR-372/7A,9600.0,"Madipakkam, Alandur, Chennai",Chennai,Tamil Nadu,Encumbrance Certificate,RS-DOC-0233-3,2019-04-27,Ganesh Gopal,1,6e3120655e29e430defacc792aa0e75851f429b3d5ef42b912391cafc1656cc1,Verified,1,1,1,0,0,0,0,0,Synthetic development/demo dataset
RS-PROP-0234,USR-1003,Siddharth Chandran,USR-1003,USR-1047,SUR-571/22,2400.0,"Kattur, Tiruchirappalli West, Tiruchirappalli",Tiruchirappalli,Tamil Nadu,Sale Deed,RS-DOC-0234-1,2021-11-10,Rajesh Krishnan,3,7b027b9f6f6768881c23a58b1c7a5a6f0d0b3faa91ed19da286047c4ac9ecd1c,Hash Mismatch,1,1,1,0,0,1,0,1,Synthetic development/demo dataset
RS-PROP-0234,USR-1003,Siddharth Chandran,USR-1003,USR-1047,SUR-571/22,2400.0,"Kattur, Tiruchirappalli West, Tiruchirappalli",Tiruchirappalli,Tamil Nadu,Land Record,RS-DOC-0234-2,2021-11-10,Rajesh Krishnan,3,c8edc18fbc2f144f3202afd81f3bfec850bcad060bc7257cda608686150bac87,Verified,1,1,1,0,0,1,0,1,Synthetic development/demo dataset
RS-PROP-0234,USR-1003,Siddharth Chandran,USR-1003,USR-1047,SUR-571/22,2400.0,"Kattur, Tiruchirappalli West, Tiruchirappalli",Tiruchirappalli,Tamil Nadu,Encumbrance Certificate,RS-DOC-0234-3,2021-11-10,Rajesh Krishnan,3,8b8003c4bc71ec38b1eb637845a18b7babe0ce8efe6760d89410934133072ef3,Verified,1,1,1,0,0,1,0,1,Synthetic development/demo dataset
RS-PROP-0234,USR-1003,Siddharth Chandran,USR-1003,USR-1047,SUR-571/22,2400.0,"Kattur, Tiruchirappalli West, Tiruchirappalli",Tiruchirappalli,Tamil Nadu,Property Tax Receipt,RS-DOC-0234-4,2021-11-10,Rajesh Krishnan,3,06411b3c61d2aafb2370028ef82c53657fb11c988d015c0f31253d1ca801f432,Verified,1,1,1,0,0,1,0,1,Synthetic development/demo dataset
RS-PROP-0235,USR-1005,Revathi Srinivasan,USR-1005,USR-1049,SUR-109/12,5400.0,"Velachery East, Velachery, Chennai",Chennai,Tamil Nadu,Sale Deed,RS-DOC-0235-1,2022-03-12,Venkatesh Chandran,4,e883c034da7139a55f348c5fb4ff7f97fbc0f9380fae74da1f4a0583d1284981,Verified,1,1,1,0,0,0,1,0,Synthetic development/demo dataset
RS-PROP-0236,USR-1008,Saravanan Ganesan,USR-1008,USR-1051,SUR-338/62,3600.0,"Keelkattalai, Alandur, Chennai",Chennai,Tamil Nadu,Sale Deed,RS-DOC-0236-1,2023-04-01,Aravind Reddy,3,151a62de4d36f6e6dd083cff983b5adabb2688b22b842a2f1d2fa113ee1bc354,Verified,1,1,1,0,0,0,0,0,Synthetic development/demo dataset
RS-PROP-0236,USR-1008,Saravanan Ganesan,USR-1008,USR-1051,SUR-338/62,3600.0,"Keelkattalai, Alandur, Chennai",Chennai,Tamil Nadu,Land Record,RS-DOC-0236-2,2023-04-01,Aravind Reddy,3,ca160a067c163c9d1f2bc00f6cdc8e595bfb162640da29fd2939dda5fba521b7,Verified,1,1,1,0,0,0,0,0,Synthetic development/demo dataset
RS-PROP-0236,USR-1008,Saravanan Ganesan,USR-1008,USR-1051,SUR-338/62,3600.0,"Keelkattalai, Alandur, Chennai",Chennai,Tamil Nadu,Encumbrance Certificate,RS-DOC-0236-3,2023-04-01,Aravind Reddy,3,5f644c825cf097b6331703c11293c3fd8155893b05ca5f443fd3c1ddeb90d074,Verified,1,1,1,0,0,0,0,0,Synthetic development/demo dataset
RS-PROP-0237,USR-1010,Uma Iyer,USR-1010,USR-1053,SUR-431/8C,9600.0,"Othakadai, Madurai South, Madurai",Madurai,Tamil Nadu,Sale Deed,RS-DOC-0237-1,2018-09-05,Siddharth Pillai,3,4852c5fd898fa40630b96f971df9b669ab8d6c6488289b90eb59150b923dcd48,Verified,1,1,1,0,0,0,0,0,Synthetic development/demo dataset
RS-PROP-0237,USR-1010,Uma Iyer,USR-1010,USR-1053,SUR-431/8C,9600.0,"Othakadai, Madurai South, Madurai",Madurai,Tamil Nadu,Land Record,RS-DOC-0237-2,2018-09-05,Siddharth Pillai,3,c1f6aa2ae9fdc2c90a69e191e2cb0cf4778988ba5be37d5bf771a37139b193b5,Verified,1,1,1,0,0,0,0,0,Synthetic development/demo dataset
RS-PROP-0237,USR-1010,Uma Iyer,USR-1010,USR-1053,SUR-431/8C,9600.0,"Othakadai, Madurai South, Madurai",Madurai,Tamil Nadu,Encumbrance Certificate,RS-DOC-0237-3,2018-09-05,Siddharth Pillai,3,b76a6108484c8cedf9b8be61d39cabb91f36783fc83fcaa1a390a304ca8e4498,Verified,1,1,1,0,0,0,0,0,Synthetic development/demo dataset
RS-PROP-0238,USR-1012,Priya Reddy,USR-1012,USR-1055,SUR-838/22,4800.0,"Othakadai, Madurai South, Madurai",Madurai,Tamil Nadu,Sale Deed,RS-DOC-0238-1,2022-11-16,Saravanan Pillai,4,b62ab073b49d16e7deec1f2e063c61c24809536b4b72847298b57c3c5aefef44,Verified,1,1,1,0,0,0,0,0,Synthetic development/demo dataset
RS-PROP-0238,USR-1012,Priya Reddy,USR-1012,USR-1055,SUR-838/22,4800.0,"Othakadai, Madurai South, Madurai",Madurai,Tamil Nadu,Land Record,RS-DOC-0238-2,2022-11-16,Saravanan Pillai,4,a458d78a4e4bebf0e66f961f0ef4c3321796012b98f7e7ee26d3add441e2e650,Verified,1,1,1,0,0,0,0,0,Synthetic development/demo dataset
RS-PROP-0238,USR-1012,Priya Reddy,USR-1012,USR-1055,SUR-838/22,4800.0,"Othakadai, Madurai South, Madurai",Madurai,Tamil Nadu,Encumbrance Certificate,RS-DOC-0238-3,2022-11-16,Saravanan Pillai,4,af955f1db5bf406515f6868d3792d034f6c1dc69e06c600789b1d25441277959,Verified,1,1,1,0,0,0,0,0,Synthetic development/demo dataset
RS-PROP-0239,USR-1014,Deepa Ramesh,USR-1014,USR-1057,SUR-306/21,2400.0,"Guduvancheri, Chengalpattu, Chengalpattu",Chengalpattu,Tamil Nadu,Sale Deed,RS-DOC-0239-1,2018-10-21,Aravind Thyagarajan,3,04cd08ff8fb8cc2cd7e6a4eac56c0d1dd983e4367aa26661a90d6f55dff292d9,Verified,1,1,1,0,1,1,0,1,Synthetic development/demo dataset
RS-PROP-0239,USR-1014,Deepa Ramesh,USR-1014,USR-1057,SUR-306/21,2400.0,"Guduvancheri, Chengalpattu, Chengalpattu",Chengalpattu,Tamil Nadu,Land Record,RS-DOC-0239-2,2018-10-21,Aravind Thyagarajan,3,2fd830a833fedf13f91e372c40fbecff674b7531152ab07542ed3725d23109b0,Verified,1,1,1,0,1,1,0,1,Synthetic development/demo dataset
RS-PROP-0239,USR-1014,Deepa Ramesh,USR-1014,USR-1057,SUR-306/21,2400.0,"Guduvancheri, Chengalpattu, Chengalpattu",Chengalpattu,Tamil Nadu,Encumbrance Certificate,RS-DOC-0239-3,2018-10-21,Aravind Thyagarajan,3,890351f732acac795b5bcedd9f13a4cb38b3e1eb5783799e2df0a7d68cd4ec37,Verified,1,1,1,0,1,1,0,1,Synthetic development/demo dataset
RS-PROP-0240,USR-1016,Madhavan Reddy,USR-1016,USR-1059,SUR-641/1A,3000.0,"Srirangam Central, Tiruchirappalli West, Tiruchirappalli",Tiruchirappalli,Tamil Nadu,Sale Deed,RS-DOC-0240-1,2019-09-04,Ananya Chandran,4,7b9086c7adcf2e27fea7ac38f73df51e7f07cd0f52cd277c4bbef86b34f728e9,Verified,1,1,1,0,1,0,0,1,Synthetic development/demo dataset
RS-PROP-0240,USR-1016,Madhavan Reddy,USR-1016,USR-1059,SUR-641/1A,3000.0,"Srirangam Central, Tiruchirappalli West, Tiruchirappalli",Tiruchirappalli,Tamil Nadu,Land Record,RS-DOC-0240-2,2019-09-04,Ananya Chandran,4,6a2cefe8dade5b7dbf84dfe9d14858c5cd9863ecda44cebb1113015c2b50552a,Verified,1,1,1,0,1,0,0,1,Synthetic development/demo dataset
RS-PROP-0240,USR-1016,Madhavan Reddy,USR-1016,USR-1059,SUR-641/1A,3000.0,"Srirangam Central, Tiruchirappalli West, Tiruchirappalli",Tiruchirappalli,Tamil Nadu,Encumbrance Certificate,RS-DOC-0240-3,2019-09-04,Ananya Chandran,4,c18a567dbdbf25300738047bed57e132f602c486d704da568d9f35c97842b12d,Verified,1,1,1,0,1,0,0,1,Synthetic development/demo dataset
RS-PROP-0241,USR-1018,Poornima Natarajan,USR-1018,USR-1002,SUR-511/9C,1800.0,"Maraimalai Nagar, Chengalpattu, Chengalpattu",Chengalpattu,Tamil Nadu,Sale Deed,RS-DOC-0241-1,2022-08-12,Rajesh Ganesan,3,b66ad4992d97e91abe9f153988344c91ca6944da7a0b927084c7a361f68ef397,Verified,1,1,1,0,0,0,0,0,Synthetic development/demo dataset
RS-PROP-0241,USR-1018,Poornima Natarajan,USR-1018,USR-1002,SUR-511/9C,1800.0,"Maraimalai Nagar, Chengalpattu, Chengalpattu",Chengalpattu,Tamil Nadu,Land Record,RS-DOC-0241-2,2022-08-12,Rajesh Ganesan,3,487568b3bf21a8b81a226740d11c1747b94f8a628c55516ba31e28a93bc1c84d,Verified,1,1,1,0,0,0,0,0,Synthetic development/demo dataset
RS-PROP-0241,USR-1018,Poornima Natarajan,USR-1018,USR-1002,SUR-511/9C,1800.0,"Maraimalai Nagar, Chengalpattu, Chengalpattu",Chengalpattu,Tamil Nadu,Encumbrance Certificate,RS-DOC-0241-3,2022-08-12,Rajesh Ganesan,3,4e59fcfed11f680faa2704c1e78ccd002b70ef5e5d844dbdeb9ba327d652d403,Verified,1,1,1,0,0,0,0,0,Synthetic development/demo dataset
RS-PROP-0242,USR-1020,Divya Gopal,USR-1020,USR-1004,SUR-563/81,1200.0,"Othakadai, Thirumangalam, Madurai",Madurai,Tamil Nadu,Sale Deed,RS-DOC-0242-1,2018-05-20,Priya Balasubramanian,4,8e084ff332b8efc510acb4e3242cacf826813727dd9bcc393777947feb9e80ab,Hash Mismatch,1,1,1,0,1,0,0,1,Synthetic development/demo dataset
RS-PROP-0242,USR-1020,Divya Gopal,USR-1020,USR-1004,SUR-563/81,1200.0,"Othakadai, Thirumangalam, Madurai",Madurai,Tamil Nadu,Land Record,RS-DOC-0242-2,2018-05-20,Priya Balasubramanian,4,814044218e445438e3fe0817cdd4f23a335fb4eecbd746476960be0927d3f2e8,Verified,1,1,1,0,1,0,0,1,Synthetic development/demo dataset
RS-PROP-0242,USR-1020,Divya Gopal,USR-1020,USR-1004,SUR-563/81,1200.0,"Othakadai, Thirumangalam, Madurai",Madurai,Tamil Nadu,Encumbrance Certificate,RS-DOC-0242-3,2018-05-20,Priya Balasubramanian,4,53baff111a74043cbfa1da31f26d53f7cbc6ec5bfe7517bc7ea173843e742971,Verified,1,1,1,0,1,0,0,1,Synthetic development/demo dataset
RS-PROP-0243,USR-1022,Saravanan Natarajan,USR-1022,USR-1006,SUR-259/3C,3600.0,"Pallavaram, Velachery, Chennai",Chennai,Tamil Nadu,Sale Deed,RS-DOC-0243-1,2019-04-09,Kavitha Sundaram,4,14ff52b31bea681b81e14bf911c961b80a760c62fc2fe33cbe61dc3bf2d38ad2,Verified,1,1,1,0,0,0,0,0,Synthetic development/demo dataset
RS-PROP-0243,USR-1022,Saravanan Natarajan,USR-1022,USR-1006,SUR-259/3C,3600.0,"Pallavaram, Velachery, Chennai",Chennai,Tamil Nadu,Land Record,RS-DOC-0243-2,2019-04-09,Kavitha Sundaram,4,d245523174295309bea3969c3fbc05830fc6b88921bb36c7807e7771b848ee66,Verified,1,1,1,0,0,0,0,0,Synthetic development/demo dataset
RS-PROP-0243,USR-1022,Saravanan Natarajan,USR-1022,USR-1006,SUR-259/3C,3600.0,"Pallavaram, Velachery, Chennai",Chennai,Tamil Nadu,Encumbrance Certificate,RS-DOC-0243-3,2019-04-09,Kavitha Sundaram,4,b25b98bf88749a6f44a30f08b8fc96ef41e9b0b181ae2c22be4fbb2d136f13d9,Verified,1,1,1,0,0,0,0,0,Synthetic development/demo dataset
RS-PROP-0244,USR-1024,Vignesh Krishnan,USR-1024,USR-1007,SUR-757/5A,4800.0,"Singanallur, Coimbatore South, Coimbatore",Coimbatore,Tamil Nadu,Sale Deed,RS-DOC-0244-1,2024-01-25,Bhavani Reddy,4,de04df6dc4ff35e000e93ea9a07faf7490f26a5f9c6c811b9c7056ef235ffbd1,Verified,1,1,1,0,0,0,0,0,Synthetic development/demo dataset
RS-PROP-0244,USR-1024,Vignesh Krishnan,USR-1024,USR-1007,SUR-757/5A,4800.0,"Singanallur, Coimbatore South, Coimbatore",Coimbatore,Tamil Nadu,Land Record,RS-DOC-0244-2,2024-01-25,Bhavani Reddy,4,b02aa99afa003b8b852cc2bbdb295a651e85988f319bed3c8ac7f14a2c195123,Verified,1,1,1,0,0,0,0,0,Synthetic development/demo dataset
RS-PROP-0244,USR-1024,Vignesh Krishnan,USR-1024,USR-1007,SUR-757/5A,4800.0,"Singanallur, Coimbatore South, Coimbatore",Coimbatore,Tamil Nadu,Encumbrance Certificate,RS-DOC-0244-3,2024-01-25,Bhavani Reddy,4,512dbffd2725b5904ec4fe9d0085f2857e466bf8b0a0836d9ccc8ed251583c1c,Verified,1,1,1,0,0,0,0,0,Synthetic development/demo dataset
RS-PROP-0245,USR-1026,Arun Gopal,USR-1026,USR-1009,SUR-142/62,1800.0,"Adambakkam, Guindy, Chennai",Chennai,Tamil Nadu,Sale Deed,RS-DOC-0245-1,2022-12-08,Saravanan Ramesh,4,a595e7d266a90df7a08f73d772057122c150d01f778deb3e036f30fa96c16a05,Verified,1,1,1,0,0,0,0,0,Synthetic development/demo dataset
RS-PROP-0245,USR-1026,Arun Gopal,USR-1026,USR-1009,SUR-142/62,1800.0,"Adambakkam, Guindy, Chennai",Chennai,Tamil Nadu,Land Record,RS-DOC-0245-2,2022-12-08,Saravanan Ramesh,4,186614aa4f23c95f950ed8e7987e355340756384f94375615f1a20bbcf380e98,Verified,1,1,1,0,0,0,0,0,Synthetic development/demo dataset
RS-PROP-0245,USR-1026,Arun Gopal,USR-1026,USR-1009,SUR-142/62,1800.0,"Adambakkam, Guindy, Chennai",Chennai,Tamil Nadu,Encumbrance Certificate,RS-DOC-0245-3,2022-12-08,Saravanan Ramesh,4,f54aaa3f723b4a4b232d66a83f8e55b6b1e5cce5231b12bdc8dad282d4915dc9,Verified,1,1,1,0,0,0,0,0,Synthetic development/demo dataset
RS-PROP-0245,USR-1026,Arun Gopal,USR-1026,USR-1009,SUR-142/62,1800.0,"Adambakkam, Guindy, Chennai",Chennai,Tamil Nadu,Property Tax Receipt,RS-DOC-0245-4,2022-12-08,Saravanan Ramesh,4,a8d4e43c14f69f359f139d04e56da2bc780ebef5f5929329a82e413849361b49,Verified,1,1,1,0,0,0,0,0,Synthetic development/demo dataset
RS-PROP-0246,USR-1028,Manoj Gopal,USR-1028,USR-1011,SUR-184/82,1200.0,"Padur, Chengalpattu, Chengalpattu",Chengalpattu,Tamil Nadu,Sale Deed,RS-DOC-0246-1,2021-05-03,Harini Balasubramanian,2,3001b49309b90fa284754247b912b719056c2eabb1e90091ba6efc690801e254,Verified,1,1,1,0,0,0,0,0,Synthetic development/demo dataset
RS-PROP-0246,USR-1028,Manoj Gopal,USR-1028,USR-1011,SUR-184/82,1200.0,"Padur, Chengalpattu, Chengalpattu",Chengalpattu,Tamil Nadu,Land Record,RS-DOC-0246-2,2021-05-03,Harini Balasubramanian,2,99109a197381ab83ab8a29b809cee121dfed72b69991b56e18a439a417a06d1d,Verified,1,1,1,0,0,0,0,0,Synthetic development/demo dataset
RS-PROP-0246,USR-1028,Manoj Gopal,USR-1028,USR-1011,SUR-184/82,1200.0,"Padur, Chengalpattu, Chengalpattu",Chengalpattu,Tamil Nadu,Encumbrance Certificate,RS-DOC-0246-3,2021-05-03,Harini Balasubramanian,2,e5a6a0eccfcd6082f2eae42f8c3f96baeafdb51feb99331e41783c7d21b9df34,Verified,1,1,1,0,0,0,0,0,Synthetic development/demo dataset
RS-PROP-0246,USR-1028,Manoj Gopal,USR-1028,USR-1011,SUR-184/82,1200.0,"Padur, Chengalpattu, Chengalpattu",Chengalpattu,Tamil Nadu,Property Tax Receipt,RS-DOC-0246-4,2021-05-03,Harini Balasubramanian,2,8ae528576795150352a6cedf3d1babed472ce696fd3f12c2695d796be9f8c5e9,Verified,1,1,1,0,0,0,0,0,Synthetic development/demo dataset
RS-PROP-0247,USR-1030,Harini Srinivasan,USR-1030,USR-1013,SUR-173/51,3600.0,"Kelambakkam, Chengalpattu, Chengalpattu",Chengalpattu,Tamil Nadu,Sale Deed,RS-DOC-0247-1,2022-02-04,Madhavan Vaidyanathan,3,03ea1d4c368805fca8f32613a7d6d799dca08b012d2c1c9a0beb63b28716c507,Hash Mismatch,1,1,1,0,0,0,1,1,Synthetic development/demo dataset
RS-PROP-0248,USR-1032,Siddharth Subramanian,USR-1032,USR-1015,SUR-304/6B,1500.0,"Peelamedu, Coimbatore South, Coimbatore",Coimbatore,Tamil Nadu,Sale Deed,RS-DOC-0248-1,2023-01-08,Saravanan Pillai,3,8c479394ea1a288d89e7c7c527c0ed51b89632554164890f680d96d2f91e3281,Verified,1,1,1,0,0,0,0,0,Synthetic development/demo dataset
RS-PROP-0248,USR-1032,Siddharth Subramanian,USR-1032,USR-1015,SUR-304/6B,1500.0,"Peelamedu, Coimbatore South, Coimbatore",Coimbatore,Tamil Nadu,Land Record,RS-DOC-0248-2,2023-01-08,Saravanan Pillai,3,ba085ef29e2f7ead4e310eccdcdbb4f04f4071b047e74712a285cce7a9c4801d,Verified,1,1,1,0,0,0,0,0,Synthetic development/demo dataset
RS-PROP-0248,USR-1032,Siddharth Subramanian,USR-1032,USR-1015,SUR-304/6B,1500.0,"Peelamedu, Coimbatore South, Coimbatore",Coimbatore,Tamil Nadu,Encumbrance Certificate,RS-DOC-0248-3,2023-01-08,Saravanan Pillai,3,e14f0df903d188d1eda4e6532534945cc88d6332306ad343049e197cd4caaa52,Verified,1,1,1,0,0,0,0,0,Synthetic development/demo dataset
RS-PROP-0249,USR-1034,Priya Rao,USR-1034,USR-1017,SUR-659/9C,9600.0,"Kelambakkam, Chengalpattu, Chengalpattu",Chengalpattu,Tamil Nadu,Sale Deed,RS-DOC-0249-1,2022-12-05,Priya Gopal,1,5da47f48b76fdf6bf2b4917fc94cca1dd1c5ba323852975f5ec28e081cc74859,Verified,0,1,1,0,0,0,0,1,Synthetic development/demo dataset
RS-PROP-0249,USR-1034,Priya Rao,USR-1034,USR-1017,SUR-659/9C,9600.0,"Kelambakkam, Chengalpattu, Chengalpattu",Chengalpattu,Tamil Nadu,Land Record,RS-DOC-0249-2,2022-12-05,Priya Gopal,1,307aae322647e4d70fb35d2e33985db663ce4215e8f2dea16a419a9b51411484,Verified,0,1,1,0,0,0,0,1,Synthetic development/demo dataset
RS-PROP-0249,USR-1034,Priya Rao,USR-1034,USR-1017,SUR-659/9C,9600.0,"Kelambakkam, Chengalpattu, Chengalpattu",Chengalpattu,Tamil Nadu,Encumbrance Certificate,RS-DOC-0249-3,2022-12-05,Priya Gopal,1,480b9be39731362d9d3f4f38033f748859dcf3f8af279435b31898e1fa81acda,Verified,0,1,1,0,0,0,0,1,Synthetic development/demo dataset
RS-PROP-0250,USR-1036,Arun Sundaram,USR-1036,USR-1019,SUR-985/2A,3000.0,"Gandhipuram, Pollachi, Coimbatore",Coimbatore,Tamil Nadu,Sale Deed,RS-DOC-0250-1,2021-04-13,Ananya Rao,1,f22492bd0165cd22202a6c3eb1d8a0890ae8cf2d62b971972b475dffecfb5458,Verified,1,1,0,1,0,0,1,1,Synthetic development/demo dataset
RS-PROP-0251,USR-1038,Bhavani Thyagarajan,USR-1038,USR-1021,SUR-455/6C,3000.0,"Saravanampatti, Coimbatore North, Coimbatore",Coimbatore,Tamil Nadu,Sale Deed,RS-DOC-0251-1,2022-05-26,Suresh Murugan,1,ed856433173e7400922f28a4cac599a32fe23263fe87b64debb29337cb4a8433,Verified,1,1,1,0,0,0,0,0,Synthetic development/demo dataset
RS-PROP-0251,USR-1038,Bhavani Thyagarajan,USR-1038,USR-1021,SUR-455/6C,3000.0,"Saravanampatti, Coimbatore North, Coimbatore",Coimbatore,Tamil Nadu,Land Record,RS-DOC-0251-2,2022-05-26,Suresh Murugan,1,fb55ded8cfcd49e1278a62500a3382decdb79267992eb6d747166cd7e6d0536e,Verified,1,1,1,0,0,0,0,0,Synthetic development/demo dataset
RS-PROP-0251,USR-1038,Bhavani Thyagarajan,USR-1038,USR-1021,SUR-455/6C,3000.0,"Saravanampatti, Coimbatore North, Coimbatore",Coimbatore,Tamil Nadu,Encumbrance Certificate,RS-DOC-0251-3,2022-05-26,Suresh Murugan,1,dd7432370369929434ec03e932699376f663c668ac33e9d6f1b21458eacfd8f0,Verified,1,1,1,0,0,0,0,0,Synthetic development/demo dataset
RS-PROP-0251,USR-1038,Bhavani Thyagarajan,USR-1038,USR-1021,SUR-455/6C,3000.0,"Saravanampatti, Coimbatore North, Coimbatore",Coimbatore,Tamil Nadu,Property Tax Receipt,RS-DOC-0251-4,2022-05-26,Suresh Murugan,1,0b986b91078256f3c1f39e698177bb730b6410fbca172253d5a288d25dbd67e4,Verified,1,1,1,0,0,0,0,0,Synthetic development/demo dataset
RS-PROP-0252,USR-1040,Harini Subramanian,USR-1040,USR-1023,SUR-633/41,2400.0,"Keelkattalai, Sholinganallur, Chennai",Chennai,Tamil Nadu,Sale Deed,RS-DOC-0252-1,2019-07-10,Bhavani Swaminathan,2,127e2b9a552a711d3f69a2aefd93e6be4525424964fe3f9069b354c88cbd2a01,Verified,1,1,0,0,0,0,0,0,Synthetic development/demo dataset
RS-PROP-0252,USR-1040,Harini Subramanian,USR-1040,USR-1023,SUR-633/41,2400.0,"Keelkattalai, Sholinganallur, Chennai",Chennai,Tamil Nadu,Land Record,RS-DOC-0252-2,2019-07-10,Bhavani Swaminathan,2,f23b4a175fca0a74c751c71bed5413bfdecf8e600ddf9b593e4bc2d18e4ac339,Verified,1,1,0,0,0,0,0,0,Synthetic development/demo dataset
RS-PROP-0252,USR-1040,Harini Subramanian,USR-1040,USR-1023,SUR-633/41,2400.0,"Keelkattalai, Sholinganallur, Chennai",Chennai,Tamil Nadu,Encumbrance Certificate,RS-DOC-0252-3,2019-07-10,Bhavani Swaminathan,2,28ece8e70034d8001ee8fa9597f35bd96413290cd8d40c5ace68e9d4d0f6974c,Verified,1,1,0,0,0,0,0,0,Synthetic development/demo dataset
RS-PROP-0253,USR-1042,Meenakshi Vaidyanathan,USR-1042,USR-1025,SUR-169/92,1500.0,"Padur, Chengalpattu, Chengalpattu",Chengalpattu,Tamil Nadu,Sale Deed,RS-DOC-0253-1,2020-03-24,Priya Rao,3,902162028ea3a8fe620e65dbc1229499dbd4268d64736e3346afcbaa0fc20fe9,Verified,1,1,1,0,0,1,0,0,Synthetic development/demo dataset
RS-PROP-0253,USR-1042,Meenakshi Vaidyanathan,USR-1042,USR-1025,SUR-169/92,1500.0,"Padur, Chengalpattu, Chengalpattu",Chengalpattu,Tamil Nadu,Land Record,RS-DOC-0253-2,2020-03-24,Priya Rao,3,f0b27995d8b1558bca7fd91f68a973f32565d16a8622fa67e58564dd2321543f,Verified,1,1,1,0,0,1,0,0,Synthetic development/demo dataset
RS-PROP-0253,USR-1042,Meenakshi Vaidyanathan,USR-1042,USR-1025,SUR-169/92,1500.0,"Padur, Chengalpattu, Chengalpattu",Chengalpattu,Tamil Nadu,Encumbrance Certificate,RS-DOC-0253-3,2020-03-24,Priya Rao,3,a858d1f9e01cb7c756041085e6df646992f25e9bb6661da649d4bfbd1d87c9ac,Verified,1,1,1,0,0,1,0,0,Synthetic development/demo dataset
RS-PROP-0253,USR-1042,Meenakshi Vaidyanathan,USR-1042,USR-1025,SUR-169/92,1500.0,"Padur, Chengalpattu, Chengalpattu",Chengalpattu,Tamil Nadu,Property Tax Receipt,RS-DOC-0253-4,2020-03-24,Priya Rao,3,dc592c58b7aa56bbd35ad383f045c015badfa982d28511c611b55a533c2b572b,Verified,1,1,1,0,0,1,0,0,Synthetic development/demo dataset
RS-PROP-0254,USR-1044,Vignesh Subramanian,USR-1044,USR-1027,SUR-288/71,5400.0,"Othakadai, Melur, Madurai",Madurai,Tamil Nadu,Sale Deed,RS-DOC-0254-1,2019-04-08,Karthik Vaidyanathan,3,e9427e46284beb0e926ebf855557d31a0305d20d2a529cbbc4ab602f87ed3799,Verified,1,1,1,0,0,0,0,0,Synthetic development/demo dataset
RS-PROP-0254,USR-1044,Vignesh Subramanian,USR-1044,USR-1027,SUR-288/71,5400.0,"Othakadai, Melur, Madurai",Madurai,Tamil Nadu,Land Record,RS-DOC-0254-2,2019-04-08,Karthik Vaidyanathan,3,4fa070355d0941c0a5b799577994a9542d215824c6d402fcb60441ea8abcf497,Verified,1,1,1,0,0,0,0,0,Synthetic development/demo dataset
RS-PROP-0254,USR-1044,Vignesh Subramanian,USR-1044,USR-1027,SUR-288/71,5400.0,"Othakadai, Melur, Madurai",Madurai,Tamil Nadu,Encumbrance Certificate,RS-DOC-0254-3,2019-04-08,Karthik Vaidyanathan,3,0f4836e4b8261df69533cce598eba7c0f35f5e4c822f314a7eaedc0f9802deb9,Verified,1,1,1,0,0,0,0,0,Synthetic development/demo dataset
RS-PROP-0255,USR-1046,Divya Sundaram,USR-1046,USR-1029,SUR-601/61,2400.0,"Maraimalai Nagar, Maduranthakam, Chengalpattu",Chengalpattu,Tamil Nadu,Sale Deed,RS-DOC-0255-1,2021-01-20,Aravind Rao,1,0dffa035e10b133969492a0f3aa403e9d646d69d9b069520156e00bec6e5ab59,Verified,1,1,1,0,0,0,0,0,Synthetic development/demo dataset
RS-PROP-0255,USR-1046,Divya Sundaram,USR-1046,USR-1029,SUR-601/61,2400.0,"Maraimalai Nagar, Maduranthakam, Chengalpattu",Chengalpattu,Tamil Nadu,Land Record,RS-DOC-0255-2,2021-01-20,Aravind Rao,1,696df5c3d95778a5abe0fee334f9867b598b36a6bb630ca6267fa5c2b73ee92f,Verified,1,1,1,0,0,0,0,0,Synthetic development/demo dataset
RS-PROP-0255,USR-1046,Divya Sundaram,USR-1046,USR-1029,SUR-601/61,2400.0,"Maraimalai Nagar, Maduranthakam, Chengalpattu",Chengalpattu,Tamil Nadu,Encumbrance Certificate,RS-DOC-0255-3,2021-01-20,Aravind Rao,1,617b55bd7bc4a26960f7bdab234a1d8349b260217c71936241a719449596ef75,Verified,1,1,1,0,0,0,0,0,Synthetic development/demo dataset
RS-PROP-0256,USR-1048,Karthik Chandran,USR-1048,USR-1031,SUR-671/72,1200.0,"Koodal Nagar, Melur, Madurai",Madurai,Tamil Nadu,Sale Deed,RS-DOC-0256-1,2020-08-13,Kavitha Pillai,2,95c3e457a6d8fd66adca584fd8ec71782716de969c771793fcfda3feb1b3fd93,Verified,1,1,1,0,0,0,0,0,Synthetic development/demo dataset
RS-PROP-0256,USR-1048,Karthik Chandran,USR-1048,USR-1031,SUR-671/72,1200.0,"Koodal Nagar, Melur, Madurai",Madurai,Tamil Nadu,Land Record,RS-DOC-0256-2,2020-08-13,Kavitha Pillai,2,8418c549b29dc055024de9a22e19faa6bb83f9bf995811628d072c6fb012893b,Verified,1,1,1,0,0,0,0,0,Synthetic development/demo dataset
RS-PROP-0256,USR-1048,Karthik Chandran,USR-1048,USR-1031,SUR-671/72,1200.0,"Koodal Nagar, Melur, Madurai",Madurai,Tamil Nadu,Encumbrance Certificate,RS-DOC-0256-3,2020-08-13,Kavitha Pillai,2,7c714afefb0a5afecadb46135638a6d29b0e90727764d760da449470fbf86b7d,Verified,1,1,1,0,0,0,0,0,Synthetic development/demo dataset
RS-PROP-0257,USR-1050,Gayathri Swaminathan,USR-1050,USR-1033,SUR-215/32,9600.0,"Adambakkam, Sholinganallur, Chennai",Chennai,Tamil Nadu,Sale Deed,RS-DOC-0257-1,2021-07-11,Siddharth Kumar,4,e0dcb967984e270af4af4660aaa43bf4870f4a90da64bad6e2ec3cb2386bb2fe,Verified,1,1,1,0,0,0,0,0,Synthetic development/demo dataset
RS-PROP-0257,USR-1050,Gayathri Swaminathan,USR-1050,USR-1033,SUR-215/32,9600.0,"Adambakkam, Sholinganallur, Chennai",Chennai,Tamil Nadu,Land Record,RS-DOC-0257-2,2021-07-11,Siddharth Kumar,4,904d356b9ce8526bf3b9867f559504fe353f69de519e1e25e980eb3caa2217a8,Verified,1,1,1,0,0,0,0,0,Synthetic development/demo dataset
RS-PROP-0257,USR-1050,Gayathri Swaminathan,USR-1050,USR-1033,SUR-215/32,9600.0,"Adambakkam, Sholinganallur, Chennai",Chennai,Tamil Nadu,Encumbrance Certificate,RS-DOC-0257-3,2021-07-11,Siddharth Kumar,4,5e75b4b873393bf0927da46b5931f9ffd40ff96ca2f7dbb559119eef19dfb2ec,Verified,1,1,1,0,0,0,0,0,Synthetic development/demo dataset
RS-PROP-0257,USR-1050,Gayathri Swaminathan,USR-1050,USR-1033,SUR-215/32,9600.0,"Adambakkam, Sholinganallur, Chennai",Chennai,Tamil Nadu,Property Tax Receipt,RS-DOC-0257-4,2021-07-11,Siddharth Kumar,4,68102001de2c370b9fe86d67ed412aacf97c69956c97f63e03dd3c49e6e501b3,Verified,1,1,1,0,0,0,0,0,Synthetic development/demo dataset
RS-PROP-0258,USR-1052,Rajesh Krishnan,USR-1052,USR-1035,SUR-216/8C,1500.0,"Kallakudi, Tiruchirappalli West, Tiruchirappalli",Tiruchirappalli,Tamil Nadu,Sale Deed,RS-DOC-0258-1,2023-07-24,Lakshmi Gopal,4,faffa47575487712ba353ab0d159bbff698e59e714aba6aeb6fb3e42dda2e7e8,Verified,1,1,0,0,0,0,0,0,Synthetic development/demo dataset
RS-PROP-0258,USR-1052,Rajesh Krishnan,USR-1052,USR-1035,SUR-216/8C,1500.0,"Kallakudi, Tiruchirappalli West, Tiruchirappalli",Tiruchirappalli,Tamil Nadu,Land Record,RS-DOC-0258-2,2023-07-24,Lakshmi Gopal,4,b440cbdc0150a5b07f2668396c583c6e423a138a5e9dd9580ebb5c328c5baa6b,Verified,1,1,0,0,0,0,0,0,Synthetic development/demo dataset
RS-PROP-0258,USR-1052,Rajesh Krishnan,USR-1052,USR-1035,SUR-216/8C,1500.0,"Kallakudi, Tiruchirappalli West, Tiruchirappalli",Tiruchirappalli,Tamil Nadu,Encumbrance Certificate,RS-DOC-0258-3,2023-07-24,Lakshmi Gopal,4,94fc0537fa9af6fa8bd8d179865bcda05e8c8ddf214545de4f13a467b6040220,Verified,1,1,0,0,0,0,0,0,Synthetic development/demo dataset
RS-PROP-0259,USR-1054,Balaji Ramesh,USR-1054,USR-1037,SUR-847/8C,1800.0,"Gandhipuram, Pollachi, Coimbatore",Coimbatore,Tamil Nadu,Sale Deed,RS-DOC-0259-1,2019-04-01,Ganesh Kumar,4,7e18ad5139b43695814e889b731246594170755fd85245793f31986f7fb15e6e,Verified,1,1,1,0,0,0,0,0,Synthetic development/demo dataset
RS-PROP-0259,USR-1054,Balaji Ramesh,USR-1054,USR-1037,SUR-847/8C,1800.0,"Gandhipuram, Pollachi, Coimbatore",Coimbatore,Tamil Nadu,Land Record,RS-DOC-0259-2,2019-04-01,Ganesh Kumar,4,e94393f568b3dfc24936e1b72dd9ce79b1572472883aedadeedbd132afce0780,Verified,1,1,1,0,0,0,0,0,Synthetic development/demo dataset
RS-PROP-0259,USR-1054,Balaji Ramesh,USR-1054,USR-1037,SUR-847/8C,1800.0,"Gandhipuram, Pollachi, Coimbatore",Coimbatore,Tamil Nadu,Encumbrance Certificate,RS-DOC-0259-3,2019-04-01,Ganesh Kumar,4,20dab273739cb11b11870ead2d3b170fe50b6a43c0d9f23b8181272c339932ad,Verified,1,1,1,0,0,0,0,0,Synthetic development/demo dataset
RS-PROP-0260,USR-1056,Uma Chandran,USR-1056,USR-1039,SUR-519/8A,1200.0,"Siruseri, Maduranthakam, Chengalpattu",Chengalpattu,Tamil Nadu,Sale Deed,RS-DOC-0260-1,2022-05-20,Divya Ramesh,2,54702bd570b4ef8078a11ec126b2f65f8d5a8080bde18b49e2f75fa67ae2161b,Verified,1,1,1,0,0,1,1,1,Synthetic development/demo dataset
RS-PROP-0261,USR-1058,Madhavan Krishnan,USR-1058,USR-1041,SUR-776/9B,5400.0,"Maraimalai Nagar, Thiruporur, Chengalpattu",Chengalpattu,Tamil Nadu,Sale Deed,RS-DOC-0261-1,2022-06-02,Venkatesh Pillai,3,72aade7b7a707a3d4a9165cb9168754196b76c79913f3664fd60720714f38ccd,Verified,1,1,1,0,0,0,0,0,Synthetic development/demo dataset
RS-PROP-0261,USR-1058,Madhavan Krishnan,USR-1058,USR-1041,SUR-776/9B,5400.0,"Maraimalai Nagar, Thiruporur, Chengalpattu",Chengalpattu,Tamil Nadu,Land Record,RS-DOC-0261-2,2022-06-02,Venkatesh Pillai,3,1c36e85f14937bd89c595d4fcfdca2a149240beaae71edd4ea7aa177e181d854,Verified,1,1,1,0,0,0,0,0,Synthetic development/demo dataset
RS-PROP-0261,USR-1058,Madhavan Krishnan,USR-1058,USR-1041,SUR-776/9B,5400.0,"Maraimalai Nagar, Thiruporur, Chengalpattu",Chengalpattu,Tamil Nadu,Encumbrance Certificate,RS-DOC-0261-3,2022-06-02,Venkatesh Pillai,3,d3925be6f8da5652f11afe7c2fb7f38a3e28a434ca4d1bb7b400b4954f8d6cba,Verified,1,1,1,0,0,0,0,0,Synthetic development/demo dataset
RS-PROP-0262,USR-1001,Deepa Pillai,USR-1001,USR-1043,SUR-811/5C,9600.0,"Saravanampatti, Coimbatore North, Coimbatore",Coimbatore,Tamil Nadu,Sale Deed,RS-DOC-0262-1,2022-04-23,Divya Ramesh,1,3006bd4a13dce62ff886f480535365bebc20fcd3f35bb311dcf565ec2f9b875e,Verified,1,1,1,0,0,0,0,0,Synthetic development/demo dataset
RS-PROP-0262,USR-1001,Deepa Pillai,USR-1001,USR-1043,SUR-811/5C,9600.0,"Saravanampatti, Coimbatore North, Coimbatore",Coimbatore,Tamil Nadu,Land Record,RS-DOC-0262-2,2022-04-23,Divya Ramesh,1,7af432402c36adf8793108c5b47b8d41baa84b50be839117c6f5111cb2c00016,Verified,1,1,1,0,0,0,0,0,Synthetic development/demo dataset
RS-PROP-0262,USR-1001,Deepa Pillai,USR-1001,USR-1043,SUR-811/5C,9600.0,"Saravanampatti, Coimbatore North, Coimbatore",Coimbatore,Tamil Nadu,Encumbrance Certificate,RS-DOC-0262-3,2022-04-23,Divya Ramesh,1,f3fc4a2a95727b872170a00a693094340a14d127f07baeedbe4aabcf88979972,Verified,1,1,1,0,0,0,0,0,Synthetic development/demo dataset
RS-PROP-0263,USR-1003,Rajesh Murugan,USR-1003,USR-1045,SUR-729/82,5400.0,"Anna Nagar, Thirumangalam, Madurai",Madurai,Tamil Nadu,Sale Deed,RS-DOC-0263-1,2024-03-20,Sundar Pillai,1,d55d9633d2648f2e8de61c3f04ff7bb893eaec2714839512c44d5a3b6a3913c7,Verified,1,1,0,0,0,0,1,1,Synthetic development/demo dataset
RS-PROP-0264,USR-1005,Karthik Rao,USR-1005,USR-1047,SUR-755/4C,3000.0,"Irungattukottai, Kanchipuram, Kanchipuram",Kanchipuram,Tamil Nadu,Sale Deed,RS-DOC-0264-1,2020-05-17,Rajesh Kumar,3,ec8b4dae0e74a31925a668b9ade433be92ee760b375b597cafab2e23e3339e3c,Verified,0,1,1,0,0,0,0,1,Synthetic development/demo dataset
RS-PROP-0264,USR-1005,Karthik Rao,USR-1005,USR-1047,SUR-755/4C,3000.0,"Irungattukottai, Kanchipuram, Kanchipuram",Kanchipuram,Tamil Nadu,Land Record,RS-DOC-0264-2,2020-05-17,Rajesh Kumar,3,b7fe38917a94a52dd66f93579442831b9208a56072267c6f0cd0e63e96c407d6,Verified,0,1,1,0,0,0,0,1,Synthetic development/demo dataset
RS-PROP-0264,USR-1005,Karthik Rao,USR-1005,USR-1047,SUR-755/4C,3000.0,"Irungattukottai, Kanchipuram, Kanchipuram",Kanchipuram,Tamil Nadu,Encumbrance Certificate,RS-DOC-0264-3,2020-05-17,Rajesh Kumar,3,60b2c88c5d2be1bfe3cc01a44ec5b36d53ccc56b99871510787aefb249ff6ba1,Verified,0,1,1,0,0,0,0,1,Synthetic development/demo dataset
RS-PROP-0265,USR-1008,Meenakshi Thyagarajan,USR-1008,USR-1049,SUR-443/81,1200.0,"Maraimalai Nagar, Maduranthakam, Chengalpattu",Chengalpattu,Tamil Nadu,Sale Deed,RS-DOC-0265-1,2020-10-24,Rajesh Ganesan,1,56df933712ed17104c55766f81cc97f2e55732861a328d29f0a2d262bb3c727d,Verified,1,1,1,0,0,0,1,0,Synthetic development/demo dataset
RS-PROP-0266,USR-1010,Priya Rao,USR-1010,USR-1051,SUR-720/7B,1500.0,"Singanallur, Coimbatore North, Coimbatore",Coimbatore,Tamil Nadu,Sale Deed,RS-DOC-0266-1,2023-06-23,Karthik Murugan,1,ee5bba5f3c63511bd062ef43489a86df597436a027865ccbb1cb5e2bc50fd484,Verified,1,1,1,0,0,0,0,0,Synthetic development/demo dataset
RS-PROP-0266,USR-1010,Priya Rao,USR-1010,USR-1051,SUR-720/7B,1500.0,"Singanallur, Coimbatore North, Coimbatore",Coimbatore,Tamil Nadu,Land Record,RS-DOC-0266-2,2023-06-23,Karthik Murugan,1,4b5eb40131b814a8914c039f2cfd8bab3ce8c49f0ca6bd90924f9785d1ffd160,Verified,1,1,1,0,0,0,0,0,Synthetic development/demo dataset
RS-PROP-0266,USR-1010,Priya Rao,USR-1010,USR-1051,SUR-720/7B,1500.0,"Singanallur, Coimbatore North, Coimbatore",Coimbatore,Tamil Nadu,Encumbrance Certificate,RS-DOC-0266-3,2023-06-23,Karthik Murugan,1,b8e97b5fff873bcb1cf9ab491fba9f98519817936ada1b05d52f1831924bcab5,Verified,1,1,1,0,0,0,0,0,Synthetic development/demo dataset
RS-PROP-0267,USR-1012,Kavitha Iyer,USR-1012,USR-1053,SUR-214/6A,2400.0,"Anna Nagar, Thirumangalam, Madurai",Madurai,Tamil Nadu,Sale Deed,RS-DOC-0267-1,2021-09-01,Vignesh Balasubramanian,2,f1c8387618d5218e27b2e382114cb5f2e9bb2a1acabfc8e149a5ef5bde112d32,Verified,1,1,0,0,0,0,1,1,Synthetic development/demo dataset
RS-PROP-0268,USR-1014,Meenakshi Iyer,USR-1014,USR-1055,SUR-496/9A,1200.0,"Ponmalai, Tiruchirappalli West, Tiruchirappalli",Tiruchirappalli,Tamil Nadu,Sale Deed,RS-DOC-0268-1,2018-11-28,Venkatesh Rao,3,4d4af5178f118777c8a617f337728245f20349de891b0d028078a30fe1ea2f4e,Verified,1,1,1,0,0,1,0,0,Synthetic development/demo dataset
RS-PROP-0268,USR-1014,Meenakshi Iyer,USR-1014,USR-1055,SUR-496/9A,1200.0,"Ponmalai, Tiruchirappalli West, Tiruchirappalli",Tiruchirappalli,Tamil Nadu,Land Record,RS-DOC-0268-2,2018-11-28,Venkatesh Rao,3,06761db797d2012687e5b247e4e7c74e201f6dc739f9c5fb6b7ed63bc74eca36,Verified,1,1,1,0,0,1,0,0,Synthetic development/demo dataset
RS-PROP-0268,USR-1014,Meenakshi Iyer,USR-1014,USR-1055,SUR-496/9A,1200.0,"Ponmalai, Tiruchirappalli West, Tiruchirappalli",Tiruchirappalli,Tamil Nadu,Encumbrance Certificate,RS-DOC-0268-3,2018-11-28,Venkatesh Rao,3,0030e56713d2f17d32393270d8fffe808f348ab0a506fb0f3c406852223ca7a4,Verified,1,1,1,0,0,1,0,0,Synthetic development/demo dataset
RS-PROP-0269,USR-1016,Siddharth Natarajan,USR-1016,USR-1057,SUR-380/2A,9600.0,"Oragadam, Kanchipuram, Kanchipuram",Kanchipuram,Tamil Nadu,Sale Deed,RS-DOC-0269-1,2018-04-18,Dinesh Ganesan,5,cd19ff5296b5aab573d5f5fbb6c536768fff8cdf1d81094be0425aad2554534b,Hash Mismatch,1,1,1,0,0,1,0,1,Synthetic development/demo dataset
RS-PROP-0269,USR-1016,Siddharth Natarajan,USR-1016,USR-1057,SUR-380/2A,9600.0,"Oragadam, Kanchipuram, Kanchipuram",Kanchipuram,Tamil Nadu,Land Record,RS-DOC-0269-2,2018-04-18,Dinesh Ganesan,5,7fcfba002e248918b94c539d450292850271997bfee8a4d0c0178a2b45db1d42,Verified,1,1,1,0,0,1,0,1,Synthetic development/demo dataset
RS-PROP-0269,USR-1016,Siddharth Natarajan,USR-1016,USR-1057,SUR-380/2A,9600.0,"Oragadam, Kanchipuram, Kanchipuram",Kanchipuram,Tamil Nadu,Encumbrance Certificate,RS-DOC-0269-3,2018-04-18,Dinesh Ganesan,5,ad2c16257ad5c372d22183ef329c75a7b1afc2b745c3e3537ea6df72dc96f2b9,Verified,1,1,1,0,0,1,0,1,Synthetic development/demo dataset
RS-PROP-0270,USR-1018,Suresh Natarajan,USR-1018,USR-1059,SUR-536/7B,5400.0,"Saravanampatti, Coimbatore South, Coimbatore",Coimbatore,Tamil Nadu,Sale Deed,RS-DOC-0270-1,2020-05-11,Vijay Ganesan,4,d6e6f73b237732fb13c0fdccc2f81422e74ce794807c8394a379202e8ff09793,Verified,1,1,1,0,0,0,0,0,Synthetic development/demo dataset
RS-PROP-0270,USR-1018,Suresh Natarajan,USR-1018,USR-1059,SUR-536/7B,5400.0,"Saravanampatti, Coimbatore South, Coimbatore",Coimbatore,Tamil Nadu,Land Record,RS-DOC-0270-2,2020-05-11,Vijay Ganesan,4,a9fb6260dee3924423e917e8a37ffdd0bb62cfc3129596d388724f7f973fe795,Verified,1,1,1,0,0,0,0,0,Synthetic development/demo dataset
RS-PROP-0270,USR-1018,Suresh Natarajan,USR-1018,USR-1059,SUR-536/7B,5400.0,"Saravanampatti, Coimbatore South, Coimbatore",Coimbatore,Tamil Nadu,Encumbrance Certificate,RS-DOC-0270-3,2020-05-11,Vijay Ganesan,4,582f57f08bba3c96fbb08e9491a50d1aaf67b3bf1ed98db0355f0e31ea68798b,Verified,1,1,1,0,0,0,0,0,Synthetic development/demo dataset
RS-PROP-0270,USR-1018,Suresh Natarajan,USR-1018,USR-1059,SUR-536/7B,5400.0,"Saravanampatti, Coimbatore South, Coimbatore",Coimbatore,Tamil Nadu,Property Tax Receipt,RS-DOC-0270-4,2020-05-11,Vijay Ganesan,4,c56452bc55ec0c597d89d80b997be7a8347177c7e04b82fa12be3e9986c64c8a,Verified,1,1,1,0,0,0,0,0,Synthetic development/demo dataset
RS-PROP-0271,USR-1020,Kavitha Swaminathan,USR-1020,USR-1002,SUR-247/5C,4800.0,"Peelamedu, Coimbatore North, Coimbatore",Coimbatore,Tamil Nadu,Sale Deed,RS-DOC-0271-1,2023-11-11,Rajesh Swaminathan,1,7eef1e411bb86ba339f70f2b9db01f84895abc8933b8c4bc50d300b8becd7c33,Verified,1,0,1,0,0,0,0,1,Synthetic development/demo dataset
RS-PROP-0271,USR-1020,Kavitha Swaminathan,USR-1020,USR-1002,SUR-247/5C,4800.0,"Peelamedu, Coimbatore North, Coimbatore",Coimbatore,Tamil Nadu,Land Record,RS-DOC-0271-2,2023-11-11,Rajesh Swaminathan,1,30068764fa7eec80a7188d23d8f1f6963752deb49fdfe06425f08613efb3dc1f,Verified,1,0,1,0,0,0,0,1,Synthetic development/demo dataset
RS-PROP-0271,USR-1020,Kavitha Swaminathan,USR-1020,USR-1002,SUR-247/5C,4800.0,"Peelamedu, Coimbatore North, Coimbatore",Coimbatore,Tamil Nadu,Encumbrance Certificate,RS-DOC-0271-3,2023-11-11,Rajesh Swaminathan,1,bb881f579d5ee483ebde95a791f7fe28988bf420a5dcf15c7ea9bab73658ba49,Verified,1,0,1,0,0,0,0,1,Synthetic development/demo dataset
RS-PROP-0272,USR-1022,Ananya Gopal,USR-1022,USR-1004,SUR-669/2C,9600.0,"Srirangam Central, Tiruchirappalli West, Tiruchirappalli",Tiruchirappalli,Tamil Nadu,Sale Deed,RS-DOC-0272-1,2021-10-14,Swetha Chandran,2,f88e3d19808501d595f98e1ad45204d7911bbe98d876b79a37ea11ee2232b525,Verified,1,1,1,0,0,0,0,0,Synthetic development/demo dataset
RS-PROP-0272,USR-1022,Ananya Gopal,USR-1022,USR-1004,SUR-669/2C,9600.0,"Srirangam Central, Tiruchirappalli West, Tiruchirappalli",Tiruchirappalli,Tamil Nadu,Land Record,RS-DOC-0272-2,2021-10-14,Swetha Chandran,2,2a328574ce6e3df998b5610908bf7215234b75209b877cbfd53875633669618e,Verified,1,1,1,0,0,0,0,0,Synthetic development/demo dataset
RS-PROP-0272,USR-1022,Ananya Gopal,USR-1022,USR-1004,SUR-669/2C,9600.0,"Srirangam Central, Tiruchirappalli West, Tiruchirappalli",Tiruchirappalli,Tamil Nadu,Encumbrance Certificate,RS-DOC-0272-3,2021-10-14,Swetha Chandran,2,2b1ea9d4889e23c0cb84fb65844a8f61f6fcea88a4a77f4496b6378f83dd3afc,Verified,1,1,1,0,0,0,0,0,Synthetic development/demo dataset
RS-PROP-0272,USR-1022,Ananya Gopal,USR-1022,USR-1004,SUR-669/2C,9600.0,"Srirangam Central, Tiruchirappalli West, Tiruchirappalli",Tiruchirappalli,Tamil Nadu,Property Tax Receipt,RS-DOC-0272-4,2021-10-14,Swetha Chandran,2,ebe8d48e76964eae6c1ba7b44141de45ed45a89a74093f5b62780e8a5d1e9d81,Verified,1,1,1,0,0,0,0,0,Synthetic development/demo dataset
RS-PROP-0273,USR-1024,Poornima Vaidyanathan,USR-1024,USR-1006,SUR-277/22,5400.0,"Anna Nagar, Thirumangalam, Madurai",Madurai,Tamil Nadu,Sale Deed,RS-DOC-0273-1,2022-10-15,Rajesh Ganesan,4,b8240d772eb83b736dfc3ca2f6f1bea9ec895e6b8d9e3d32a02b930b576a2b06,Verified,0,0,1,0,0,1,0,1,Synthetic development/demo dataset
RS-PROP-0273,USR-1024,Poornima Vaidyanathan,USR-1024,USR-1006,SUR-277/22,5400.0,"Anna Nagar, Thirumangalam, Madurai",Madurai,Tamil Nadu,Land Record,RS-DOC-0273-2,2022-10-15,Rajesh Ganesan,4,c7f7329df20dab0ef12c570b0eae02f75b268ef990688bd6e9e5473a685f3ea5,Verified,0,0,1,0,0,1,0,1,Synthetic development/demo dataset
RS-PROP-0273,USR-1024,Poornima Vaidyanathan,USR-1024,USR-1006,SUR-277/22,5400.0,"Anna Nagar, Thirumangalam, Madurai",Madurai,Tamil Nadu,Encumbrance Certificate,RS-DOC-0273-3,2022-10-15,Rajesh Ganesan,4,0d18b9b119a879d0c0c4fb709979598f8d913e8f1365806f1a296f897c3e4dd8,Verified,0,0,1,0,0,1,0,1,Synthetic development/demo dataset
RS-PROP-0273,USR-1024,Poornima Vaidyanathan,USR-1024,USR-1006,SUR-277/22,5400.0,"Anna Nagar, Thirumangalam, Madurai",Madurai,Tamil Nadu,Property Tax Receipt,RS-DOC-0273-4,2022-10-15,Rajesh Ganesan,4,5f69521e90928e49f42eb98cfd8c6d9b6b08861b734f37e179899b9cf62cfcf7,Verified,0,0,1,0,0,1,0,1,Synthetic development/demo dataset
RS-PROP-0274,USR-1026,Divya Subramanian,USR-1026,USR-1007,SUR-776/31,9600.0,"Anna Nagar, Madurai North, Madurai",Madurai,Tamil Nadu,Sale Deed,RS-DOC-0274-1,2021-10-19,Siddharth Iyer,4,deeed12777d6e339537a6c40df645fb9b4dccd741d842d2375df381ff577cb89,Verified,1,1,1,0,0,1,0,0,Synthetic development/demo dataset
RS-PROP-0274,USR-1026,Divya Subramanian,USR-1026,USR-1007,SUR-776/31,9600.0,"Anna Nagar, Madurai North, Madurai",Madurai,Tamil Nadu,Land Record,RS-DOC-0274-2,2021-10-19,Siddharth Iyer,4,fd6c20dab4427bbb4d389c355f311496b0b204ddbfdd362da9bc220f938be5d3,Verified,1,1,1,0,0,1,0,0,Synthetic development/demo dataset
RS-PROP-0274,USR-1026,Divya Subramanian,USR-1026,USR-1007,SUR-776/31,9600.0,"Anna Nagar, Madurai North, Madurai",Madurai,Tamil Nadu,Encumbrance Certificate,RS-DOC-0274-3,2021-10-19,Siddharth Iyer,4,8afc3e5650ce00442bbf037f6fe8180bf56acb35ab3fe5545e4f78ee7ec6356a,Verified,1,1,1,0,0,1,0,0,Synthetic development/demo dataset
RS-PROP-0274,USR-1026,Divya Subramanian,USR-1026,USR-1007,SUR-776/31,9600.0,"Anna Nagar, Madurai North, Madurai",Madurai,Tamil Nadu,Property Tax Receipt,RS-DOC-0274-4,2021-10-19,Siddharth Iyer,4,54ad9de4af8180516492178ccedca2ad559e648a1d0128e1ccea79ed9e1b01d2,Verified,1,1,1,0,0,1,0,0,Synthetic development/demo dataset
RS-PROP-0275,USR-1028,Suresh Kumar,USR-1028,USR-1009,SUR-981/5A,2400.0,"Kallakudi, Lalgudi, Tiruchirappalli",Tiruchirappalli,Tamil Nadu,Sale Deed,RS-DOC-0275-1,2023-10-13,Rajesh Gopal,4,84e29e2900ac70611cea625fbda30ffe6f1e5198185ec27ad35e37bb2967f010,Verified,1,1,1,0,0,0,0,0,Synthetic development/demo dataset
RS-PROP-0275,USR-1028,Suresh Kumar,USR-1028,USR-1009,SUR-981/5A,2400.0,"Kallakudi, Lalgudi, Tiruchirappalli",Tiruchirappalli,Tamil Nadu,Land Record,RS-DOC-0275-2,2023-10-13,Rajesh Gopal,4,70641d48ca8b16ca727e93b79a37631ccaa6188a912d8e1bf78af43cfba176ac,Verified,1,1,1,0,0,0,0,0,Synthetic development/demo dataset
RS-PROP-0275,USR-1028,Suresh Kumar,USR-1028,USR-1009,SUR-981/5A,2400.0,"Kallakudi, Lalgudi, Tiruchirappalli",Tiruchirappalli,Tamil Nadu,Encumbrance Certificate,RS-DOC-0275-3,2023-10-13,Rajesh Gopal,4,3a40a58237bb8a401ef15bbce378a2cf871918ff9c905dc3a8f72b8953c20bf2,Verified,1,1,1,0,0,0,0,0,Synthetic development/demo dataset
RS-PROP-0275,USR-1028,Suresh Kumar,USR-1028,USR-1009,SUR-981/5A,2400.0,"Kallakudi, Lalgudi, Tiruchirappalli",Tiruchirappalli,Tamil Nadu,Property Tax Receipt,RS-DOC-0275-4,2023-10-13,Rajesh Gopal,4,2f9485c801286d7146b9e8e2f6ed25e3d0e020cb8a480dd2cdc896e2ae975f5c,Verified,1,1,1,0,0,0,0,0,Synthetic development/demo dataset
RS-PROP-0276,USR-1030,Meenakshi Iyer,USR-1030,USR-1011,SUR-960/7B,3000.0,"Othakadai, Melur, Madurai",Madurai,Tamil Nadu,Sale Deed,RS-DOC-0276-1,2019-03-01,Deepa Kumar,4,c84dff8ada06458f2bf5d7e5a51798a1cd227837575e7d54de7e22b2921201da,Verified,1,1,1,0,0,0,0,0,Synthetic development/demo dataset
RS-PROP-0276,USR-1030,Meenakshi Iyer,USR-1030,USR-1011,SUR-960/7B,3000.0,"Othakadai, Melur, Madurai",Madurai,Tamil Nadu,Land Record,RS-DOC-0276-2,2019-03-01,Deepa Kumar,4,79e4c9f8ff8a42bfec6910ac7df9e5935ec68cbb1db0a2d673bc99576972b78c,Verified,1,1,1,0,0,0,0,0,Synthetic development/demo dataset
RS-PROP-0276,USR-1030,Meenakshi Iyer,USR-1030,USR-1011,SUR-960/7B,3000.0,"Othakadai, Melur, Madurai",Madurai,Tamil Nadu,Encumbrance Certificate,RS-DOC-0276-3,2019-03-01,Deepa Kumar,4,4c98d5a444b2bf78f5fbb478162ee8a6f637bf6e28f4dd8bd4bde3920df748ac,Verified,1,1,1,0,0,0,0,0,Synthetic development/demo dataset
RS-PROP-0276,USR-1030,Meenakshi Iyer,USR-1030,USR-1011,SUR-960/7B,3000.0,"Othakadai, Melur, Madurai",Madurai,Tamil Nadu,Property Tax Receipt,RS-DOC-0276-4,2019-03-01,Deepa Kumar,4,fe363dd2d9e6b7b726f598cf1fa06e9b64490e5a747a1d195106a61f47ad71b6,Verified,1,1,1,0,0,0,0,0,Synthetic development/demo dataset
RS-PROP-0277,USR-1032,Madhavan Swaminathan,USR-1032,USR-1013,SUR-565/91,9600.0,"Kattur, Thiruverumbur, Tiruchirappalli",Tiruchirappalli,Tamil Nadu,Sale Deed,RS-DOC-0277-1,2021-06-08,Balaji Vaidyanathan,1,fac4738414aae1fabb30fd3b02bd20f98fef479693487d835e3911bae4087c53,Verified,1,1,1,0,0,0,0,0,Synthetic development/demo dataset
RS-PROP-0277,USR-1032,Madhavan Swaminathan,USR-1032,USR-1013,SUR-565/91,9600.0,"Kattur, Thiruverumbur, Tiruchirappalli",Tiruchirappalli,Tamil Nadu,Land Record,RS-DOC-0277-2,2021-06-08,Balaji Vaidyanathan,1,7a8437a6470fbd1b8c5e05136a0333c1d6d4582093b35ef9905475a2dc56dd17,Verified,1,1,1,0,0,0,0,0,Synthetic development/demo dataset
RS-PROP-0277,USR-1032,Madhavan Swaminathan,USR-1032,USR-1013,SUR-565/91,9600.0,"Kattur, Thiruverumbur, Tiruchirappalli",Tiruchirappalli,Tamil Nadu,Encumbrance Certificate,RS-DOC-0277-3,2021-06-08,Balaji Vaidyanathan,1,374f9eea9427f0b772a9da98cb501c84cfa408fe0e5be6be52ece3c0f727e1ce,Verified,1,1,1,0,0,0,0,0,Synthetic development/demo dataset
RS-PROP-0277,USR-1032,Madhavan Swaminathan,USR-1032,USR-1013,SUR-565/91,9600.0,"Kattur, Thiruverumbur, Tiruchirappalli",Tiruchirappalli,Tamil Nadu,Property Tax Receipt,RS-DOC-0277-4,2021-06-08,Balaji Vaidyanathan,1,f58d488fa9a46d9fbc039acf21e7ae5ad55212531f3a7bde33a58d979129b3fe,Verified,1,1,1,0,0,0,0,0,Synthetic development/demo dataset
RS-PROP-0278,USR-1034,Nandhini Ramesh,USR-1034,USR-1015,SUR-821/6A,5400.0,"Keelkattalai, Mylapore, Chennai",Chennai,Tamil Nadu,Sale Deed,RS-DOC-0278-1,2018-03-24,Revathi Swaminathan,1,1d7c11dea56770b1c5d1cac85b2f90b1ef9ad32fade73f77b56bfd50bc1bbe48,Verified,1,1,1,0,0,0,0,0,Synthetic development/demo dataset
RS-PROP-0278,USR-1034,Nandhini Ramesh,USR-1034,USR-1015,SUR-821/6A,5400.0,"Keelkattalai, Mylapore, Chennai",Chennai,Tamil Nadu,Land Record,RS-DOC-0278-2,2018-03-24,Revathi Swaminathan,1,eaa6dad714dc3ad31b5bce4803df0a5c2ab88ee17ca5fbb16696b9fb02007005,Verified,1,1,1,0,0,0,0,0,Synthetic development/demo dataset
RS-PROP-0278,USR-1034,Nandhini Ramesh,USR-1034,USR-1015,SUR-821/6A,5400.0,"Keelkattalai, Mylapore, Chennai",Chennai,Tamil Nadu,Encumbrance Certificate,RS-DOC-0278-3,2018-03-24,Revathi Swaminathan,1,da2610d5b37ccfd9c133de222ec6926700da911a8c21a2fc84fa5a6806fa678b,Verified,1,1,1,0,0,0,0,0,Synthetic development/demo dataset
RS-PROP-0279,USR-1036,Deepa Ganesan,USR-1036,USR-1017,SUR-451/9A,5400.0,"Koodal Nagar, Thirumangalam, Madurai",Madurai,Tamil Nadu,Sale Deed,RS-DOC-0279-1,2022-08-19,Bhavani Vaidyanathan,3,6971b81d0c469f788d3141350835a4f25959bc7eebaef9410b9f83a228cee698,Verified,0,1,1,0,0,0,0,1,Synthetic development/demo dataset
RS-PROP-0279,USR-1036,Deepa Ganesan,USR-1036,USR-1017,SUR-451/9A,5400.0,"Koodal Nagar, Thirumangalam, Madurai",Madurai,Tamil Nadu,Land Record,RS-DOC-0279-2,2022-08-19,Bhavani Vaidyanathan,3,f37dd87bacf7f52384a3daea82c3c2ae44f1fd6e555fd9adb06e14d6f05f56bc,Verified,0,1,1,0,0,0,0,1,Synthetic development/demo dataset
RS-PROP-0279,USR-1036,Deepa Ganesan,USR-1036,USR-1017,SUR-451/9A,5400.0,"Koodal Nagar, Thirumangalam, Madurai",Madurai,Tamil Nadu,Encumbrance Certificate,RS-DOC-0279-3,2022-08-19,Bhavani Vaidyanathan,3,c940da5e15eb4a2ab29ac6e4cefd6ba5e0c35da7f147679c7cba3568aa562114,Verified,0,1,1,0,0,0,0,1,Synthetic development/demo dataset
RS-PROP-0280,USR-1038,Lakshmi Srinivasan,USR-1038,USR-1019,SUR-928/1C,5400.0,"Pallavaram, Sholinganallur, Chennai",Chennai,Tamil Nadu,Sale Deed,RS-DOC-0280-1,2019-09-03,Revathi Murugan,3,b3836deadae541e030ac8cb75bdeed36e19ed6779e1cc75653ccb6bee2e9c62b,Verified,1,1,1,0,0,1,0,0,Synthetic development/demo dataset
RS-PROP-0280,USR-1038,Lakshmi Srinivasan,USR-1038,USR-1019,SUR-928/1C,5400.0,"Pallavaram, Sholinganallur, Chennai",Chennai,Tamil Nadu,Land Record,RS-DOC-0280-2,2019-09-03,Revathi Murugan,3,e15b3c23b0b259c4741f4829bbcc4979c062f5300180dcdf5ef5abdcc5eea27e,Verified,1,1,1,0,0,1,0,0,Synthetic development/demo dataset
RS-PROP-0280,USR-1038,Lakshmi Srinivasan,USR-1038,USR-1019,SUR-928/1C,5400.0,"Pallavaram, Sholinganallur, Chennai",Chennai,Tamil Nadu,Encumbrance Certificate,RS-DOC-0280-3,2019-09-03,Revathi Murugan,3,2ab1415b8d08e1abac55bd3cffbc3817e295d0211970c584aa283ef42f1fcf12,Verified,1,1,1,0,0,1,0,0,Synthetic development/demo dataset
RS-PROP-0280,USR-1038,Lakshmi Srinivasan,USR-1038,USR-1019,SUR-928/1C,5400.0,"Pallavaram, Sholinganallur, Chennai",Chennai,Tamil Nadu,Property Tax Receipt,RS-DOC-0280-4,2019-09-03,Revathi Murugan,3,de26685f0c4ccc9b93f257dd7fb5bc0d73d6a61084d0f84adf7e7c7d81de5dd9,Verified,1,1,1,0,0,1,0,0,Synthetic development/demo dataset
RS-PROP-0281,USR-1040,Swetha Thyagarajan,USR-1040,USR-1021,SUR-186/32,1800.0,"Padur, Vandalur, Chengalpattu",Chengalpattu,Tamil Nadu,Sale Deed,RS-DOC-0281-1,2024-07-25,Aravind Chandran,2,c2d2c9c7441190085bc55226cd9dbd4a952a4a80c8a3fb6fef2a668014a6726f,Verified,1,1,1,0,0,1,1,1,Synthetic development/demo dataset
RS-PROP-0282,USR-1042,Kavitha Thyagarajan,USR-1042,USR-1023,SUR-799/71,3000.0,"Ponmalai, Srirangam, Tiruchirappalli",Tiruchirappalli,Tamil Nadu,Sale Deed,RS-DOC-0282-1,2022-07-01,Manoj Swaminathan,3,a8a36028ef4ae266052e700d2c71e854bf41431c2a0ad2edaf941b61f86932c4,Verified,1,1,1,0,0,0,0,0,Synthetic development/demo dataset
RS-PROP-0282,USR-1042,Kavitha Thyagarajan,USR-1042,USR-1023,SUR-799/71,3000.0,"Ponmalai, Srirangam, Tiruchirappalli",Tiruchirappalli,Tamil Nadu,Land Record,RS-DOC-0282-2,2022-07-01,Manoj Swaminathan,3,0d4a12b61e5dd4dde3a3eefa9395b1a1fc8354af1041449e49c6677ebb19f09f,Verified,1,1,1,0,0,0,0,0,Synthetic development/demo dataset
RS-PROP-0282,USR-1042,Kavitha Thyagarajan,USR-1042,USR-1023,SUR-799/71,3000.0,"Ponmalai, Srirangam, Tiruchirappalli",Tiruchirappalli,Tamil Nadu,Encumbrance Certificate,RS-DOC-0282-3,2022-07-01,Manoj Swaminathan,3,f0f93fa5350dbcf245d631ddaff144479135e475ffb1e04cfe5c831314d5fe00,Verified,1,1,1,0,0,0,0,0,Synthetic development/demo dataset
RS-PROP-0283,USR-1044,Dinesh Vaidyanathan,USR-1044,USR-1025,SUR-376/5A,3000.0,"Othakadai, Thirumangalam, Madurai",Madurai,Tamil Nadu,Sale Deed,RS-DOC-0283-1,2022-07-15,Swetha Srinivasan,3,8405584dd69a98b8a130705b7c5430327aa949ff0ceba4ada6eb0ff08f33008d,Verified,1,1,1,0,0,0,0,0,Synthetic development/demo dataset
RS-PROP-0283,USR-1044,Dinesh Vaidyanathan,USR-1044,USR-1025,SUR-376/5A,3000.0,"Othakadai, Thirumangalam, Madurai",Madurai,Tamil Nadu,Land Record,RS-DOC-0283-2,2022-07-15,Swetha Srinivasan,3,dca010d735b30d2094bac1aaa21076d7ce72ccf389d409929f7e1c0a49c90386,Verified,1,1,1,0,0,0,0,0,Synthetic development/demo dataset
RS-PROP-0283,USR-1044,Dinesh Vaidyanathan,USR-1044,USR-1025,SUR-376/5A,3000.0,"Othakadai, Thirumangalam, Madurai",Madurai,Tamil Nadu,Encumbrance Certificate,RS-DOC-0283-3,2022-07-15,Swetha Srinivasan,3,b72f36430d3c6b7afe619a7d0ac4a90cb7237bd90a8093db713ca031d54ff4c5,Verified,1,1,1,0,0,0,0,0,Synthetic development/demo dataset
RS-PROP-0284,USR-1046,Arun Sundaram,USR-1046,USR-1027,SUR-637/21,3600.0,"Madipakkam, Velachery, Chennai",Chennai,Tamil Nadu,Sale Deed,RS-DOC-0284-1,2023-05-09,Vijay Ramesh,3,8f48769806b56d777648f45f576a9a836e976163569901a2966e205cd0ebcea2,Verified,1,1,1,0,1,0,0,1,Synthetic development/demo dataset
RS-PROP-0284,USR-1046,Arun Sundaram,USR-1046,USR-1027,SUR-637/21,3600.0,"Madipakkam, Velachery, Chennai",Chennai,Tamil Nadu,Land Record,RS-DOC-0284-2,2023-05-09,Vijay Ramesh,3,eb0fc44ed67dddc022991a9ff99681496e0e5b4c67687fabb55882f536519c69,Verified,1,1,1,0,1,0,0,1,Synthetic development/demo dataset
RS-PROP-0284,USR-1046,Arun Sundaram,USR-1046,USR-1027,SUR-637/21,3600.0,"Madipakkam, Velachery, Chennai",Chennai,Tamil Nadu,Encumbrance Certificate,RS-DOC-0284-3,2023-05-09,Vijay Ramesh,3,f280d0545d614ac9278af1f4884d900d5c102b5906fcf048c1d2db52a8ad334b,Verified,1,1,1,0,1,0,0,1,Synthetic development/demo dataset
RS-PROP-0285,USR-1048,Balaji Natarajan,USR-1048,USR-1029,SUR-401/8A,5400.0,"Srirangam Central, Srirangam, Tiruchirappalli",Tiruchirappalli,Tamil Nadu,Sale Deed,RS-DOC-0285-1,2024-07-23,Rajesh Murugan,1,6355a193d83b65cfff653fe44fe80d20f2191cfa0712c0d17eead4292a899b79,Verified,0,1,1,1,0,0,0,1,Synthetic development/demo dataset
RS-PROP-0285,USR-1048,Balaji Natarajan,USR-1048,USR-1029,SUR-401/8A,5400.0,"Srirangam Central, Srirangam, Tiruchirappalli",Tiruchirappalli,Tamil Nadu,Land Record,RS-DOC-0285-2,2024-07-23,Rajesh Murugan,1,3525665fe4dbae59295a4f34c6612352404ae4cf06ba458aee5bf457da40df53,Verified,0,1,1,1,0,0,0,1,Synthetic development/demo dataset
RS-PROP-0285,USR-1048,Balaji Natarajan,USR-1048,USR-1029,SUR-401/8A,5400.0,"Srirangam Central, Srirangam, Tiruchirappalli",Tiruchirappalli,Tamil Nadu,Encumbrance Certificate,RS-DOC-0285-3,2024-07-23,Rajesh Murugan,1,23c9ec91570acfc592adbf68be7cb413d61e2e943bdc5f620d23738796aa93d1,Verified,0,1,1,1,0,0,0,1,Synthetic development/demo dataset
RS-PROP-0286,USR-1050,Uma Iyer,USR-1050,USR-1031,SUR-760/8A,1800.0,"Anna Nagar, Melur, Madurai",Madurai,Tamil Nadu,Sale Deed,RS-DOC-0286-1,2024-07-07,Ananya Swaminathan,1,2155f85a0f7a3160e89ea85f5b3785b50a8655f8f4b48e862ca741248a2c334b,Verified,1,0,1,0,0,0,0,1,Synthetic development/demo dataset
RS-PROP-0286,USR-1050,Uma Iyer,USR-1050,USR-1031,SUR-760/8A,1800.0,"Anna Nagar, Melur, Madurai",Madurai,Tamil Nadu,Land Record,RS-DOC-0286-2,2024-07-07,Ananya Swaminathan,1,3060b47597440270685f803734164dd8d5f4859a55d1b84d6e3324374eeb9e60,Verified,1,0,1,0,0,0,0,1,Synthetic development/demo dataset
RS-PROP-0286,USR-1050,Uma Iyer,USR-1050,USR-1031,SUR-760/8A,1800.0,"Anna Nagar, Melur, Madurai",Madurai,Tamil Nadu,Encumbrance Certificate,RS-DOC-0286-3,2024-07-07,Ananya Swaminathan,1,1c129f20ed7bb06b534de6d16ef75c01d02edb0a5286e14bf9dd4298de2756ce,Verified,1,0,1,0,0,0,0,1,Synthetic development/demo dataset
RS-PROP-0287,USR-1052,Arun Ramesh,USR-1052,USR-1033,SUR-255/61,1200.0,"Srirangam Central, Thiruverumbur, Tiruchirappalli",Tiruchirappalli,Tamil Nadu,Sale Deed,RS-DOC-0287-1,2023-08-16,Poornima Gopal,2,67b0bca0d39402aa1de7c27832011ad1643a0534528626daeefb5e117da2442d,Verified,1,1,0,0,0,1,1,1,Synthetic development/demo dataset
RS-PROP-0288,USR-1054,Venkatesh Reddy,USR-1054,USR-1035,SUR-961/8C,2400.0,"Koodal Nagar, Thirumangalam, Madurai",Madurai,Tamil Nadu,Sale Deed,RS-DOC-0288-1,2022-01-13,Vijay Pillai,1,7a390d095d1ac658e0f44c8404d87c7306917a5b44acd97c70f6ea20dbbc387a,Verified,1,1,1,0,0,0,0,0,Synthetic development/demo dataset
RS-PROP-0288,USR-1054,Venkatesh Reddy,USR-1054,USR-1035,SUR-961/8C,2400.0,"Koodal Nagar, Thirumangalam, Madurai",Madurai,Tamil Nadu,Land Record,RS-DOC-0288-2,2022-01-13,Vijay Pillai,1,2cc76d74dfe5686666ba05634be9bd596821578e73545e28dddc34e437654adb,Verified,1,1,1,0,0,0,0,0,Synthetic development/demo dataset
RS-PROP-0288,USR-1054,Venkatesh Reddy,USR-1054,USR-1035,SUR-961/8C,2400.0,"Koodal Nagar, Thirumangalam, Madurai",Madurai,Tamil Nadu,Encumbrance Certificate,RS-DOC-0288-3,2022-01-13,Vijay Pillai,1,ee75d6173cb3633a1c1fa9fbd90018257df88a8ac02e2f8a777063e8afb0acf7,Verified,1,1,1,0,0,0,0,0,Synthetic development/demo dataset
RS-PROP-0288,USR-1054,Venkatesh Reddy,USR-1054,USR-1035,SUR-961/8C,2400.0,"Koodal Nagar, Thirumangalam, Madurai",Madurai,Tamil Nadu,Property Tax Receipt,RS-DOC-0288-4,2022-01-13,Vijay Pillai,1,d3dba74cf969f7bb4ffdcbd0674c6d7185fba241f3b25d6fa6453e9b2323c0c8,Verified,1,1,1,0,0,0,0,0,Synthetic development/demo dataset
RS-PROP-0289,USR-1056,Siddharth Iyer,USR-1056,USR-1037,SUR-125/41,4800.0,"Kelambakkam, Vandalur, Chengalpattu",Chengalpattu,Tamil Nadu,Sale Deed,RS-DOC-0289-1,2024-09-21,Kavitha Thyagarajan,4,2a1db4fe7a132c32f9bcdc5a257dce4f95638523c677ba47fe81ae02863c041a,Verified,1,1,1,0,0,0,0,0,Synthetic development/demo dataset
RS-PROP-0289,USR-1056,Siddharth Iyer,USR-1056,USR-1037,SUR-125/41,4800.0,"Kelambakkam, Vandalur, Chengalpattu",Chengalpattu,Tamil Nadu,Land Record,RS-DOC-0289-2,2024-09-21,Kavitha Thyagarajan,4,020e498c58dc6a2b057a1801a783bc8026484beec03c159b750581a39e310510,Verified,1,1,1,0,0,0,0,0,Synthetic development/demo dataset
RS-PROP-0289,USR-1056,Siddharth Iyer,USR-1056,USR-1037,SUR-125/41,4800.0,"Kelambakkam, Vandalur, Chengalpattu",Chengalpattu,Tamil Nadu,Encumbrance Certificate,RS-DOC-0289-3,2024-09-21,Kavitha Thyagarajan,4,244286388100df9139ecdc06541ffc0f041ea0c1c830e9b5e92dfb1c24abbe6a,Verified,1,1,1,0,0,0,0,0,Synthetic development/demo dataset
RS-PROP-0289,USR-1056,Siddharth Iyer,USR-1056,USR-1037,SUR-125/41,4800.0,"Kelambakkam, Vandalur, Chengalpattu",Chengalpattu,Tamil Nadu,Property Tax Receipt,RS-DOC-0289-4,2024-09-21,Kavitha Thyagarajan,4,2143acd150f6df829311f3ecb691fafe5dfd6f3b7e04f2d0b351bf5a7ba950e3,Verified,1,1,1,0,0,0,0,0,Synthetic development/demo dataset
RS-PROP-0290,USR-1058,Bhavani Ramesh,USR-1058,USR-1039,SUR-926/91,9600.0,"Peelamedu, Coimbatore South, Coimbatore",Coimbatore,Tamil Nadu,Sale Deed,RS-DOC-0290-1,2023-10-08,Deepa Ramesh,4,76bcab16761d6a65a52088bf4c88cee93dffb94785b113bfa519a36cf25ec332,Verified,1,1,1,0,0,0,0,0,Synthetic development/demo dataset
RS-PROP-0290,USR-1058,Bhavani Ramesh,USR-1058,USR-1039,SUR-926/91,9600.0,"Peelamedu, Coimbatore South, Coimbatore",Coimbatore,Tamil Nadu,Land Record,RS-DOC-0290-2,2023-10-08,Deepa Ramesh,4,73093d94c0e6372511b0084e801983c340eee15e618f91c2246253a5c3b96281,Verified,1,1,1,0,0,0,0,0,Synthetic development/demo dataset
RS-PROP-0290,USR-1058,Bhavani Ramesh,USR-1058,USR-1039,SUR-926/91,9600.0,"Peelamedu, Coimbatore South, Coimbatore",Coimbatore,Tamil Nadu,Encumbrance Certificate,RS-DOC-0290-3,2023-10-08,Deepa Ramesh,4,88cc5f024ae90c31c804d2f7587a0d16eeeee020098d16ccd9dc3febeb5124f5,Verified,1,1,1,0,0,0,0,0,Synthetic development/demo dataset
RS-PROP-0290,USR-1058,Bhavani Ramesh,USR-1058,USR-1039,SUR-926/91,9600.0,"Peelamedu, Coimbatore South, Coimbatore",Coimbatore,Tamil Nadu,Property Tax Receipt,RS-DOC-0290-4,2023-10-08,Deepa Ramesh,4,03a355b22d98d5e2d6a3ea2fc86bf2f311ed0e42416802b2f058f199e83841fe,Verified,1,1,1,0,0,0,0,0,Synthetic development/demo dataset
RS-PROP-0291,USR-1001,Meenakshi Kumar,USR-1001,USR-1041,SUR-940/21,1800.0,"Padur, Vandalur, Chengalpattu",Chengalpattu,Tamil Nadu,Sale Deed,RS-DOC-0291-1,2018-02-04,Uma Chandran,2,4df5a046acb75096cebceadf400c986037adba97f6b66b2a04f464aa05446ee8,Verified,1,1,1,0,0,0,0,0,Synthetic development/demo dataset
RS-PROP-0291,USR-1001,Meenakshi Kumar,USR-1001,USR-1041,SUR-940/21,1800.0,"Padur, Vandalur, Chengalpattu",Chengalpattu,Tamil Nadu,Land Record,RS-DOC-0291-2,2018-02-04,Uma Chandran,2,cfb4584e14015a8a3740fb767620dd668210d25f6552a3bbb607fbe1ad043700,Verified,1,1,1,0,0,0,0,0,Synthetic development/demo dataset
RS-PROP-0291,USR-1001,Meenakshi Kumar,USR-1001,USR-1041,SUR-940/21,1800.0,"Padur, Vandalur, Chengalpattu",Chengalpattu,Tamil Nadu,Encumbrance Certificate,RS-DOC-0291-3,2018-02-04,Uma Chandran,2,0dba64c597f1245decb71aa91c54edc4df003249adec51b80cd105acfac32cf1,Verified,1,1,1,0,0,0,0,0,Synthetic development/demo dataset
RS-PROP-0291,USR-1001,Meenakshi Kumar,USR-1001,USR-1041,SUR-940/21,1800.0,"Padur, Vandalur, Chengalpattu",Chengalpattu,Tamil Nadu,Property Tax Receipt,RS-DOC-0291-4,2018-02-04,Uma Chandran,2,365a9720f1bb5bd11371df9fc4b8191fa4008ac9d4339bb142fc670011139155,Verified,1,1,1,0,0,0,0,0,Synthetic development/demo dataset
RS-PROP-0292,USR-1003,Meenakshi Rao,USR-1003,USR-1043,SUR-277/6A,1500.0,"Maraimalai Nagar, Vandalur, Chengalpattu",Chengalpattu,Tamil Nadu,Sale Deed,RS-DOC-0292-1,2019-07-06,Nandhini Ganesan,4,19a35925534f5df69d5f3e579fa9bf764a4169279842f36c4b6cb9dc9f8fa996,Verified,0,1,1,0,0,1,0,1,Synthetic development/demo dataset
RS-PROP-0292,USR-1003,Meenakshi Rao,USR-1003,USR-1043,SUR-277/6A,1500.0,"Maraimalai Nagar, Vandalur, Chengalpattu",Chengalpattu,Tamil Nadu,Land Record,RS-DOC-0292-2,2019-07-06,Nandhini Ganesan,4,cc84e0b72bd36eb114c5c6a510fc3c2085c577ed5e1efb940341aaf5f19d7b34,Verified,0,1,1,0,0,1,0,1,Synthetic development/demo dataset
RS-PROP-0292,USR-1003,Meenakshi Rao,USR-1003,USR-1043,SUR-277/6A,1500.0,"Maraimalai Nagar, Vandalur, Chengalpattu",Chengalpattu,Tamil Nadu,Encumbrance Certificate,RS-DOC-0292-3,2019-07-06,Nandhini Ganesan,4,6e1ceaa24f1fb3866c5561aa3acb60982d7ef8b6b4b36328144ee489e8186f8a,Verified,0,1,1,0,0,1,0,1,Synthetic development/demo dataset
RS-PROP-0292,USR-1003,Meenakshi Rao,USR-1003,USR-1043,SUR-277/6A,1500.0,"Maraimalai Nagar, Vandalur, Chengalpattu",Chengalpattu,Tamil Nadu,Property Tax Receipt,RS-DOC-0292-4,2019-07-06,Nandhini Ganesan,4,1c3e41ced5da6c3cce8445e73969a4c80eceeadd3e1716a2cc1232cb1078dcb5,Verified,0,1,1,0,0,1,0,1,Synthetic development/demo dataset
RS-PROP-0293,USR-1005,Balaji Sundaram,USR-1005,USR-1045,SUR-810/8B,2400.0,"Ponmalai, Lalgudi, Tiruchirappalli",Tiruchirappalli,Tamil Nadu,Sale Deed,RS-DOC-0293-1,2023-05-17,Siddharth Vaidyanathan,2,4b8042247a488901864c862eff1a52b3244107cd16c101e73e5a11e53353849d,Verified,1,1,1,0,0,0,0,0,Synthetic development/demo dataset
RS-PROP-0293,USR-1005,Balaji Sundaram,USR-1005,USR-1045,SUR-810/8B,2400.0,"Ponmalai, Lalgudi, Tiruchirappalli",Tiruchirappalli,Tamil Nadu,Land Record,RS-DOC-0293-2,2023-05-17,Siddharth Vaidyanathan,2,d59867d3f555bbc573ceeb07f243de6e9c4bd5bab3c5ccff888660bd999acae0,Verified,1,1,1,0,0,0,0,0,Synthetic development/demo dataset
RS-PROP-0293,USR-1005,Balaji Sundaram,USR-1005,USR-1045,SUR-810/8B,2400.0,"Ponmalai, Lalgudi, Tiruchirappalli",Tiruchirappalli,Tamil Nadu,Encumbrance Certificate,RS-DOC-0293-3,2023-05-17,Siddharth Vaidyanathan,2,e4b7e4cdcf2f278f36aa06e90184e53f9aa61c322906db84db18cd40578304f9,Verified,1,1,1,0,0,0,0,0,Synthetic development/demo dataset
RS-PROP-0293,USR-1005,Balaji Sundaram,USR-1005,USR-1045,SUR-810/8B,2400.0,"Ponmalai, Lalgudi, Tiruchirappalli",Tiruchirappalli,Tamil Nadu,Property Tax Receipt,RS-DOC-0293-4,2023-05-17,Siddharth Vaidyanathan,2,0c58c3193d1c4d3dad3652abc0a7db9c0cd2e773cdf277e98201d4f1645414bd,Verified,1,1,1,0,0,0,0,0,Synthetic development/demo dataset
RS-PROP-0294,USR-1008,Uma Sundaram,USR-1008,USR-1047,SUR-528/12,2400.0,"Srirangam Central, Lalgudi, Tiruchirappalli",Tiruchirappalli,Tamil Nadu,Sale Deed,RS-DOC-0294-1,2018-09-04,Nandhini Ganesan,2,f9d0143ec47d3bf5fd1cd56c7f32673012f985d81784a0312e4d927929ffb260,Verified,1,1,1,0,0,0,0,0,Synthetic development/demo dataset
RS-PROP-0294,USR-1008,Uma Sundaram,USR-1008,USR-1047,SUR-528/12,2400.0,"Srirangam Central, Lalgudi, Tiruchirappalli",Tiruchirappalli,Tamil Nadu,Land Record,RS-DOC-0294-2,2018-09-04,Nandhini Ganesan,2,07ecdfd2ab913bd70ef5692c5633d529592b219abf3242594e549b9767ed58f6,Verified,1,1,1,0,0,0,0,0,Synthetic development/demo dataset
RS-PROP-0294,USR-1008,Uma Sundaram,USR-1008,USR-1047,SUR-528/12,2400.0,"Srirangam Central, Lalgudi, Tiruchirappalli",Tiruchirappalli,Tamil Nadu,Encumbrance Certificate,RS-DOC-0294-3,2018-09-04,Nandhini Ganesan,2,c0cc35233960245e29d3a7df4b417d02adc5e225c3cd3f7e902c5961b147f5e4,Verified,1,1,1,0,0,0,0,0,Synthetic development/demo dataset
RS-PROP-0294,USR-1008,Uma Sundaram,USR-1008,USR-1047,SUR-528/12,2400.0,"Srirangam Central, Lalgudi, Tiruchirappalli",Tiruchirappalli,Tamil Nadu,Property Tax Receipt,RS-DOC-0294-4,2018-09-04,Nandhini Ganesan,2,dba10d8c63bc128837a9af187adabb1b8faf5c2ca76901b4494067c5d339943f,Verified,1,1,1,0,0,0,0,0,Synthetic development/demo dataset
RS-PROP-0295,USR-1010,Ramesh Subramanian,USR-1010,USR-1049,SUR-280/3A,1200.0,"Ponmalai, Thiruverumbur, Tiruchirappalli",Tiruchirappalli,Tamil Nadu,Sale Deed,RS-DOC-0295-1,2020-05-07,Poornima Murugan,4,7a9ae2a3fffb397adeacafc47e9a92a7502fdc1f96bef276c74fcec3b1a133bb,Verified,0,1,1,0,0,0,0,1,Synthetic development/demo dataset
RS-PROP-0295,USR-1010,Ramesh Subramanian,USR-1010,USR-1049,SUR-280/3A,1200.0,"Ponmalai, Thiruverumbur, Tiruchirappalli",Tiruchirappalli,Tamil Nadu,Land Record,RS-DOC-0295-2,2020-05-07,Poornima Murugan,4,d587db0d4037fe80da7f25ddee07cf6c615b7c71e915e6048cfff68a75a5b384,Verified,0,1,1,0,0,0,0,1,Synthetic development/demo dataset
RS-PROP-0295,USR-1010,Ramesh Subramanian,USR-1010,USR-1049,SUR-280/3A,1200.0,"Ponmalai, Thiruverumbur, Tiruchirappalli",Tiruchirappalli,Tamil Nadu,Encumbrance Certificate,RS-DOC-0295-3,2020-05-07,Poornima Murugan,4,081445b7c3ef4cb2e3cdf1571a253472010bf85ff41c1deba23196a9a7263d7a,Verified,0,1,1,0,0,0,0,1,Synthetic development/demo dataset
RS-PROP-0295,USR-1010,Ramesh Subramanian,USR-1010,USR-1049,SUR-280/3A,1200.0,"Ponmalai, Thiruverumbur, Tiruchirappalli",Tiruchirappalli,Tamil Nadu,Property Tax Receipt,RS-DOC-0295-4,2020-05-07,Poornima Murugan,4,e871f3ce707c08a5d33bd40b2087d274a0a93c2ec120727fb39f59a8fd391f34,Verified,0,1,1,0,0,0,0,1,Synthetic development/demo dataset
RS-PROP-0296,USR-1012,Swetha Swaminathan,USR-1012,USR-1051,SUR-303/6B,1500.0,"Thiruparankundram, Thirumangalam, Madurai",Madurai,Tamil Nadu,Sale Deed,RS-DOC-0296-1,2019-02-08,Madhavan Iyer,2,4fd38312b58e159302487204e49e2f258cfb5eca9b6b1ce950aedc41ee480bee,Verified,1,1,0,0,0,1,1,1,Synthetic development/demo dataset
RS-PROP-0297,USR-1014,Gayathri Iyer,USR-1014,USR-1053,SUR-307/6B,1200.0,"Srirangam Central, Lalgudi, Tiruchirappalli",Tiruchirappalli,Tamil Nadu,Sale Deed,RS-DOC-0297-1,2022-01-09,Meenakshi Natarajan,4,1f99b9b9009d9f5b9d86c703df473255240c136d540f3d2f6c16180836348816,Verified,1,1,1,0,0,0,0,0,Synthetic development/demo dataset
RS-PROP-0297,USR-1014,Gayathri Iyer,USR-1014,USR-1053,SUR-307/6B,1200.0,"Srirangam Central, Lalgudi, Tiruchirappalli",Tiruchirappalli,Tamil Nadu,Land Record,RS-DOC-0297-2,2022-01-09,Meenakshi Natarajan,4,c0c3693fece181fe0c17ed19f4d43ea9971448957df43c0b49d49329f3e31a6f,Verified,1,1,1,0,0,0,0,0,Synthetic development/demo dataset
RS-PROP-0297,USR-1014,Gayathri Iyer,USR-1014,USR-1053,SUR-307/6B,1200.0,"Srirangam Central, Lalgudi, Tiruchirappalli",Tiruchirappalli,Tamil Nadu,Encumbrance Certificate,RS-DOC-0297-3,2022-01-09,Meenakshi Natarajan,4,86a39aab877649becd7b7e4c08ca72c2eb621951a1fc55d4fdfe20eec9e85660,Verified,1,1,1,0,0,0,0,0,Synthetic development/demo dataset
RS-PROP-0298,USR-1016,Lakshmi Krishnan,USR-1016,USR-1055,SUR-521/91,2400.0,"Koodal Nagar, Madurai South, Madurai",Madurai,Tamil Nadu,Sale Deed,RS-DOC-0298-1,2021-08-09,Arun Vaidyanathan,4,aaddac6a51304ce123e8c9337673cf506665c450513523b747b58c66f235c1b5,Verified,1,1,1,0,1,0,0,1,Synthetic development/demo dataset
RS-PROP-0298,USR-1016,Lakshmi Krishnan,USR-1016,USR-1055,SUR-521/91,2400.0,"Koodal Nagar, Madurai South, Madurai",Madurai,Tamil Nadu,Land Record,RS-DOC-0298-2,2021-08-09,Arun Vaidyanathan,4,61aebdcadd231efc13ec32ef62a3828a8922ab9e34f02271f500c718e9577985,Verified,1,1,1,0,1,0,0,1,Synthetic development/demo dataset
RS-PROP-0298,USR-1016,Lakshmi Krishnan,USR-1016,USR-1055,SUR-521/91,2400.0,"Koodal Nagar, Madurai South, Madurai",Madurai,Tamil Nadu,Encumbrance Certificate,RS-DOC-0298-3,2021-08-09,Arun Vaidyanathan,4,08657ddc7f2e49b3b431ccff251afd7529689439940636ab9438006cda6f819b,Verified,1,1,1,0,1,0,0,1,Synthetic development/demo dataset
RS-PROP-0299,USR-1018,Karthik Vaidyanathan,USR-1018,USR-1057,SUR-929/21,5400.0,"Thiruparankundram, Melur, Madurai",Madurai,Tamil Nadu,Sale Deed,RS-DOC-0299-1,2018-09-25,Arun Vaidyanathan,2,201b12783b52ffd69cf112596f51b52ffa0c0858b5f2117d55c313131a46a8a3,Verified,1,1,1,0,0,0,0,0,Synthetic development/demo dataset
RS-PROP-0299,USR-1018,Karthik Vaidyanathan,USR-1018,USR-1057,SUR-929/21,5400.0,"Thiruparankundram, Melur, Madurai",Madurai,Tamil Nadu,Land Record,RS-DOC-0299-2,2018-09-25,Arun Vaidyanathan,2,50fcaefedc428f6cf61694b4e8acce80622a47ad577b1ef09780de23d855baf1,Verified,1,1,1,0,0,0,0,0,Synthetic development/demo dataset
RS-PROP-0299,USR-1018,Karthik Vaidyanathan,USR-1018,USR-1057,SUR-929/21,5400.0,"Thiruparankundram, Melur, Madurai",Madurai,Tamil Nadu,Encumbrance Certificate,RS-DOC-0299-3,2018-09-25,Arun Vaidyanathan,2,d8693b8165251f3db4a32ff91da78855e8f84fb05f47537fcc9ac96ce9acf4e9,Verified,1,1,1,0,0,0,0,0,Synthetic development/demo dataset
RS-PROP-0300,USR-1020,Priya Thyagarajan,USR-1020,USR-1059,SUR-820/82,1200.0,"Kattur, Lalgudi, Tiruchirappalli",Tiruchirappalli,Tamil Nadu,Sale Deed,RS-DOC-0300-1,2021-03-28,Harini Krishnan,4,9fefce041f46a1cee6ebad91b2ceabd7c8deb63c611594df623c57bd99e5024b,Verified,1,1,1,0,0,0,0,0,Synthetic development/demo dataset
RS-PROP-0300,USR-1020,Priya Thyagarajan,USR-1020,USR-1059,SUR-820/82,1200.0,"Kattur, Lalgudi, Tiruchirappalli",Tiruchirappalli,Tamil Nadu,Land Record,RS-DOC-0300-2,2021-03-28,Harini Krishnan,4,20fdfb1088a5f933db7fc44be7c41ef2800c8b082e1a2e9995e1a69450f6ba48,Verified,1,1,1,0,0,0,0,0,Synthetic development/demo dataset
RS-PROP-0300,USR-1020,Priya Thyagarajan,USR-1020,USR-1059,SUR-820/82,1200.0,"Kattur, Lalgudi, Tiruchirappalli",Tiruchirappalli,Tamil Nadu,Encumbrance Certificate,RS-DOC-0300-3,2021-03-28,Harini Krishnan,4,e5d2f618acd664c0a01a2fa4a4be65641bc51be148d79a1ad2485000b8995fd3,Verified,1,1,1,0,0,0,0,0,Synthetic development/demo dataset
RS-PROP-0300,USR-1020,Priya Thyagarajan,USR-1020,USR-1059,SUR-820/82,1200.0,"Kattur, Lalgudi, Tiruchirappalli",Tiruchirappalli,Tamil Nadu,Property Tax Receipt,RS-DOC-0300-4,2021-03-28,Harini Krishnan,4,25b39fee2f1747721f5c519bddd296b45b7431667ae5fa63e53af8b8e393ecab,Verified,1,1,1,0,0,0,0,0,Synthetic development/demo dataset
RS-PROP-0301,USR-1022,Bhavani Balasubramanian,USR-1022,USR-1002,SUR-870/52,9600.0,"Keelkattalai, Guindy, Chennai",Chennai,Tamil Nadu,Sale Deed,RS-DOC-0301-1,2024-04-26,Venkatesh Rao,3,934bbe762b2f0185677b0916039a84c53d78434cf5b83527efa08f11eca23a1d,Verified,1,1,1,0,0,0,0,0,Synthetic development/demo dataset
RS-PROP-0301,USR-1022,Bhavani Balasubramanian,USR-1022,USR-1002,SUR-870/52,9600.0,"Keelkattalai, Guindy, Chennai",Chennai,Tamil Nadu,Land Record,RS-DOC-0301-2,2024-04-26,Venkatesh Rao,3,c66ea07f294ec47bd17803065055a625467fd6d0a464bf4211b20c0ee5dba0c2,Verified,1,1,1,0,0,0,0,0,Synthetic development/demo dataset
RS-PROP-0301,USR-1022,Bhavani Balasubramanian,USR-1022,USR-1002,SUR-870/52,9600.0,"Keelkattalai, Guindy, Chennai",Chennai,Tamil Nadu,Encumbrance Certificate,RS-DOC-0301-3,2024-04-26,Venkatesh Rao,3,718a0f485956d474520a26a66c7de0f29c59bc867147351ff09aced4c1c059dc,Verified,1,1,1,0,0,0,0,0,Synthetic development/demo dataset
RS-PROP-0301,USR-1022,Bhavani Balasubramanian,USR-1022,USR-1002,SUR-870/52,9600.0,"Keelkattalai, Guindy, Chennai",Chennai,Tamil Nadu,Property Tax Receipt,RS-DOC-0301-4,2024-04-26,Venkatesh Rao,3,7dec091082b9cdd8c64fe6dbf142399318f039d669686621700e253d0873dc4d,Verified,1,1,1,0,0,0,0,0,Synthetic development/demo dataset
RS-PROP-0302,USR-1024,Karthik Reddy,USR-1024,USR-1004,SUR-821/22,2400.0,"Sunguvarchatram, Kanchipuram, Kanchipuram",Kanchipuram,Tamil Nadu,Sale Deed,RS-DOC-0302-1,2020-04-18,Ramesh Thyagarajan,2,1b225a42c031718673ff95e4e42ea36c41c9939b6227cde392b903ddcb59961f,Verified,1,1,1,0,0,0,0,0,Synthetic development/demo dataset
RS-PROP-0302,USR-1024,Karthik Reddy,USR-1024,USR-1004,SUR-821/22,2400.0,"Sunguvarchatram, Kanchipuram, Kanchipuram",Kanchipuram,Tamil Nadu,Land Record,RS-DOC-0302-2,2020-04-18,Ramesh Thyagarajan,2,cf8d0b5a1bb0c90531dda12b172f611dd22f0248a8cca55ad4288e7699bc62e3,Verified,1,1,1,0,0,0,0,0,Synthetic development/demo dataset
RS-PROP-0302,USR-1024,Karthik Reddy,USR-1024,USR-1004,SUR-821/22,2400.0,"Sunguvarchatram, Kanchipuram, Kanchipuram",Kanchipuram,Tamil Nadu,Encumbrance Certificate,RS-DOC-0302-3,2020-04-18,Ramesh Thyagarajan,2,45d84a601dac6ad7bfe2dafb176b85ab7083cc3627a1aaa1900d664fd97f0d1b,Verified,1,1,1,0,0,0,0,0,Synthetic development/demo dataset
RS-PROP-0302,USR-1024,Karthik Reddy,USR-1024,USR-1004,SUR-821/22,2400.0,"Sunguvarchatram, Kanchipuram, Kanchipuram",Kanchipuram,Tamil Nadu,Property Tax Receipt,RS-DOC-0302-4,2020-04-18,Ramesh Thyagarajan,2,1943ff18af3b22fab1346634b139364f536e2afc8511a3f613db3f469b5c4829,Verified,1,1,1,0,0,0,0,0,Synthetic development/demo dataset
RS-PROP-0303,USR-1026,Revathi Balasubramanian,USR-1026,USR-1006,SUR-155/2C,3600.0,"Srirangam Central, Thiruverumbur, Tiruchirappalli",Tiruchirappalli,Tamil Nadu,Sale Deed,RS-DOC-0303-1,2021-09-17,Ramesh Thyagarajan,3,cbdb640e879b9cad9971aed1449b1979885cf92b865a66f668b62335a372cae8,Verified,1,1,1,0,0,0,0,0,Synthetic development/demo dataset
RS-PROP-0303,USR-1026,Revathi Balasubramanian,USR-1026,USR-1006,SUR-155/2C,3600.0,"Srirangam Central, Thiruverumbur, Tiruchirappalli",Tiruchirappalli,Tamil Nadu,Land Record,RS-DOC-0303-2,2021-09-17,Ramesh Thyagarajan,3,1c5fc5d78da1e889d09e9257767c7460d63aa53051e1af05929dc56176cdac3f,Verified,1,1,1,0,0,0,0,0,Synthetic development/demo dataset
RS-PROP-0303,USR-1026,Revathi Balasubramanian,USR-1026,USR-1006,SUR-155/2C,3600.0,"Srirangam Central, Thiruverumbur, Tiruchirappalli",Tiruchirappalli,Tamil Nadu,Encumbrance Certificate,RS-DOC-0303-3,2021-09-17,Ramesh Thyagarajan,3,c1e7952b9fd6e0a548ccb49441055bf54df8c497f724f74b8af26809e2f45b1a,Verified,1,1,1,0,0,0,0,0,Synthetic development/demo dataset
RS-PROP-0304,USR-1028,Deepa Iyer,USR-1028,USR-1007,SUR-500/3C,1500.0,"Saravanampatti, Coimbatore South, Coimbatore",Coimbatore,Tamil Nadu,Sale Deed,RS-DOC-0304-1,2019-05-04,Saravanan Thyagarajan,2,8cc7e404dcd22d03029046f0a70a12e61a8b37ef00f72b7e40d6449168552fe1,Verified,1,1,1,0,0,0,0,0,Synthetic development/demo dataset
RS-PROP-0304,USR-1028,Deepa Iyer,USR-1028,USR-1007,SUR-500/3C,1500.0,"Saravanampatti, Coimbatore South, Coimbatore",Coimbatore,Tamil Nadu,Land Record,RS-DOC-0304-2,2019-05-04,Saravanan Thyagarajan,2,abc751d1251862bac69e6586f6de2c371219175be5509e9fedc44139f789943b,Verified,1,1,1,0,0,0,0,0,Synthetic development/demo dataset
RS-PROP-0304,USR-1028,Deepa Iyer,USR-1028,USR-1007,SUR-500/3C,1500.0,"Saravanampatti, Coimbatore South, Coimbatore",Coimbatore,Tamil Nadu,Encumbrance Certificate,RS-DOC-0304-3,2019-05-04,Saravanan Thyagarajan,2,18ec9ce4fe704198e5f31f29424feb918f494c7184744c91e7e57290755b62c7,Verified,1,1,1,0,0,0,0,0,Synthetic development/demo dataset
RS-PROP-0305,USR-1030,Meenakshi Thyagarajan,USR-1030,USR-1009,SUR-855/1C,2400.0,"Thandalam, Kundrathur, Kanchipuram",Kanchipuram,Tamil Nadu,Sale Deed,RS-DOC-0305-1,2018-04-27,Bhavani Vaidyanathan,3,6d5f470ba5adb72fc3405ae8bc2d09796381d0d805ef6ed402f8aef38cc23073,Verified,1,1,1,0,0,0,0,0,Synthetic development/demo dataset
RS-PROP-0305,USR-1030,Meenakshi Thyagarajan,USR-1030,USR-1009,SUR-855/1C,2400.0,"Thandalam, Kundrathur, Kanchipuram",Kanchipuram,Tamil Nadu,Land Record,RS-DOC-0305-2,2018-04-27,Bhavani Vaidyanathan,3,c6e2e6dc649bdc96977677d942e8076fa12807dca5015fd537a7e78d10f722f7,Verified,1,1,1,0,0,0,0,0,Synthetic development/demo dataset
RS-PROP-0305,USR-1030,Meenakshi Thyagarajan,USR-1030,USR-1009,SUR-855/1C,2400.0,"Thandalam, Kundrathur, Kanchipuram",Kanchipuram,Tamil Nadu,Encumbrance Certificate,RS-DOC-0305-3,2018-04-27,Bhavani Vaidyanathan,3,4c8a17865baeb7029c258cbd887fc2ed115c26d8cba7408d3da29256121dcc83,Verified,1,1,1,0,0,0,0,0,Synthetic development/demo dataset
RS-PROP-0306,USR-1032,Siddharth Swaminathan,USR-1032,USR-1011,SUR-275/5B,5400.0,"Mangadu, Kanchipuram, Kanchipuram",Kanchipuram,Tamil Nadu,Sale Deed,RS-DOC-0306-1,2020-01-05,Dinesh Pillai,2,93dc8c6737074f5dd561865cbc7b561e768e76d247b5f5df25705c3d5473666b,Verified,1,1,1,0,0,0,0,0,Synthetic development/demo dataset
RS-PROP-0306,USR-1032,Siddharth Swaminathan,USR-1032,USR-1011,SUR-275/5B,5400.0,"Mangadu, Kanchipuram, Kanchipuram",Kanchipuram,Tamil Nadu,Land Record,RS-DOC-0306-2,2020-01-05,Dinesh Pillai,2,8f0664ac020aff1aa9b5db28831ca25d345d1c971e27d0dd52ad2403d9f7ffc5,Verified,1,1,1,0,0,0,0,0,Synthetic development/demo dataset
RS-PROP-0306,USR-1032,Siddharth Swaminathan,USR-1032,USR-1011,SUR-275/5B,5400.0,"Mangadu, Kanchipuram, Kanchipuram",Kanchipuram,Tamil Nadu,Encumbrance Certificate,RS-DOC-0306-3,2020-01-05,Dinesh Pillai,2,524f6cbc8781e4c11237b871949fc3c0fb28f12730118f554af8cabd87150647,Verified,1,1,1,0,0,0,0,0,Synthetic development/demo dataset
RS-PROP-0306,USR-1032,Siddharth Swaminathan,USR-1032,USR-1011,SUR-275/5B,5400.0,"Mangadu, Kanchipuram, Kanchipuram",Kanchipuram,Tamil Nadu,Property Tax Receipt,RS-DOC-0306-4,2020-01-05,Dinesh Pillai,2,6b500f990cb5f329b5bebbe5cb2efca6f0c90572f14c9340b4a89c8e3576f43a,Verified,1,1,1,0,0,0,0,0,Synthetic development/demo dataset
RS-PROP-0307,USR-1034,Balaji Subramanian,USR-1034,USR-1013,SUR-142/62,1800.0,"Guduvancheri, Chengalpattu, Chengalpattu",Chengalpattu,Tamil Nadu,Sale Deed,RS-DOC-0307-1,2020-06-06,Divya Ganesan,3,15bd5ce1cb2fb1156197d66f159fa3cc98e4cfdf2a19fa21f42831e6a87d9b87,Verified,1,1,1,0,0,0,0,0,Synthetic development/demo dataset
RS-PROP-0307,USR-1034,Balaji Subramanian,USR-1034,USR-1013,SUR-142/62,1800.0,"Guduvancheri, Chengalpattu, Chengalpattu",Chengalpattu,Tamil Nadu,Land Record,RS-DOC-0307-2,2020-06-06,Divya Ganesan,3,de4b3d00c3efa1fd99f20ab8011299bbd774f637a47f643773d1363903009f9d,Verified,1,1,1,0,0,0,0,0,Synthetic development/demo dataset
RS-PROP-0307,USR-1034,Balaji Subramanian,USR-1034,USR-1013,SUR-142/62,1800.0,"Guduvancheri, Chengalpattu, Chengalpattu",Chengalpattu,Tamil Nadu,Encumbrance Certificate,RS-DOC-0307-3,2020-06-06,Divya Ganesan,3,571ba53aa2cdc640a933d11ca94a1ee813421d5e4ceb219a623df08f6b69c1de,Verified,1,1,1,0,0,0,0,0,Synthetic development/demo dataset
RS-PROP-0308,USR-1036,Lakshmi Ganesan,USR-1036,USR-1015,SUR-514/8B,5400.0,"Irungattukottai, Sriperumbudur, Kanchipuram",Kanchipuram,Tamil Nadu,Sale Deed,RS-DOC-0308-1,2019-01-24,Bhavani Pillai,3,1ded8b4f5b2e7a6b4a44fb837948e9ecf20372d3ed094bd3f571b167914afdcf,Verified,1,1,1,0,0,0,0,0,Synthetic development/demo dataset
RS-PROP-0308,USR-1036,Lakshmi Ganesan,USR-1036,USR-1015,SUR-514/8B,5400.0,"Irungattukottai, Sriperumbudur, Kanchipuram",Kanchipuram,Tamil Nadu,Land Record,RS-DOC-0308-2,2019-01-24,Bhavani Pillai,3,d54012417a9e0e8c0475da6c9a1b101bc78b7a261a81494a2665616efa3987a8,Verified,1,1,1,0,0,0,0,0,Synthetic development/demo dataset
RS-PROP-0308,USR-1036,Lakshmi Ganesan,USR-1036,USR-1015,SUR-514/8B,5400.0,"Irungattukottai, Sriperumbudur, Kanchipuram",Kanchipuram,Tamil Nadu,Encumbrance Certificate,RS-DOC-0308-3,2019-01-24,Bhavani Pillai,3,f40c40130a28659660b14f81e1d239be5c9e0c7218574ac42d2efb1eb6127cb8,Verified,1,1,1,0,0,0,0,0,Synthetic development/demo dataset
RS-PROP-0309,USR-1038,Siddharth Rao,USR-1038,USR-1017,SUR-141/32,1500.0,"Ponmalai, Tiruchirappalli West, Tiruchirappalli",Tiruchirappalli,Tamil Nadu,Sale Deed,RS-DOC-0309-1,2018-07-20,Sundar Swaminathan,4,bcf753ecfde390352219e8c0f943d43823a47e9d1cde3adff607738413f136bc,Verified,1,1,1,0,1,0,0,1,Synthetic development/demo dataset
RS-PROP-0309,USR-1038,Siddharth Rao,USR-1038,USR-1017,SUR-141/32,1500.0,"Ponmalai, Tiruchirappalli West, Tiruchirappalli",Tiruchirappalli,Tamil Nadu,Land Record,RS-DOC-0309-2,2018-07-20,Sundar Swaminathan,4,3f8746d4711c87207b9f017809eb93e6410dd1e6c657216a9969036bf3a99e8a,Verified,1,1,1,0,1,0,0,1,Synthetic development/demo dataset
RS-PROP-0309,USR-1038,Siddharth Rao,USR-1038,USR-1017,SUR-141/32,1500.0,"Ponmalai, Tiruchirappalli West, Tiruchirappalli",Tiruchirappalli,Tamil Nadu,Encumbrance Certificate,RS-DOC-0309-3,2018-07-20,Sundar Swaminathan,4,6681e7ffa7605848c72671c1476d96e345e27a307cec69bbc141270d1c0fb4ff,Verified,1,1,1,0,1,0,0,1,Synthetic development/demo dataset
RS-PROP-0310,USR-1040,Venkatesh Balasubramanian,USR-1040,USR-1019,SUR-425/9A,3600.0,"Kovaipudur, Coimbatore North, Coimbatore",Coimbatore,Tamil Nadu,Sale Deed,RS-DOC-0310-1,2019-12-28,Poornima Reddy,3,334b193a6da622619db3b42a2e2c4158464664a0048c1dd2424704094340a3d3,Verified,1,1,1,0,0,0,1,0,Synthetic development/demo dataset
RS-PROP-0311,USR-1042,Siddharth Vaidyanathan,USR-1042,USR-1021,SUR-925/71,1800.0,"Peelamedu, Pollachi, Coimbatore",Coimbatore,Tamil Nadu,Sale Deed,RS-DOC-0311-1,2022-02-05,Divya Pillai,3,97fe0253c9a0cc6ac76d0fe920aff374c2bf68a26a85696345ff3409fc8ee501,Verified,0,0,1,0,0,1,0,1,Synthetic development/demo dataset
RS-PROP-0311,USR-1042,Siddharth Vaidyanathan,USR-1042,USR-1021,SUR-925/71,1800.0,"Peelamedu, Pollachi, Coimbatore",Coimbatore,Tamil Nadu,Land Record,RS-DOC-0311-2,2022-02-05,Divya Pillai,3,83e3a20490ebed103340e26d821559e5a07e3f5b5d54051de1f6db2a1d2e4253,Verified,0,0,1,0,0,1,0,1,Synthetic development/demo dataset
RS-PROP-0311,USR-1042,Siddharth Vaidyanathan,USR-1042,USR-1021,SUR-925/71,1800.0,"Peelamedu, Pollachi, Coimbatore",Coimbatore,Tamil Nadu,Encumbrance Certificate,RS-DOC-0311-3,2022-02-05,Divya Pillai,3,e03af1f0ef16b8934c842a172831908da74e4091c2693b1447dad718ba91afb9,Verified,0,0,1,0,0,1,0,1,Synthetic development/demo dataset
RS-PROP-0312,USR-1044,Meenakshi Iyer,USR-1044,USR-1023,SUR-667/8A,3000.0,"Padur, Maduranthakam, Chengalpattu",Chengalpattu,Tamil Nadu,Sale Deed,RS-DOC-0312-1,2020-08-18,Gayathri Chandran,5,0b4f69f3f1f8b0c72a7cf39c65335aa91046dea9d756c35e5a736ce93e01a20d,Verified,1,1,1,0,0,1,0,0,Synthetic development/demo dataset
RS-PROP-0312,USR-1044,Meenakshi Iyer,USR-1044,USR-1023,SUR-667/8A,3000.0,"Padur, Maduranthakam, Chengalpattu",Chengalpattu,Tamil Nadu,Land Record,RS-DOC-0312-2,2020-08-18,Gayathri Chandran,5,6f39ffdf9df44e3adfd7a29f37e9d6710c31f209f2579c25dd947e6efc9013a8,Verified,1,1,1,0,0,1,0,0,Synthetic development/demo dataset
RS-PROP-0312,USR-1044,Meenakshi Iyer,USR-1044,USR-1023,SUR-667/8A,3000.0,"Padur, Maduranthakam, Chengalpattu",Chengalpattu,Tamil Nadu,Encumbrance Certificate,RS-DOC-0312-3,2020-08-18,Gayathri Chandran,5,88aafbe8ce8a93fbb692d915f8fb229935effac38a9dd2921bb9a3dd8a584315,Verified,1,1,1,0,0,1,0,0,Synthetic development/demo dataset
RS-PROP-0312,USR-1044,Meenakshi Iyer,USR-1044,USR-1023,SUR-667/8A,3000.0,"Padur, Maduranthakam, Chengalpattu",Chengalpattu,Tamil Nadu,Property Tax Receipt,RS-DOC-0312-4,2020-08-18,Gayathri Chandran,5,0582101cadf9da343e87cc001bedd89b6ab9920e7892ce69a45af98d3f9ec726,Verified,1,1,1,0,0,1,0,0,Synthetic development/demo dataset
RS-PROP-0313,USR-1046,Ramesh Murugan,USR-1046,USR-1025,SUR-863/62,5400.0,"Singanallur, Coimbatore South, Coimbatore",Coimbatore,Tamil Nadu,Sale Deed,RS-DOC-0313-1,2021-05-21,Vignesh Natarajan,1,526153c472cf92d221a59f0a49459f8c74a38c58ddf1bc646aaa0abc8c4e6fd3,Verified,1,1,1,0,0,0,0,0,Synthetic development/demo dataset
RS-PROP-0313,USR-1046,Ramesh Murugan,USR-1046,USR-1025,SUR-863/62,5400.0,"Singanallur, Coimbatore South, Coimbatore",Coimbatore,Tamil Nadu,Land Record,RS-DOC-0313-2,2021-05-21,Vignesh Natarajan,1,4ce7b63d1b2693ee54b6afa0ab0a09d42d2ead727e9e4cdce44b9c87dfe6ed96,Verified,1,1,1,0,0,0,0,0,Synthetic development/demo dataset
RS-PROP-0313,USR-1046,Ramesh Murugan,USR-1046,USR-1025,SUR-863/62,5400.0,"Singanallur, Coimbatore South, Coimbatore",Coimbatore,Tamil Nadu,Encumbrance Certificate,RS-DOC-0313-3,2021-05-21,Vignesh Natarajan,1,52f823db8273624e09c11ee1f633535df7ff05cfd741497c6b784b263f4ca97c,Verified,1,1,1,0,0,0,0,0,Synthetic development/demo dataset
RS-PROP-0313,USR-1046,Ramesh Murugan,USR-1046,USR-1025,SUR-863/62,5400.0,"Singanallur, Coimbatore South, Coimbatore",Coimbatore,Tamil Nadu,Property Tax Receipt,RS-DOC-0313-4,2021-05-21,Vignesh Natarajan,1,8e873c1d78124662e123d4136184ea7414d924ab64b6c06420bb952ff7c8f4c0,Verified,1,1,1,0,0,0,0,0,Synthetic development/demo dataset
RS-PROP-0314,USR-1048,Rajesh Swaminathan,USR-1048,USR-1027,SUR-267/1C,3600.0,"Srirangam Central, Srirangam, Tiruchirappalli",Tiruchirappalli,Tamil Nadu,Sale Deed,RS-DOC-0314-1,2023-06-02,Manoj Pillai,1,b9fe82b66167a07e494ca3f4c37985c1f059ac0dd8abe6e42268ecc23560b386,Verified,1,1,1,0,0,0,0,0,Synthetic development/demo dataset
RS-PROP-0314,USR-1048,Rajesh Swaminathan,USR-1048,USR-1027,SUR-267/1C,3600.0,"Srirangam Central, Srirangam, Tiruchirappalli",Tiruchirappalli,Tamil Nadu,Land Record,RS-DOC-0314-2,2023-06-02,Manoj Pillai,1,8aad11663c20c35db8171aeb7fd3e38b42826d27479a82dcd72d085ece40a9fd,Verified,1,1,1,0,0,0,0,0,Synthetic development/demo dataset
RS-PROP-0314,USR-1048,Rajesh Swaminathan,USR-1048,USR-1027,SUR-267/1C,3600.0,"Srirangam Central, Srirangam, Tiruchirappalli",Tiruchirappalli,Tamil Nadu,Encumbrance Certificate,RS-DOC-0314-3,2023-06-02,Manoj Pillai,1,ae9cb7b643909381bd3534b9f015f803961cacc991fbe07e280ff2af568f7774,Verified,1,1,1,0,0,0,0,0,Synthetic development/demo dataset
RS-PROP-0315,USR-1050,Lakshmi Ganesan,USR-1050,USR-1029,SUR-377/6A,9600.0,"Mangadu, Walajabad, Kanchipuram",Kanchipuram,Tamil Nadu,Sale Deed,RS-DOC-0315-1,2020-03-01,Meenakshi Balasubramanian,3,3b9b87298407a089c2c79e30233da311277a50190b5af6a082a1969f92dce56c,Verified,1,1,1,0,0,0,0,0,Synthetic development/demo dataset
RS-PROP-0315,USR-1050,Lakshmi Ganesan,USR-1050,USR-1029,SUR-377/6A,9600.0,"Mangadu, Walajabad, Kanchipuram",Kanchipuram,Tamil Nadu,Land Record,RS-DOC-0315-2,2020-03-01,Meenakshi Balasubramanian,3,f46dc94ee60ec5166d412505d9c5d4787c334f4f45b0ba4c1ec0dee839ae2889,Verified,1,1,1,0,0,0,0,0,Synthetic development/demo dataset
RS-PROP-0315,USR-1050,Lakshmi Ganesan,USR-1050,USR-1029,SUR-377/6A,9600.0,"Mangadu, Walajabad, Kanchipuram",Kanchipuram,Tamil Nadu,Encumbrance Certificate,RS-DOC-0315-3,2020-03-01,Meenakshi Balasubramanian,3,47af01b706c1b25480ed17e36a155817e8adc85aaf3538ac5a5151721658b985,Verified,1,1,1,0,0,0,0,0,Synthetic development/demo dataset
RS-PROP-0316,USR-1052,Lakshmi Natarajan,USR-1052,USR-1031,SUR-326/42,9600.0,"Maraimalai Nagar, Chengalpattu, Chengalpattu",Chengalpattu,Tamil Nadu,Sale Deed,RS-DOC-0316-1,2023-09-23,Ramesh Vaidyanathan,1,1f4402d80e8cc3137117bcfe8b6a21612273c951c6776cfd419a45f7f27313ef,Verified,1,1,0,0,0,0,0,0,Synthetic development/demo dataset
RS-PROP-0316,USR-1052,Lakshmi Natarajan,USR-1052,USR-1031,SUR-326/42,9600.0,"Maraimalai Nagar, Chengalpattu, Chengalpattu",Chengalpattu,Tamil Nadu,Land Record,RS-DOC-0316-2,2023-09-23,Ramesh Vaidyanathan,1,4ec0e06db04ea327e57cac32e5d6b1a694fe1dcf61f4c6c5ce9351cead2b0dfb,Verified,1,1,0,0,0,0,0,0,Synthetic development/demo dataset
RS-PROP-0316,USR-1052,Lakshmi Natarajan,USR-1052,USR-1031,SUR-326/42,9600.0,"Maraimalai Nagar, Chengalpattu, Chengalpattu",Chengalpattu,Tamil Nadu,Encumbrance Certificate,RS-DOC-0316-3,2023-09-23,Ramesh Vaidyanathan,1,72e125d58bc9c21ea6fd69760106e95eeccc6a706c7546e415f835bca161a7fc,Verified,1,1,0,0,0,0,0,0,Synthetic development/demo dataset
RS-PROP-0317,USR-1054,Bhavani Krishnan,USR-1054,USR-1033,SUR-862/2B,1800.0,"Kallakudi, Lalgudi, Tiruchirappalli",Tiruchirappalli,Tamil Nadu,Sale Deed,RS-DOC-0317-1,2019-12-08,Kavitha Subramanian,2,59f5a7a6c678d729fb9165446ec730fe973cd2c1e657c081347b51caa3a78b40,Verified,1,1,1,0,0,0,0,0,Synthetic development/demo dataset
RS-PROP-0317,USR-1054,Bhavani Krishnan,USR-1054,USR-1033,SUR-862/2B,1800.0,"Kallakudi, Lalgudi, Tiruchirappalli",Tiruchirappalli,Tamil Nadu,Land Record,RS-DOC-0317-2,2019-12-08,Kavitha Subramanian,2,b8bde1883c63f21c65b0e813beaf405204d22e414a3defa5dc5feae53a58a3b4,Verified,1,1,1,0,0,0,0,0,Synthetic development/demo dataset
RS-PROP-0317,USR-1054,Bhavani Krishnan,USR-1054,USR-1033,SUR-862/2B,1800.0,"Kallakudi, Lalgudi, Tiruchirappalli",Tiruchirappalli,Tamil Nadu,Encumbrance Certificate,RS-DOC-0317-3,2019-12-08,Kavitha Subramanian,2,363319a2b5e30dfd2b331f30084e20109708660489ff662aa5ae51e2f895a0a8,Verified,1,1,1,0,0,0,0,0,Synthetic development/demo dataset
RS-PROP-0317,USR-1054,Bhavani Krishnan,USR-1054,USR-1033,SUR-862/2B,1800.0,"Kallakudi, Lalgudi, Tiruchirappalli",Tiruchirappalli,Tamil Nadu,Property Tax Receipt,RS-DOC-0317-4,2019-12-08,Kavitha Subramanian,2,419999be16460c045585ef36eb6824e7a1b48f0bf262b44458986a9c9ed402f6,Verified,1,1,1,0,0,0,0,0,Synthetic development/demo dataset
RS-PROP-0318,USR-1056,Vignesh Vaidyanathan,USR-1056,USR-1035,SUR-133/92,1200.0,"Madipakkam, Alandur, Chennai",Chennai,Tamil Nadu,Sale Deed,RS-DOC-0318-1,2018-05-02,Deepa Pillai,1,ae72945933562854ec5758ba6c10013033b75903c5caa39951885e9e0146c15b,Verified,1,1,1,0,0,0,0,0,Synthetic development/demo dataset
RS-PROP-0318,USR-1056,Vignesh Vaidyanathan,USR-1056,USR-1035,SUR-133/92,1200.0,"Madipakkam, Alandur, Chennai",Chennai,Tamil Nadu,Land Record,RS-DOC-0318-2,2018-05-02,Deepa Pillai,1,00fb6f376547995044234f84250e7342b07df8b12b50514ada265478a1c928ce,Verified,1,1,1,0,0,0,0,0,Synthetic development/demo dataset
RS-PROP-0318,USR-1056,Vignesh Vaidyanathan,USR-1056,USR-1035,SUR-133/92,1200.0,"Madipakkam, Alandur, Chennai",Chennai,Tamil Nadu,Encumbrance Certificate,RS-DOC-0318-3,2018-05-02,Deepa Pillai,1,7906f56bfa7e28d574949659ae6cde53ac664d82143aa342e99dbdfdf243e0ac,Verified,1,1,1,0,0,0,0,0,Synthetic development/demo dataset
RS-PROP-0319,USR-1058,Balaji Reddy,USR-1058,USR-1037,SUR-966/52,3600.0,"Velachery East, Tambaram, Chennai",Chennai,Tamil Nadu,Sale Deed,RS-DOC-0319-1,2019-09-25,Swetha Balasubramanian,1,802c78ea8ed923b823b6a33676041f64346dcfee10eed2ac4be2297debed2ba8,Verified,0,1,1,0,0,0,0,1,Synthetic development/demo dataset
RS-PROP-0319,USR-1058,Balaji Reddy,USR-1058,USR-1037,SUR-966/52,3600.0,"Velachery East, Tambaram, Chennai",Chennai,Tamil Nadu,Land Record,RS-DOC-0319-2,2019-09-25,Swetha Balasubramanian,1,af7f069fbb4c6387c7210b577e9765d5fc0d987fb81af22728dcd419116b1f00,Verified,0,1,1,0,0,0,0,1,Synthetic development/demo dataset
RS-PROP-0319,USR-1058,Balaji Reddy,USR-1058,USR-1037,SUR-966/52,3600.0,"Velachery East, Tambaram, Chennai",Chennai,Tamil Nadu,Encumbrance Certificate,RS-DOC-0319-3,2019-09-25,Swetha Balasubramanian,1,425ca07e2031671b6cd6b88957f67304a0196fa94e0b34cb17e1a610287f2082,Verified,0,1,1,0,0,0,0,1,Synthetic development/demo dataset
RS-PROP-0319,USR-1058,Balaji Reddy,USR-1058,USR-1037,SUR-966/52,3600.0,"Velachery East, Tambaram, Chennai",Chennai,Tamil Nadu,Property Tax Receipt,RS-DOC-0319-4,2019-09-25,Swetha Balasubramanian,1,d756f97a7141be295f954665584020a041ebe288b95cf8d10541987b889424e8,Verified,0,1,1,0,0,0,0,1,Synthetic development/demo dataset
RS-PROP-0320,USR-1001,Ananya Iyer,USR-1001,USR-1039,SUR-814/31,1500.0,"Othakadai, Melur, Madurai",Madurai,Tamil Nadu,Sale Deed,RS-DOC-0320-1,2024-06-13,Poornima Iyer,2,1e2dd2a7f93f99d85e474a191251a380152ffc70296aedb1fdbfc87813b1d439,Verified,1,1,1,0,0,0,0,0,Synthetic development/demo dataset
RS-PROP-0320,USR-1001,Ananya Iyer,USR-1001,USR-1039,SUR-814/31,1500.0,"Othakadai, Melur, Madurai",Madurai,Tamil Nadu,Land Record,RS-DOC-0320-2,2024-06-13,Poornima Iyer,2,177c96bd7e6c7bd768b08bb20a6df1a0bb110496520be39c76c881a1d86eb6bd,Verified,1,1,1,0,0,0,0,0,Synthetic development/demo dataset
RS-PROP-0320,USR-1001,Ananya Iyer,USR-1001,USR-1039,SUR-814/31,1500.0,"Othakadai, Melur, Madurai",Madurai,Tamil Nadu,Encumbrance Certificate,RS-DOC-0320-3,2024-06-13,Poornima Iyer,2,fd51b334b27a7322c067d3c21ce5d9701fa03958e9560e2947cb71d0450f6532,Verified,1,1,1,0,0,0,0,0,Synthetic development/demo dataset
RS-PROP-0321,USR-1003,Meenakshi Thyagarajan,USR-1003,USR-1041,SUR-839/1A,3600.0,"Sunguvarchatram, Walajabad, Kanchipuram",Kanchipuram,Tamil Nadu,Sale Deed,RS-DOC-0321-1,2018-07-10,Gayathri Pillai,2,22d8e28bfae2cdd3467b8dbf81af02294586c0ef52f9d9a44558d11059f0575e,Verified,1,1,1,0,0,0,0,0,Synthetic development/demo dataset
RS-PROP-0321,USR-1003,Meenakshi Thyagarajan,USR-1003,USR-1041,SUR-839/1A,3600.0,"Sunguvarchatram, Walajabad, Kanchipuram",Kanchipuram,Tamil Nadu,Land Record,RS-DOC-0321-2,2018-07-10,Gayathri Pillai,2,e720eeb3eb2eeb1254ae9df55a4300e0a8a246016c6a547658c9528bc373f0bc,Verified,1,1,1,0,0,0,0,0,Synthetic development/demo dataset
RS-PROP-0321,USR-1003,Meenakshi Thyagarajan,USR-1003,USR-1041,SUR-839/1A,3600.0,"Sunguvarchatram, Walajabad, Kanchipuram",Kanchipuram,Tamil Nadu,Encumbrance Certificate,RS-DOC-0321-3,2018-07-10,Gayathri Pillai,2,51c7fa533413ddcc9d525ed05291f83d151ce10f5a973d2b1251e9ba1d383522,Verified,1,1,1,0,0,0,0,0,Synthetic development/demo dataset
RS-PROP-0321,USR-1003,Meenakshi Thyagarajan,USR-1003,USR-1041,SUR-839/1A,3600.0,"Sunguvarchatram, Walajabad, Kanchipuram",Kanchipuram,Tamil Nadu,Property Tax Receipt,RS-DOC-0321-4,2018-07-10,Gayathri Pillai,2,3c45c86109620ef38cfce8f3a65984e9b239c4d8cce48ebb7dcab914321e27bd,Verified,1,1,1,0,0,0,0,0,Synthetic development/demo dataset
RS-PROP-0322,USR-1005,Deepa Thyagarajan,USR-1005,USR-1043,SUR-113/8A,4800.0,"Kattur, Lalgudi, Tiruchirappalli",Tiruchirappalli,Tamil Nadu,Sale Deed,RS-DOC-0322-1,2022-11-22,Venkatesh Natarajan,4,fb24cc4456e5853967389c8145b1e5dd8e24237d9b31a6f33db8a4bba7d0fae3,Verified,1,1,1,0,0,0,0,0,Synthetic development/demo dataset
RS-PROP-0322,USR-1005,Deepa Thyagarajan,USR-1005,USR-1043,SUR-113/8A,4800.0,"Kattur, Lalgudi, Tiruchirappalli",Tiruchirappalli,Tamil Nadu,Land Record,RS-DOC-0322-2,2022-11-22,Venkatesh Natarajan,4,a6b5bd958a6c892c3c74ab6e2ef71a564c9a6b249c95aec1a069dd7413545b9e,Verified,1,1,1,0,0,0,0,0,Synthetic development/demo dataset
RS-PROP-0322,USR-1005,Deepa Thyagarajan,USR-1005,USR-1043,SUR-113/8A,4800.0,"Kattur, Lalgudi, Tiruchirappalli",Tiruchirappalli,Tamil Nadu,Encumbrance Certificate,RS-DOC-0322-3,2022-11-22,Venkatesh Natarajan,4,f69f381fcb123cbb23553264c3956516c94753e8cfbcdf707cfb70fe810b336c,Verified,1,1,1,0,0,0,0,0,Synthetic development/demo dataset
RS-PROP-0322,USR-1005,Deepa Thyagarajan,USR-1005,USR-1043,SUR-113/8A,4800.0,"Kattur, Lalgudi, Tiruchirappalli",Tiruchirappalli,Tamil Nadu,Property Tax Receipt,RS-DOC-0322-4,2022-11-22,Venkatesh Natarajan,4,82eea799482a0984da1d1f28c76170fa0d9593072ce9241003bb91804b0e6889,Verified,1,1,1,0,0,0,0,0,Synthetic development/demo dataset
RS-PROP-0323,USR-1008,Vijay Rao,USR-1008,USR-1045,SUR-338/71,3000.0,"Guduvancheri, Maduranthakam, Chengalpattu",Chengalpattu,Tamil Nadu,Sale Deed,RS-DOC-0323-1,2024-10-19,Revathi Gopal,4,5e922ceb2ac5e329898fc983bb727a8c48812ee378dc38b74f84e8aea061edd9,Verified,1,1,1,0,0,0,0,0,Synthetic development/demo dataset
RS-PROP-0323,USR-1008,Vijay Rao,USR-1008,USR-1045,SUR-338/71,3000.0,"Guduvancheri, Maduranthakam, Chengalpattu",Chengalpattu,Tamil Nadu,Land Record,RS-DOC-0323-2,2024-10-19,Revathi Gopal,4,8017527478dbe0529b449ca3f99b3af3d4f68b81a51fe7de9fb6af69a9842876,Verified,1,1,1,0,0,0,0,0,Synthetic development/demo dataset
RS-PROP-0323,USR-1008,Vijay Rao,USR-1008,USR-1045,SUR-338/71,3000.0,"Guduvancheri, Maduranthakam, Chengalpattu",Chengalpattu,Tamil Nadu,Encumbrance Certificate,RS-DOC-0323-3,2024-10-19,Revathi Gopal,4,24aeafeca840aaad12951b4a2ec46f6a9b06446e215620c2ea423fbd6afa3fd5,Verified,1,1,1,0,0,0,0,0,Synthetic development/demo dataset
RS-PROP-0324,USR-1010,Saravanan Swaminathan,USR-1010,USR-1047,SUR-601/8B,1800.0,"Pallavaram, Tambaram, Chennai",Chennai,Tamil Nadu,Sale Deed,RS-DOC-0324-1,2018-12-02,Deepa Thyagarajan,2,86a588a62ac59eb899686aae8081c15800bc5fb664e9d33b6a62bf0b7b6f091b,Verified,1,1,1,0,0,0,0,0,Synthetic development/demo dataset
RS-PROP-0324,USR-1010,Saravanan Swaminathan,USR-1010,USR-1047,SUR-601/8B,1800.0,"Pallavaram, Tambaram, Chennai",Chennai,Tamil Nadu,Land Record,RS-DOC-0324-2,2018-12-02,Deepa Thyagarajan,2,aa51ea37820f77218f902e28e165e4ad9b6c5d6937b78db33bdccb4eac6a34a5,Verified,1,1,1,0,0,0,0,0,Synthetic development/demo dataset
RS-PROP-0324,USR-1010,Saravanan Swaminathan,USR-1010,USR-1047,SUR-601/8B,1800.0,"Pallavaram, Tambaram, Chennai",Chennai,Tamil Nadu,Encumbrance Certificate,RS-DOC-0324-3,2018-12-02,Deepa Thyagarajan,2,14701bfc11fef3a8f3df34c23b64a41f42bfeb81225733c5c636aea7119ae574,Verified,1,1,1,0,0,0,0,0,Synthetic development/demo dataset
RS-PROP-0324,USR-1010,Saravanan Swaminathan,USR-1010,USR-1047,SUR-601/8B,1800.0,"Pallavaram, Tambaram, Chennai",Chennai,Tamil Nadu,Property Tax Receipt,RS-DOC-0324-4,2018-12-02,Deepa Thyagarajan,2,491c415e06f3c31fcb271c9f19385bc3cd1d99842c65c7445bfbc79724a59e1c,Verified,1,1,1,0,0,0,0,0,Synthetic development/demo dataset
RS-PROP-0325,USR-1012,Ananya Sundaram,USR-1012,USR-1049,SUR-306/51,5400.0,"Ponmalai, Thiruverumbur, Tiruchirappalli",Tiruchirappalli,Tamil Nadu,Sale Deed,RS-DOC-0325-1,2020-09-11,Priya Ramesh,1,8bd4c077090e813745e7cfb4a3cb5f495bd52307a209cf0d36e5a0a1db9b9b2c,Verified,1,1,1,0,0,0,0,0,Synthetic development/demo dataset
RS-PROP-0325,USR-1012,Ananya Sundaram,USR-1012,USR-1049,SUR-306/51,5400.0,"Ponmalai, Thiruverumbur, Tiruchirappalli",Tiruchirappalli,Tamil Nadu,Land Record,RS-DOC-0325-2,2020-09-11,Priya Ramesh,1,5a0e92604de616fc045845ceb62f2302fd99f23b4feb83314168d48a5f8b058e,Verified,1,1,1,0,0,0,0,0,Synthetic development/demo dataset
RS-PROP-0325,USR-1012,Ananya Sundaram,USR-1012,USR-1049,SUR-306/51,5400.0,"Ponmalai, Thiruverumbur, Tiruchirappalli",Tiruchirappalli,Tamil Nadu,Encumbrance Certificate,RS-DOC-0325-3,2020-09-11,Priya Ramesh,1,eddce16b72a2b60c7708eacebb77cd2e1b8f4282aa3055168ea51d33dcbffca8,Verified,1,1,1,0,0,0,0,0,Synthetic development/demo dataset
RS-PROP-0326,USR-1014,Karthik Ramesh,USR-1014,USR-1051,SUR-603/7B,3000.0,"Kelambakkam, Thiruporur, Chengalpattu",Chengalpattu,Tamil Nadu,Sale Deed,RS-DOC-0326-1,2021-08-25,Ramesh Srinivasan,4,e4ea4e99aa8ec2dc73f9d0789e606d184cf8d5fc90759bf398b8e8388274b5cc,Verified,1,1,1,0,0,0,0,0,Synthetic development/demo dataset
RS-PROP-0326,USR-1014,Karthik Ramesh,USR-1014,USR-1051,SUR-603/7B,3000.0,"Kelambakkam, Thiruporur, Chengalpattu",Chengalpattu,Tamil Nadu,Land Record,RS-DOC-0326-2,2021-08-25,Ramesh Srinivasan,4,c16636b5bbb2081262885f827a867d7c95b3a74619d6cc80679e502681143939,Verified,1,1,1,0,0,0,0,0,Synthetic development/demo dataset
RS-PROP-0326,USR-1014,Karthik Ramesh,USR-1014,USR-1051,SUR-603/7B,3000.0,"Kelambakkam, Thiruporur, Chengalpattu",Chengalpattu,Tamil Nadu,Encumbrance Certificate,RS-DOC-0326-3,2021-08-25,Ramesh Srinivasan,4,c8cc7e638e574f8539f97a6a2a7d9d438238893a10741ae10501bc1f6e2d735e,Verified,1,1,1,0,0,0,0,0,Synthetic development/demo dataset
RS-PROP-0326,USR-1014,Karthik Ramesh,USR-1014,USR-1051,SUR-603/7B,3000.0,"Kelambakkam, Thiruporur, Chengalpattu",Chengalpattu,Tamil Nadu,Property Tax Receipt,RS-DOC-0326-4,2021-08-25,Ramesh Srinivasan,4,1a87fac3a82a61b08859bf38f30250834555fb5e93efa354b65a0d87dbc89ca4,Verified,1,1,1,0,0,0,0,0,Synthetic development/demo dataset
RS-PROP-0327,USR-1016,Ganesh Thyagarajan,USR-1016,USR-1053,SUR-884/5C,1200.0,"Othakadai, Melur, Madurai",Madurai,Tamil Nadu,Sale Deed,RS-DOC-0327-1,2022-01-05,Nandhini Reddy,1,d2c0d45d4ac41ef19eb0dec3eebc068980bcc36f9be617c3ea9e42bff31dbbeb,Verified,1,1,1,0,0,0,0,0,Synthetic development/demo dataset
RS-PROP-0327,USR-1016,Ganesh Thyagarajan,USR-1016,USR-1053,SUR-884/5C,1200.0,"Othakadai, Melur, Madurai",Madurai,Tamil Nadu,Land Record,RS-DOC-0327-2,2022-01-05,Nandhini Reddy,1,f92082fe5350b99843aaa206e345db2a4a4b0b076d6627e83bc34ad2b8a549b0,Verified,1,1,1,0,0,0,0,0,Synthetic development/demo dataset
RS-PROP-0327,USR-1016,Ganesh Thyagarajan,USR-1016,USR-1053,SUR-884/5C,1200.0,"Othakadai, Melur, Madurai",Madurai,Tamil Nadu,Encumbrance Certificate,RS-DOC-0327-3,2022-01-05,Nandhini Reddy,1,2e60b65e090b7dca21a1f6b2eeca9a200a08730e554d00a3635ef129f01da437,Verified,1,1,1,0,0,0,0,0,Synthetic development/demo dataset
RS-PROP-0327,USR-1016,Ganesh Thyagarajan,USR-1016,USR-1053,SUR-884/5C,1200.0,"Othakadai, Melur, Madurai",Madurai,Tamil Nadu,Property Tax Receipt,RS-DOC-0327-4,2022-01-05,Nandhini Reddy,1,4d3defee74c521b4ce589510468c3b99e43de13df964fc3d442044c610ee56c1,Verified,1,1,1,0,0,0,0,0,Synthetic development/demo dataset
RS-PROP-0328,USR-1018,Dinesh Reddy,USR-1018,USR-1055,SUR-777/4B,2400.0,"Saravanampatti, Pollachi, Coimbatore",Coimbatore,Tamil Nadu,Sale Deed,RS-DOC-0328-1,2020-10-03,Deepa Pillai,3,2b356347a722e08ae2e69c17823620d6c27439643ae011f1f4932d6eb2d87216,Verified,1,1,1,0,0,1,1,1,Synthetic development/demo dataset
RS-PROP-0329,USR-1020,Priya Rao,USR-1020,USR-1057,SUR-686/21,1500.0,"Gandhipuram, Sulur, Coimbatore",Coimbatore,Tamil Nadu,Sale Deed,RS-DOC-0329-1,2023-04-11,Uma Balasubramanian,2,0ca23d792c1ad9bd98fedfebb4beecf57e183f65567522261d6d3c97095ada49,Verified,1,1,1,0,0,0,0,0,Synthetic development/demo dataset
RS-PROP-0329,USR-1020,Priya Rao,USR-1020,USR-1057,SUR-686/21,1500.0,"Gandhipuram, Sulur, Coimbatore",Coimbatore,Tamil Nadu,Land Record,RS-DOC-0329-2,2023-04-11,Uma Balasubramanian,2,10243ecf33a8d8922402df8366762f4ea4f604a1ea5a0336bae948dc5a3b0013,Verified,1,1,1,0,0,0,0,0,Synthetic development/demo dataset
RS-PROP-0329,USR-1020,Priya Rao,USR-1020,USR-1057,SUR-686/21,1500.0,"Gandhipuram, Sulur, Coimbatore",Coimbatore,Tamil Nadu,Encumbrance Certificate,RS-DOC-0329-3,2023-04-11,Uma Balasubramanian,2,ec6e9abf9d89b43a24d5bf1099b1caa9816a7f1ec5cf7838e5953ce031f63578,Verified,1,1,1,0,0,0,0,0,Synthetic development/demo dataset
RS-PROP-0329,USR-1020,Priya Rao,USR-1020,USR-1057,SUR-686/21,1500.0,"Gandhipuram, Sulur, Coimbatore",Coimbatore,Tamil Nadu,Property Tax Receipt,RS-DOC-0329-4,2023-04-11,Uma Balasubramanian,2,db3366148e0a3c2d12c2b01bc6674bd581d58a813825432c1c025a4fee29691c,Verified,1,1,1,0,0,0,0,0,Synthetic development/demo dataset
RS-PROP-0330,USR-1022,Deepa Ganesan,USR-1022,USR-1059,SUR-148/52,4800.0,"Padur, Thiruporur, Chengalpattu",Chengalpattu,Tamil Nadu,Sale Deed,RS-DOC-0330-1,2022-12-03,Ananya Srinivasan,3,2789c4f7dc89b2897448439561200809ffcde35bfee3f1117beedc98cb99a600,Verified,1,1,0,1,0,0,1,1,Synthetic development/demo dataset
RS-PROP-0331,USR-1024,Kavitha Vaidyanathan,USR-1024,USR-1002,SUR-524/7C,9600.0,"Kattur, Lalgudi, Tiruchirappalli",Tiruchirappalli,Tamil Nadu,Sale Deed,RS-DOC-0331-1,2023-09-06,Priya Balasubramanian,4,0c0f17718a9609ba2a7b200ac958bc5f2d400c72939ba264faa0837be9d60200,Verified,1,1,0,0,0,0,1,1,Synthetic development/demo dataset
RS-PROP-0332,USR-1026,Suresh Balasubramanian,USR-1026,USR-1004,SUR-251/4B,3000.0,"Siruseri, Thiruporur, Chengalpattu",Chengalpattu,Tamil Nadu,Sale Deed,RS-DOC-0332-1,2021-06-28,Deepa Iyer,3,87493162dc18ce475db3da916ee02f79c7b812038a24a3e916368515252023c2,Verified,1,1,1,0,0,0,0,0,Synthetic development/demo dataset
RS-PROP-0332,USR-1026,Suresh Balasubramanian,USR-1026,USR-1004,SUR-251/4B,3000.0,"Siruseri, Thiruporur, Chengalpattu",Chengalpattu,Tamil Nadu,Land Record,RS-DOC-0332-2,2021-06-28,Deepa Iyer,3,0489207227b1fb1ede7e61feebec4b8fbbac446ab7b790f91528c6e14d494263,Verified,1,1,1,0,0,0,0,0,Synthetic development/demo dataset
RS-PROP-0332,USR-1026,Suresh Balasubramanian,USR-1026,USR-1004,SUR-251/4B,3000.0,"Siruseri, Thiruporur, Chengalpattu",Chengalpattu,Tamil Nadu,Encumbrance Certificate,RS-DOC-0332-3,2021-06-28,Deepa Iyer,3,b5ecccc5b86123bcd6902d2210dabef193e6d235a10fe9f734c3f3c9233fd3ff,Verified,1,1,1,0,0,0,0,0,Synthetic development/demo dataset
RS-PROP-0333,USR-1028,Swetha Gopal,USR-1028,USR-1006,SUR-296/1B,3000.0,"Kelambakkam, Vandalur, Chengalpattu",Chengalpattu,Tamil Nadu,Sale Deed,RS-DOC-0333-1,2021-09-14,Poornima Ramesh,2,9d93f37605ff667bf1419c885c73ca415b47849ca7c1c56bdd66ac959295796d,Verified,0,1,1,0,0,0,0,1,Synthetic development/demo dataset
RS-PROP-0333,USR-1028,Swetha Gopal,USR-1028,USR-1006,SUR-296/1B,3000.0,"Kelambakkam, Vandalur, Chengalpattu",Chengalpattu,Tamil Nadu,Land Record,RS-DOC-0333-2,2021-09-14,Poornima Ramesh,2,49ff20d507585390ad33d3cab8be07be657192f48830154e0ff772a15e5b15ce,Verified,0,1,1,0,0,0,0,1,Synthetic development/demo dataset
RS-PROP-0333,USR-1028,Swetha Gopal,USR-1028,USR-1006,SUR-296/1B,3000.0,"Kelambakkam, Vandalur, Chengalpattu",Chengalpattu,Tamil Nadu,Encumbrance Certificate,RS-DOC-0333-3,2021-09-14,Poornima Ramesh,2,34f26c99daa4aae6304dcfed5815a14462f10d88c5271373486a1bc8d701d5aa,Verified,0,1,1,0,0,0,0,1,Synthetic development/demo dataset
RS-PROP-0334,USR-1030,Uma Kumar,USR-1030,USR-1007,SUR-716/5A,4800.0,"Pallavaram, Tambaram, Chennai",Chennai,Tamil Nadu,Sale Deed,RS-DOC-0334-1,2023-11-03,Harini Subramanian,1,adc6949bbb43e0670ef437d12063c899f300024b2b95af0d227adc085c62a11f,Verified,1,1,1,0,0,0,0,0,Synthetic development/demo dataset
RS-PROP-0334,USR-1030,Uma Kumar,USR-1030,USR-1007,SUR-716/5A,4800.0,"Pallavaram, Tambaram, Chennai",Chennai,Tamil Nadu,Land Record,RS-DOC-0334-2,2023-11-03,Harini Subramanian,1,46f8816a97571aeffbcadccb3a28d5e0d07908cac06f84d5f845fa95c34e2ae3,Verified,1,1,1,0,0,0,0,0,Synthetic development/demo dataset
RS-PROP-0334,USR-1030,Uma Kumar,USR-1030,USR-1007,SUR-716/5A,4800.0,"Pallavaram, Tambaram, Chennai",Chennai,Tamil Nadu,Encumbrance Certificate,RS-DOC-0334-3,2023-11-03,Harini Subramanian,1,6aa5d4ccdff2d3338816a300eb9c4dbf40b4c2c49367a1a9d7cdf06a456edca3,Verified,1,1,1,0,0,0,0,0,Synthetic development/demo dataset
RS-PROP-0335,USR-1032,Ganesh Thyagarajan,USR-1032,USR-1009,SUR-225/6C,4800.0,"Adambakkam, Alandur, Chennai",Chennai,Tamil Nadu,Sale Deed,RS-DOC-0335-1,2023-04-14,Divya Subramanian,4,9e7bd0fa75bc17a26558c9ebc4de4b980cbdc9d5d016c870306df1d4cfe2504c,Verified,1,1,1,1,0,1,0,1,Synthetic development/demo dataset
RS-PROP-0335,USR-1032,Ganesh Thyagarajan,USR-1032,USR-1009,SUR-225/6C,4800.0,"Adambakkam, Alandur, Chennai",Chennai,Tamil Nadu,Land Record,RS-DOC-0335-2,2023-04-14,Divya Subramanian,4,fcf7164b260104bb95d8c1f13b839b9065b2bb6d747567e5512e58c9d1a9fb95,Verified,1,1,1,1,0,1,0,1,Synthetic development/demo dataset
RS-PROP-0335,USR-1032,Ganesh Thyagarajan,USR-1032,USR-1009,SUR-225/6C,4800.0,"Adambakkam, Alandur, Chennai",Chennai,Tamil Nadu,Encumbrance Certificate,RS-DOC-0335-3,2023-04-14,Divya Subramanian,4,de8006469fc268772f0d340173cd531b56322d1973d7490c6c1232e04793bedc,Verified,1,1,1,1,0,1,0,1,Synthetic development/demo dataset
RS-PROP-0336,USR-1034,Swetha Murugan,USR-1034,USR-1011,SUR-832/6C,1200.0,"Siruseri, Thiruporur, Chengalpattu",Chengalpattu,Tamil Nadu,Sale Deed,RS-DOC-0336-1,2022-01-27,Suresh Chandran,4,4e9c259be22e9de476e6a86438fa4077a35bbc9146195cc1105906f87c4c8aaf,Verified,1,1,1,0,0,0,1,0,Synthetic development/demo dataset
RS-PROP-0337,USR-1036,Aravind Kumar,USR-1036,USR-1013,SUR-192/4C,2400.0,"Gandhipuram, Pollachi, Coimbatore",Coimbatore,Tamil Nadu,Sale Deed,RS-DOC-0337-1,2021-11-11,Madhavan Ramesh,1,2f0a96f7ef30e5da6ca0d41a8670288b1f72c9ccc644fbeaebfdf07470b5a581,Verified,1,1,1,0,0,0,0,0,Synthetic development/demo dataset
RS-PROP-0337,USR-1036,Aravind Kumar,USR-1036,USR-1013,SUR-192/4C,2400.0,"Gandhipuram, Pollachi, Coimbatore",Coimbatore,Tamil Nadu,Land Record,RS-DOC-0337-2,2021-11-11,Madhavan Ramesh,1,4439d67910baa1f52f393987e02acaea8c7849b80f2d3177c8d14469c2bb953f,Verified,1,1,1,0,0,0,0,0,Synthetic development/demo dataset
RS-PROP-0337,USR-1036,Aravind Kumar,USR-1036,USR-1013,SUR-192/4C,2400.0,"Gandhipuram, Pollachi, Coimbatore",Coimbatore,Tamil Nadu,Encumbrance Certificate,RS-DOC-0337-3,2021-11-11,Madhavan Ramesh,1,ee37d1d4e826eb758ecec29905c3eb487278219f58655880b6ca219cf2213946,Verified,1,1,1,0,0,0,0,0,Synthetic development/demo dataset
RS-PROP-0338,USR-1038,Bhavani Vaidyanathan,USR-1038,USR-1015,SUR-367/9A,3600.0,"Thoraipakkam, Alandur, Chennai",Chennai,Tamil Nadu,Sale Deed,RS-DOC-0338-1,2022-12-27,Rajesh Swaminathan,1,bb7ef5706374f89b6c9796fd487dbd8daa3ce316aa0a9ad36e9b787652b53cb4,Verified,1,1,1,0,0,0,0,0,Synthetic development/demo dataset
RS-PROP-0338,USR-1038,Bhavani Vaidyanathan,USR-1038,USR-1015,SUR-367/9A,3600.0,"Thoraipakkam, Alandur, Chennai",Chennai,Tamil Nadu,Land Record,RS-DOC-0338-2,2022-12-27,Rajesh Swaminathan,1,a30f88eba6a54bdb2e549fdac5474fcde981e38050037729f6a3bf8fac4228b3,Verified,1,1,1,0,0,0,0,0,Synthetic development/demo dataset
RS-PROP-0338,USR-1038,Bhavani Vaidyanathan,USR-1038,USR-1015,SUR-367/9A,3600.0,"Thoraipakkam, Alandur, Chennai",Chennai,Tamil Nadu,Encumbrance Certificate,RS-DOC-0338-3,2022-12-27,Rajesh Swaminathan,1,abb5ab94784c8ee54ebd5e8a2e911922c4cad2ec36d059698f4ceb33d58b7d65,Verified,1,1,1,0,0,0,0,0,Synthetic development/demo dataset
RS-PROP-0339,USR-1040,Meenakshi Kumar,USR-1040,USR-1017,SUR-421/2A,1800.0,"Gandhipuram, Coimbatore North, Coimbatore",Coimbatore,Tamil Nadu,Sale Deed,RS-DOC-0339-1,2022-12-25,Meenakshi Vaidyanathan,4,acb360c0b3372ed64067aae4c391fad8bac9e3406f9e2ad4ce4fdfeb7761a926,Verified,1,1,1,0,0,0,0,0,Synthetic development/demo dataset
RS-PROP-0339,USR-1040,Meenakshi Kumar,USR-1040,USR-1017,SUR-421/2A,1800.0,"Gandhipuram, Coimbatore North, Coimbatore",Coimbatore,Tamil Nadu,Land Record,RS-DOC-0339-2,2022-12-25,Meenakshi Vaidyanathan,4,7d85e8f671da439c7bd1b5281a40dd7a99609014c504058dee6e436bb342f275,Verified,1,1,1,0,0,0,0,0,Synthetic development/demo dataset
RS-PROP-0339,USR-1040,Meenakshi Kumar,USR-1040,USR-1017,SUR-421/2A,1800.0,"Gandhipuram, Coimbatore North, Coimbatore",Coimbatore,Tamil Nadu,Encumbrance Certificate,RS-DOC-0339-3,2022-12-25,Meenakshi Vaidyanathan,4,8fb2b22cc378d935c53cf678dd04e5b63a9612af410e93ab0d366bc787f450b8,Verified,1,1,1,0,0,0,0,0,Synthetic development/demo dataset
RS-PROP-0339,USR-1040,Meenakshi Kumar,USR-1040,USR-1017,SUR-421/2A,1800.0,"Gandhipuram, Coimbatore North, Coimbatore",Coimbatore,Tamil Nadu,Property Tax Receipt,RS-DOC-0339-4,2022-12-25,Meenakshi Vaidyanathan,4,e1822f9850a4e6442b3433ee4a135c3c05e249bf8d41947f74a653aec37d095a,Verified,1,1,1,0,0,0,0,0,Synthetic development/demo dataset
RS-PROP-0340,USR-1042,Rajesh Pillai,USR-1042,USR-1019,SUR-476/31,4800.0,"Siruseri, Vandalur, Chengalpattu",Chengalpattu,Tamil Nadu,Sale Deed,RS-DOC-0340-1,2019-01-01,Sundar Sundaram,2,ac73cbb60dea150188a0ebe9fa788794a698a23b5c2b0f00b48f4fee8424e682,Verified,1,1,0,0,0,1,0,1,Synthetic development/demo dataset
RS-PROP-0340,USR-1042,Rajesh Pillai,USR-1042,USR-1019,SUR-476/31,4800.0,"Siruseri, Vandalur, Chengalpattu",Chengalpattu,Tamil Nadu,Land Record,RS-DOC-0340-2,2019-01-01,Sundar Sundaram,2,ff7365cb520ef1a61dda24dbacaa5ddd04baa71d22b9e60c281760b321087069,Verified,1,1,0,0,0,1,0,1,Synthetic development/demo dataset
RS-PROP-0340,USR-1042,Rajesh Pillai,USR-1042,USR-1019,SUR-476/31,4800.0,"Siruseri, Vandalur, Chengalpattu",Chengalpattu,Tamil Nadu,Encumbrance Certificate,RS-DOC-0340-3,2019-01-01,Sundar Sundaram,2,2ddd64938990db9601bb4bcb78e2470a77badc0847cdadc0211e0beab0815640,Verified,1,1,0,0,0,1,0,1,Synthetic development/demo dataset
RS-PROP-0340,USR-1042,Rajesh Pillai,USR-1042,USR-1019,SUR-476/31,4800.0,"Siruseri, Vandalur, Chengalpattu",Chengalpattu,Tamil Nadu,Property Tax Receipt,RS-DOC-0340-4,2019-01-01,Sundar Sundaram,2,00ef602c42f67cee8e9b48cc26d7bcc05a4914d3a449b9781f8326ce20116831,Verified,1,1,0,0,0,1,0,1,Synthetic development/demo dataset
RS-PROP-0341,USR-1044,Poornima Swaminathan,USR-1044,USR-1021,SUR-329/4B,3000.0,"Kallakudi, Thiruverumbur, Tiruchirappalli",Tiruchirappalli,Tamil Nadu,Sale Deed,RS-DOC-0341-1,2023-08-13,Meenakshi Vaidyanathan,2,e97249bd3c9310d206bbf7e7dc7b931db1fc210a7480098d8d106e742ed30f92,Verified,1,1,1,0,0,0,0,0,Synthetic development/demo dataset
RS-PROP-0341,USR-1044,Poornima Swaminathan,USR-1044,USR-1021,SUR-329/4B,3000.0,"Kallakudi, Thiruverumbur, Tiruchirappalli",Tiruchirappalli,Tamil Nadu,Land Record,RS-DOC-0341-2,2023-08-13,Meenakshi Vaidyanathan,2,e28e5efc6dc71b24360eb461052c6f0573c505ef1c2e73752514237c9511cc06,Verified,1,1,1,0,0,0,0,0,Synthetic development/demo dataset
RS-PROP-0341,USR-1044,Poornima Swaminathan,USR-1044,USR-1021,SUR-329/4B,3000.0,"Kallakudi, Thiruverumbur, Tiruchirappalli",Tiruchirappalli,Tamil Nadu,Encumbrance Certificate,RS-DOC-0341-3,2023-08-13,Meenakshi Vaidyanathan,2,881610a7f88ccc20403d68784102fc9c97dc039106fa809f874684929a7fbafb,Verified,1,1,1,0,0,0,0,0,Synthetic development/demo dataset
RS-PROP-0341,USR-1044,Poornima Swaminathan,USR-1044,USR-1021,SUR-329/4B,3000.0,"Kallakudi, Thiruverumbur, Tiruchirappalli",Tiruchirappalli,Tamil Nadu,Property Tax Receipt,RS-DOC-0341-4,2023-08-13,Meenakshi Vaidyanathan,2,64b1c49545cfc9460fe2863f0eb65bdba7ff0225c3d88d26bc8e1998c220b99b,Verified,1,1,1,0,0,0,0,0,Synthetic development/demo dataset
RS-PROP-0342,USR-1046,Balaji Vaidyanathan,USR-1046,USR-1023,SUR-368/42,5400.0,"Padur, Vandalur, Chengalpattu",Chengalpattu,Tamil Nadu,Sale Deed,RS-DOC-0342-1,2020-10-22,Gayathri Sundaram,4,de47d508e90e8077888f325cc7777a1c91299e2cf9884b4abae7b4281e69a069,Verified,1,1,1,0,0,0,1,0,Synthetic development/demo dataset
RS-PROP-0343,USR-1048,Ganesh Sundaram,USR-1048,USR-1025,SUR-153/6B,5400.0,"Madipakkam, Mylapore, Chennai",Chennai,Tamil Nadu,Sale Deed,RS-DOC-0343-1,2022-11-26,Karthik Kumar,4,5c37c298a5b62d260123d6d32aa9c9f6c2347f8379950629554a5193c5256ad7,Verified,0,0,1,0,0,0,0,1,Synthetic development/demo dataset
RS-PROP-0343,USR-1048,Ganesh Sundaram,USR-1048,USR-1025,SUR-153/6B,5400.0,"Madipakkam, Mylapore, Chennai",Chennai,Tamil Nadu,Land Record,RS-DOC-0343-2,2022-11-26,Karthik Kumar,4,b5e54f5bf69a5a79bf1e8055d28647350ee2648ac37ed7cd344b92d7d03bca29,Verified,0,0,1,0,0,0,0,1,Synthetic development/demo dataset
RS-PROP-0343,USR-1048,Ganesh Sundaram,USR-1048,USR-1025,SUR-153/6B,5400.0,"Madipakkam, Mylapore, Chennai",Chennai,Tamil Nadu,Encumbrance Certificate,RS-DOC-0343-3,2022-11-26,Karthik Kumar,4,0c970e351b35fb0d862ffdff28ec569af0f0a1ab66af789f14d0303eaedfdbda,Verified,0,0,1,0,0,0,0,1,Synthetic development/demo dataset
RS-PROP-0343,USR-1048,Ganesh Sundaram,USR-1048,USR-1025,SUR-153/6B,5400.0,"Madipakkam, Mylapore, Chennai",Chennai,Tamil Nadu,Property Tax Receipt,RS-DOC-0343-4,2022-11-26,Karthik Kumar,4,a4e796fb488473cd370ad6179388476549b92baa8db4d9ca73bdebf2a5252e53,Verified,0,0,1,0,0,0,0,1,Synthetic development/demo dataset
RS-PROP-0344,USR-1050,Lakshmi Balasubramanian,USR-1050,USR-1027,SUR-235/2C,9600.0,"Kovaipudur, Pollachi, Coimbatore",Coimbatore,Tamil Nadu,Sale Deed,RS-DOC-0344-1,2019-05-04,Rajesh Ramesh,4,29bc4e09699553d6a916a268d93f44749ff3f15f2350d4eac214c878852e80b9,Verified,1,1,1,0,0,0,0,0,Synthetic development/demo dataset
RS-PROP-0344,USR-1050,Lakshmi Balasubramanian,USR-1050,USR-1027,SUR-235/2C,9600.0,"Kovaipudur, Pollachi, Coimbatore",Coimbatore,Tamil Nadu,Land Record,RS-DOC-0344-2,2019-05-04,Rajesh Ramesh,4,36792d3c6b95b42db20aa532bee0e95d4079e8fcccc566a4f988be5d58b4dc0f,Verified,1,1,1,0,0,0,0,0,Synthetic development/demo dataset
RS-PROP-0344,USR-1050,Lakshmi Balasubramanian,USR-1050,USR-1027,SUR-235/2C,9600.0,"Kovaipudur, Pollachi, Coimbatore",Coimbatore,Tamil Nadu,Encumbrance Certificate,RS-DOC-0344-3,2019-05-04,Rajesh Ramesh,4,1400bb2d0a9003459b2e4433e73dedb91b5bffec6ee198c464f0f207cfdc0801,Verified,1,1,1,0,0,0,0,0,Synthetic development/demo dataset
RS-PROP-0345,USR-1052,Manoj Murugan,USR-1052,USR-1029,SUR-546/3C,5400.0,"Othakadai, Thirumangalam, Madurai",Madurai,Tamil Nadu,Sale Deed,RS-DOC-0345-1,2022-11-21,Siddharth Ramesh,2,378ceae8d542710df7eb57767eef5cda76e19624df95642f19e31e6e2ac8728b,Verified,1,1,0,0,0,1,0,1,Synthetic development/demo dataset
RS-PROP-0345,USR-1052,Manoj Murugan,USR-1052,USR-1029,SUR-546/3C,5400.0,"Othakadai, Thirumangalam, Madurai",Madurai,Tamil Nadu,Land Record,RS-DOC-0345-2,2022-11-21,Siddharth Ramesh,2,e85eb0a0c4dfe543c3f315cde94a42767d9995960b1ca69aacc6d30e6331e225,Verified,1,1,0,0,0,1,0,1,Synthetic development/demo dataset
RS-PROP-0345,USR-1052,Manoj Murugan,USR-1052,USR-1029,SUR-546/3C,5400.0,"Othakadai, Thirumangalam, Madurai",Madurai,Tamil Nadu,Encumbrance Certificate,RS-DOC-0345-3,2022-11-21,Siddharth Ramesh,2,1dd4c4274c5fb2bb048b36c6d6626c78d6959c789e0fb7a98a39642c128ab747,Verified,1,1,0,0,0,1,0,1,Synthetic development/demo dataset
RS-PROP-0345,USR-1052,Manoj Murugan,USR-1052,USR-1029,SUR-546/3C,5400.0,"Othakadai, Thirumangalam, Madurai",Madurai,Tamil Nadu,Property Tax Receipt,RS-DOC-0345-4,2022-11-21,Siddharth Ramesh,2,41b01746db979062088b3838b5bdd3272162b7bd977700cf802292803a5957fd,Verified,1,1,0,0,0,1,0,1,Synthetic development/demo dataset
RS-PROP-0346,USR-1054,Uma Swaminathan,USR-1054,USR-1031,SUR-226/6A,2400.0,"Peelamedu, Coimbatore South, Coimbatore",Coimbatore,Tamil Nadu,Sale Deed,RS-DOC-0346-1,2019-03-24,Revathi Srinivasan,2,a1e3143d049f82ae221d43e93e4b97628899507689a0c0d23cc2412ef7f70dff,Verified,1,1,1,0,0,0,0,0,Synthetic development/demo dataset
RS-PROP-0346,USR-1054,Uma Swaminathan,USR-1054,USR-1031,SUR-226/6A,2400.0,"Peelamedu, Coimbatore South, Coimbatore",Coimbatore,Tamil Nadu,Land Record,RS-DOC-0346-2,2019-03-24,Revathi Srinivasan,2,60c9c72d511d8ab99566873500442dfd8d2b01f6b0d40e6ba248c144f05f11dd,Verified,1,1,1,0,0,0,0,0,Synthetic development/demo dataset
RS-PROP-0346,USR-1054,Uma Swaminathan,USR-1054,USR-1031,SUR-226/6A,2400.0,"Peelamedu, Coimbatore South, Coimbatore",Coimbatore,Tamil Nadu,Encumbrance Certificate,RS-DOC-0346-3,2019-03-24,Revathi Srinivasan,2,bc68760013ddad2f4cef8f9089e746ca3685d3140b5b9754330f2128be7f9042,Verified,1,1,1,0,0,0,0,0,Synthetic development/demo dataset
RS-PROP-0347,USR-1056,Balaji Vaidyanathan,USR-1056,USR-1033,SUR-793/2C,1200.0,"Keelkattalai, Alandur, Chennai",Chennai,Tamil Nadu,Sale Deed,RS-DOC-0347-1,2023-11-04,Harini Reddy,1,0dc32a3a4a7affc061ba0769cdf4218129744c56140f54079a7fd2ca4d776c36,Verified,1,1,1,0,0,0,0,0,Synthetic development/demo dataset
RS-PROP-0347,USR-1056,Balaji Vaidyanathan,USR-1056,USR-1033,SUR-793/2C,1200.0,"Keelkattalai, Alandur, Chennai",Chennai,Tamil Nadu,Land Record,RS-DOC-0347-2,2023-11-04,Harini Reddy,1,e0d4506224567f92fa65771c1eec29a75e3324101df5f4d03faec905955a7690,Verified,1,1,1,0,0,0,0,0,Synthetic development/demo dataset
RS-PROP-0347,USR-1056,Balaji Vaidyanathan,USR-1056,USR-1033,SUR-793/2C,1200.0,"Keelkattalai, Alandur, Chennai",Chennai,Tamil Nadu,Encumbrance Certificate,RS-DOC-0347-3,2023-11-04,Harini Reddy,1,3f5ee59c07f7ac44b0552210725d7bb9e204bd78c744f364f4e2dfe0af84d7ab,Verified,1,1,1,0,0,0,0,0,Synthetic development/demo dataset
RS-PROP-0347,USR-1056,Balaji Vaidyanathan,USR-1056,USR-1033,SUR-793/2C,1200.0,"Keelkattalai, Alandur, Chennai",Chennai,Tamil Nadu,Property Tax Receipt,RS-DOC-0347-4,2023-11-04,Harini Reddy,1,91ce0bf2903c5e06647bfb6f3bfc67ee49e28c9ce186071d57a5b0f3a2f2c6d1,Verified,1,1,1,0,0,0,0,0,Synthetic development/demo dataset
RS-PROP-0348,USR-1058,Vignesh Swaminathan,USR-1058,USR-1035,SUR-437/12,5400.0,"Kallakudi, Lalgudi, Tiruchirappalli",Tiruchirappalli,Tamil Nadu,Sale Deed,RS-DOC-0348-1,2023-12-26,Meenakshi Iyer,3,585f272768475a29813a15f9e357a1ca8a62821f45c616d2fcab4e1682523544,Verified,0,1,1,0,0,0,0,1,Synthetic development/demo dataset
RS-PROP-0348,USR-1058,Vignesh Swaminathan,USR-1058,USR-1035,SUR-437/12,5400.0,"Kallakudi, Lalgudi, Tiruchirappalli",Tiruchirappalli,Tamil Nadu,Land Record,RS-DOC-0348-2,2023-12-26,Meenakshi Iyer,3,efe199fd5c18cc795ef3e852d5c2cfe8087057aef68c344ea9df96b790ab2a9d,Verified,0,1,1,0,0,0,0,1,Synthetic development/demo dataset
RS-PROP-0348,USR-1058,Vignesh Swaminathan,USR-1058,USR-1035,SUR-437/12,5400.0,"Kallakudi, Lalgudi, Tiruchirappalli",Tiruchirappalli,Tamil Nadu,Encumbrance Certificate,RS-DOC-0348-3,2023-12-26,Meenakshi Iyer,3,0f0eb163a0cd3f5f61118ac2b617aebd1c6abd517fd6c25fb02df90c4a8a6bee,Verified,0,1,1,0,0,0,0,1,Synthetic development/demo dataset
RS-PROP-0348,USR-1058,Vignesh Swaminathan,USR-1058,USR-1035,SUR-437/12,5400.0,"Kallakudi, Lalgudi, Tiruchirappalli",Tiruchirappalli,Tamil Nadu,Property Tax Receipt,RS-DOC-0348-4,2023-12-26,Meenakshi Iyer,3,df3e002f2d349c77f61462230d48038becdd3ee6d5f3600c870c3fa6352a52e5,Verified,0,1,1,0,0,0,0,1,Synthetic development/demo dataset
RS-PROP-0349,USR-1001,Swetha Gopal,USR-1001,USR-1037,SUR-266/71,3000.0,"Velachery East, Tambaram, Chennai",Chennai,Tamil Nadu,Sale Deed,RS-DOC-0349-1,2024-11-05,Ramesh Pillai,4,3c1602b34c2b57c9667e244d62bbca537256b5bb14473007ffc7807db5dc7531,Verified,1,1,1,0,0,0,0,0,Synthetic development/demo dataset
RS-PROP-0349,USR-1001,Swetha Gopal,USR-1001,USR-1037,SUR-266/71,3000.0,"Velachery East, Tambaram, Chennai",Chennai,Tamil Nadu,Land Record,RS-DOC-0349-2,2024-11-05,Ramesh Pillai,4,249a6c2bba3732ac7adfbff9756d57090cc24ef461666b17cee605f0a2e4c1d4,Verified,1,1,1,0,0,0,0,0,Synthetic development/demo dataset
RS-PROP-0349,USR-1001,Swetha Gopal,USR-1001,USR-1037,SUR-266/71,3000.0,"Velachery East, Tambaram, Chennai",Chennai,Tamil Nadu,Encumbrance Certificate,RS-DOC-0349-3,2024-11-05,Ramesh Pillai,4,df76a65b64be07b433530c8f82a0f854e0e7e18b74ad02743f612d1cfcad3266,Verified,1,1,1,0,0,0,0,0,Synthetic development/demo dataset
RS-PROP-0350,USR-1003,Dinesh Natarajan,USR-1003,USR-1039,SUR-556/71,3000.0,"Thandalam, Kanchipuram, Kanchipuram",Kanchipuram,Tamil Nadu,Sale Deed,RS-DOC-0350-1,2022-07-03,Poornima Reddy,2,07f5aedfa9465086f0a254b46110a9f4dcb70898ca9c56ad73936e18463e21e2,Verified,1,1,1,0,0,0,0,0,Synthetic development/demo dataset
RS-PROP-0350,USR-1003,Dinesh Natarajan,USR-1003,USR-1039,SUR-556/71,3000.0,"Thandalam, Kanchipuram, Kanchipuram",Kanchipuram,Tamil Nadu,Land Record,RS-DOC-0350-2,2022-07-03,Poornima Reddy,2,6958d4df3a8aa0a0b68fdad28ce526bc398d1ffe2ff06c579b9113f93970a609,Verified,1,1,1,0,0,0,0,0,Synthetic development/demo dataset
RS-PROP-0350,USR-1003,Dinesh Natarajan,USR-1003,USR-1039,SUR-556/71,3000.0,"Thandalam, Kanchipuram, Kanchipuram",Kanchipuram,Tamil Nadu,Encumbrance Certificate,RS-DOC-0350-3,2022-07-03,Poornima Reddy,2,4c75fdfff7442720e05821b166ec7a7be78b47663df8269ea68c417e63f041cc,Verified,1,1,1,0,0,0,0,0,Synthetic development/demo dataset
RS-PROP-0350,USR-1003,Dinesh Natarajan,USR-1003,USR-1039,SUR-556/71,3000.0,"Thandalam, Kanchipuram, Kanchipuram",Kanchipuram,Tamil Nadu,Property Tax Receipt,RS-DOC-0350-4,2022-07-03,Poornima Reddy,2,5a507fafb80f6931c64756c5cd3af8104a42a49cefeaa5582f8c2d3861cdf330,Verified,1,1,1,0,0,0,0,0,Synthetic development/demo dataset
RS-PROP-0351,USR-1005,Bhavani Swaminathan,USR-1005,USR-1041,SUR-607/92,1500.0,"Kattur, Srirangam, Tiruchirappalli",Tiruchirappalli,Tamil Nadu,Sale Deed,RS-DOC-0351-1,2021-07-03,Vignesh Pillai,2,951350e4c4d19e6d2b176eba478d8c7ac24455b0a1557bcb0553a1a03f9f0bab,Verified,1,1,1,0,0,0,0,0,Synthetic development/demo dataset
RS-PROP-0351,USR-1005,Bhavani Swaminathan,USR-1005,USR-1041,SUR-607/92,1500.0,"Kattur, Srirangam, Tiruchirappalli",Tiruchirappalli,Tamil Nadu,Land Record,RS-DOC-0351-2,2021-07-03,Vignesh Pillai,2,5bef984e0b3ef4a736030606ee79700d5bc615b6fcd4ad11e03ce3ac10f3bc2d,Verified,1,1,1,0,0,0,0,0,Synthetic development/demo dataset
RS-PROP-0351,USR-1005,Bhavani Swaminathan,USR-1005,USR-1041,SUR-607/92,1500.0,"Kattur, Srirangam, Tiruchirappalli",Tiruchirappalli,Tamil Nadu,Encumbrance Certificate,RS-DOC-0351-3,2021-07-03,Vignesh Pillai,2,adc678530b5eb8a730270fca759cce0f7f84cf4da00481cd7797290f432d3df5,Verified,1,1,1,0,0,0,0,0,Synthetic development/demo dataset
RS-PROP-0352,USR-1008,Manoj Srinivasan,USR-1008,USR-1043,SUR-146/9A,9600.0,"Madipakkam, Mylapore, Chennai",Chennai,Tamil Nadu,Sale Deed,RS-DOC-0352-1,2021-02-15,Ganesh Reddy,1,a2b8232745c3c22d9b1fd04b4a4003af4e4f05ae9ab5055d1fc841e0635ccfd1,Verified,1,1,1,0,0,0,0,0,Synthetic development/demo dataset
RS-PROP-0352,USR-1008,Manoj Srinivasan,USR-1008,USR-1043,SUR-146/9A,9600.0,"Madipakkam, Mylapore, Chennai",Chennai,Tamil Nadu,Land Record,RS-DOC-0352-2,2021-02-15,Ganesh Reddy,1,9ea33644355fb642a90c4aaf9a698ca7faf857a6b9330b9f9a6a130272fa7563,Verified,1,1,1,0,0,0,0,0,Synthetic development/demo dataset
RS-PROP-0352,USR-1008,Manoj Srinivasan,USR-1008,USR-1043,SUR-146/9A,9600.0,"Madipakkam, Mylapore, Chennai",Chennai,Tamil Nadu,Encumbrance Certificate,RS-DOC-0352-3,2021-02-15,Ganesh Reddy,1,98f709b4f96ec01d3c31fb29abedf982afac9e3bd946c960e01fb0535a0bdcd6,Verified,1,1,1,0,0,0,0,0,Synthetic development/demo dataset
RS-PROP-0353,USR-1010,Gayathri Krishnan,USR-1010,USR-1045,SUR-185/7C,3600.0,"Guduvancheri, Maduranthakam, Chengalpattu",Chengalpattu,Tamil Nadu,Sale Deed,RS-DOC-0353-1,2023-08-25,Siddharth Murugan,2,0d640d6463cb80f5de715a56980c1dd0a9ad059d5603456f6e19f2697b8a3c6a,Verified,1,0,1,0,0,0,0,1,Synthetic development/demo dataset
RS-PROP-0353,USR-1010,Gayathri Krishnan,USR-1010,USR-1045,SUR-185/7C,3600.0,"Guduvancheri, Maduranthakam, Chengalpattu",Chengalpattu,Tamil Nadu,Land Record,RS-DOC-0353-2,2023-08-25,Siddharth Murugan,2,67da3cbef55c0def5a5c45bc51eca6bd2a9933d8997895ebf58850bd8136e794,Verified,1,0,1,0,0,0,0,1,Synthetic development/demo dataset
RS-PROP-0353,USR-1010,Gayathri Krishnan,USR-1010,USR-1045,SUR-185/7C,3600.0,"Guduvancheri, Maduranthakam, Chengalpattu",Chengalpattu,Tamil Nadu,Encumbrance Certificate,RS-DOC-0353-3,2023-08-25,Siddharth Murugan,2,3cd21ec8d99cf251ca4830eac8780198596dd57d9a749d3b2f22fe8e570ff2c5,Verified,1,0,1,0,0,0,0,1,Synthetic development/demo dataset
RS-PROP-0354,USR-1012,Arun Gopal,USR-1012,USR-1047,SUR-771/81,4800.0,"Velachery East, Tambaram, Chennai",Chennai,Tamil Nadu,Sale Deed,RS-DOC-0354-1,2023-10-24,Uma Pillai,3,3e17b3ef8af3f4bb4490e48cee0030ec0645691a297ec8e2c17478ef8c22db96,Verified,1,1,1,0,0,0,0,0,Synthetic development/demo dataset
RS-PROP-0354,USR-1012,Arun Gopal,USR-1012,USR-1047,SUR-771/81,4800.0,"Velachery East, Tambaram, Chennai",Chennai,Tamil Nadu,Land Record,RS-DOC-0354-2,2023-10-24,Uma Pillai,3,a1144f563d53ffa2dbcf5bea80d594ac3aa9705cf098c2cae7c39ab8023075a8,Verified,1,1,1,0,0,0,0,0,Synthetic development/demo dataset
RS-PROP-0354,USR-1012,Arun Gopal,USR-1012,USR-1047,SUR-771/81,4800.0,"Velachery East, Tambaram, Chennai",Chennai,Tamil Nadu,Encumbrance Certificate,RS-DOC-0354-3,2023-10-24,Uma Pillai,3,582c239833a36b03918dca198492f2d51f96697e034faee803056a4b6ec210ff,Verified,1,1,1,0,0,0,0,0,Synthetic development/demo dataset
RS-PROP-0354,USR-1012,Arun Gopal,USR-1012,USR-1047,SUR-771/81,4800.0,"Velachery East, Tambaram, Chennai",Chennai,Tamil Nadu,Property Tax Receipt,RS-DOC-0354-4,2023-10-24,Uma Pillai,3,e2a0ebd6cc3bd4a2b282e588419568d4bed83effa86aca78e5ee75bf084c7899,Verified,1,1,1,0,0,0,0,0,Synthetic development/demo dataset
RS-PROP-0355,USR-1014,Meenakshi Kumar,USR-1014,USR-1049,SUR-812/4A,2400.0,"Guduvancheri, Vandalur, Chengalpattu",Chengalpattu,Tamil Nadu,Sale Deed,RS-DOC-0355-1,2023-03-21,Swetha Vaidyanathan,2,a686eaf6e898824c3677d6dcb1907d1c23839092f2cfd720a5c66894a32160f1,Verified,1,1,0,0,0,1,1,1,Synthetic development/demo dataset
RS-PROP-0356,USR-1016,Siddharth Srinivasan,USR-1016,USR-1051,SUR-683/7A,3600.0,"Padur, Chengalpattu, Chengalpattu",Chengalpattu,Tamil Nadu,Sale Deed,RS-DOC-0356-1,2018-11-28,Poornima Vaidyanathan,3,ae704906177e38192e26aa7c7c53ceaaaa015476869dc46d3f0841103a91b6b1,Verified,0,0,1,0,0,0,0,1,Synthetic development/demo dataset
RS-PROP-0356,USR-1016,Siddharth Srinivasan,USR-1016,USR-1051,SUR-683/7A,3600.0,"Padur, Chengalpattu, Chengalpattu",Chengalpattu,Tamil Nadu,Land Record,RS-DOC-0356-2,2018-11-28,Poornima Vaidyanathan,3,58b0dbab24dbb3f2b497df87c19ef590228cdeb674c05710a152a1c67ad6ba11,Verified,0,0,1,0,0,0,0,1,Synthetic development/demo dataset
RS-PROP-0356,USR-1016,Siddharth Srinivasan,USR-1016,USR-1051,SUR-683/7A,3600.0,"Padur, Chengalpattu, Chengalpattu",Chengalpattu,Tamil Nadu,Encumbrance Certificate,RS-DOC-0356-3,2018-11-28,Poornima Vaidyanathan,3,cf8a6167b77f80e14f15ae6deecdf1b8493df98a054e84af749f19578461e7ad,Verified,0,0,1,0,0,0,0,1,Synthetic development/demo dataset
RS-PROP-0357,USR-1018,Priya Vaidyanathan,USR-1018,USR-1053,SUR-374/71,1500.0,"Koodal Nagar, Thirumangalam, Madurai",Madurai,Tamil Nadu,Sale Deed,RS-DOC-0357-1,2022-11-12,Siddharth Vaidyanathan,6,cd46392eb3b8b99b1f471eb1b19ec6bcd569d4dd9349be3c0b37380b1c563457,Verified,1,1,1,0,1,0,0,1,Synthetic development/demo dataset
RS-PROP-0357,USR-1018,Priya Vaidyanathan,USR-1018,USR-1053,SUR-374/71,1500.0,"Koodal Nagar, Thirumangalam, Madurai",Madurai,Tamil Nadu,Land Record,RS-DOC-0357-2,2022-11-12,Siddharth Vaidyanathan,6,a3d0408511280f0d840ef246b9e5568ac5b973cb007bd3fe38cd00257e778d25,Verified,1,1,1,0,1,0,0,1,Synthetic development/demo dataset
RS-PROP-0357,USR-1018,Priya Vaidyanathan,USR-1018,USR-1053,SUR-374/71,1500.0,"Koodal Nagar, Thirumangalam, Madurai",Madurai,Tamil Nadu,Encumbrance Certificate,RS-DOC-0357-3,2022-11-12,Siddharth Vaidyanathan,6,705e5fabfef3096f513649fa7290da6bb5aad20f7632e0939b2f54b2417e73ef,Verified,1,1,1,0,1,0,0,1,Synthetic development/demo dataset
RS-PROP-0358,USR-1020,Gayathri Subramanian,USR-1020,USR-1055,SUR-953/61,1800.0,"Thandalam, Kundrathur, Kanchipuram",Kanchipuram,Tamil Nadu,Sale Deed,RS-DOC-0358-1,2019-05-23,Venkatesh Thyagarajan,2,5ebb5d616410fcf4bbc0757204df78ccd56d291ba71440edc15be292674a681e,Verified,1,1,0,0,0,1,1,1,Synthetic development/demo dataset
RS-PROP-0359,USR-1022,Priya Reddy,USR-1022,USR-1057,SUR-278/9A,1500.0,"Oragadam, Walajabad, Kanchipuram",Kanchipuram,Tamil Nadu,Sale Deed,RS-DOC-0359-1,2021-02-20,Sundar Natarajan,2,8fccb9717095dc6a546e4ff94c854bf9677367d80c204133cbf7d0d83326d2ff,Verified,1,1,1,0,0,0,0,0,Synthetic development/demo dataset
RS-PROP-0359,USR-1022,Priya Reddy,USR-1022,USR-1057,SUR-278/9A,1500.0,"Oragadam, Walajabad, Kanchipuram",Kanchipuram,Tamil Nadu,Land Record,RS-DOC-0359-2,2021-02-20,Sundar Natarajan,2,e50881a81cf2769ff5d9e762bd39ef69012105606c1e1a65d769a2d4997ad8a7,Verified,1,1,1,0,0,0,0,0,Synthetic development/demo dataset
RS-PROP-0359,USR-1022,Priya Reddy,USR-1022,USR-1057,SUR-278/9A,1500.0,"Oragadam, Walajabad, Kanchipuram",Kanchipuram,Tamil Nadu,Encumbrance Certificate,RS-DOC-0359-3,2021-02-20,Sundar Natarajan,2,c4c632faab59d34e89c66bcaecb01f0cae460a137fde8008d2e64c0688bc98a9,Verified,1,1,1,0,0,0,0,0,Synthetic development/demo dataset
RS-PROP-0360,USR-1024,Revathi Subramanian,USR-1024,USR-1059,SUR-548/8A,1500.0,"Kallakudi, Tiruchirappalli West, Tiruchirappalli",Tiruchirappalli,Tamil Nadu,Sale Deed,RS-DOC-0360-1,2022-02-27,Karthik Balasubramanian,2,cae61e84e249a8aff0016dc086f4a0e6a27bc1e6627addc43d8ff2932329e90b,Verified,1,1,1,0,0,0,0,0,Synthetic development/demo dataset
RS-PROP-0360,USR-1024,Revathi Subramanian,USR-1024,USR-1059,SUR-548/8A,1500.0,"Kallakudi, Tiruchirappalli West, Tiruchirappalli",Tiruchirappalli,Tamil Nadu,Land Record,RS-DOC-0360-2,2022-02-27,Karthik Balasubramanian,2,68817be79d952cbdf9e689494b223393c162de295bab9ef0f1720c4bb7be1175,Verified,1,1,1,0,0,0,0,0,Synthetic development/demo dataset
RS-PROP-0360,USR-1024,Revathi Subramanian,USR-1024,USR-1059,SUR-548/8A,1500.0,"Kallakudi, Tiruchirappalli West, Tiruchirappalli",Tiruchirappalli,Tamil Nadu,Encumbrance Certificate,RS-DOC-0360-3,2022-02-27,Karthik Balasubramanian,2,083879b75b95cd58269158547f74a331cbd5af378f44257791ec3c79406574f0,Verified,1,1,1,0,0,0,0,0,Synthetic development/demo dataset
RS-PROP-0360,USR-1024,Revathi Subramanian,USR-1024,USR-1059,SUR-548/8A,1500.0,"Kallakudi, Tiruchirappalli West, Tiruchirappalli",Tiruchirappalli,Tamil Nadu,Property Tax Receipt,RS-DOC-0360-4,2022-02-27,Karthik Balasubramanian,2,e7f99721e968470445ec916a2a48d997f8d4f99a66b728a13a64e23c7a7f0bba,Verified,1,1,1,0,0,0,0,0,Synthetic development/demo dataset
RS-PROP-0361,USR-1026,Manoj Swaminathan,USR-1026,USR-1002,SUR-257/6C,1800.0,"Koodal Nagar, Melur, Madurai",Madurai,Tamil Nadu,Sale Deed,RS-DOC-0361-1,2024-04-15,Madhavan Kumar,4,02585ad4941b35222ae39d0d4b1cfb4f95db86e18177bc179f7468849d37fb94,Verified,1,1,0,0,0,1,0,1,Synthetic development/demo dataset
RS-PROP-0361,USR-1026,Manoj Swaminathan,USR-1026,USR-1002,SUR-257/6C,1800.0,"Koodal Nagar, Melur, Madurai",Madurai,Tamil Nadu,Land Record,RS-DOC-0361-2,2024-04-15,Madhavan Kumar,4,49629e38d98a677278948c8a69fdb2dc6e11c89feb7251c7c8d00c61487824a1,Verified,1,1,0,0,0,1,0,1,Synthetic development/demo dataset
RS-PROP-0361,USR-1026,Manoj Swaminathan,USR-1026,USR-1002,SUR-257/6C,1800.0,"Koodal Nagar, Melur, Madurai",Madurai,Tamil Nadu,Encumbrance Certificate,RS-DOC-0361-3,2024-04-15,Madhavan Kumar,4,ca96dcad7ca59a589257f8293911e6f36a1eb5e0d33ed5625886c5348dec847c,Verified,1,1,0,0,0,1,0,1,Synthetic development/demo dataset
RS-PROP-0362,USR-1028,Sundar Subramanian,USR-1028,USR-1004,SUR-569/9C,1200.0,"Kovaipudur, Sulur, Coimbatore",Coimbatore,Tamil Nadu,Sale Deed,RS-DOC-0362-1,2019-01-23,Deepa Sundaram,3,286cea9e6f72611ab95f14902cca82b2032fcb105adc3d8563f041b245f17665,Verified,1,1,1,0,0,0,0,0,Synthetic development/demo dataset
RS-PROP-0362,USR-1028,Sundar Subramanian,USR-1028,USR-1004,SUR-569/9C,1200.0,"Kovaipudur, Sulur, Coimbatore",Coimbatore,Tamil Nadu,Land Record,RS-DOC-0362-2,2019-01-23,Deepa Sundaram,3,db0376324642f9312daeb4222ed41fcb14adac88f11f4f3bb9309d9ea2d44c61,Verified,1,1,1,0,0,0,0,0,Synthetic development/demo dataset
RS-PROP-0362,USR-1028,Sundar Subramanian,USR-1028,USR-1004,SUR-569/9C,1200.0,"Kovaipudur, Sulur, Coimbatore",Coimbatore,Tamil Nadu,Encumbrance Certificate,RS-DOC-0362-3,2019-01-23,Deepa Sundaram,3,e44411591ead983732ee7f5bacd646cb3d1640695ad4ddc3eb34fde2f6357889,Verified,1,1,1,0,0,0,0,0,Synthetic development/demo dataset
RS-PROP-0362,USR-1028,Sundar Subramanian,USR-1028,USR-1004,SUR-569/9C,1200.0,"Kovaipudur, Sulur, Coimbatore",Coimbatore,Tamil Nadu,Property Tax Receipt,RS-DOC-0362-4,2019-01-23,Deepa Sundaram,3,6fc39cb0e181bcbc9b01ead27ae932d5284a0afb6a94c7561c3bb28f41fa2d83,Verified,1,1,1,0,0,0,0,0,Synthetic development/demo dataset
RS-PROP-0363,USR-1030,Karthik Subramanian,USR-1030,USR-1006,SUR-529/72,3000.0,"Othakadai, Madurai North, Madurai",Madurai,Tamil Nadu,Sale Deed,RS-DOC-0363-1,2023-06-12,Arun Murugan,2,1318f18f08b3917c3a2c9e06dcce83951d6f1d5cb3805185a70ba06b2025ffcf,Verified,1,1,1,0,0,0,0,0,Synthetic development/demo dataset
RS-PROP-0363,USR-1030,Karthik Subramanian,USR-1030,USR-1006,SUR-529/72,3000.0,"Othakadai, Madurai North, Madurai",Madurai,Tamil Nadu,Land Record,RS-DOC-0363-2,2023-06-12,Arun Murugan,2,8ba10dc6af3189b82ced75d5eeb5cc14e78164152c18230b11f4b7733164c43e,Verified,1,1,1,0,0,0,0,0,Synthetic development/demo dataset
RS-PROP-0363,USR-1030,Karthik Subramanian,USR-1030,USR-1006,SUR-529/72,3000.0,"Othakadai, Madurai North, Madurai",Madurai,Tamil Nadu,Encumbrance Certificate,RS-DOC-0363-3,2023-06-12,Arun Murugan,2,df126917fd98ed00eb9267ff8ca3e8551fb47f309a38b1336a66418a809a4980,Verified,1,1,1,0,0,0,0,0,Synthetic development/demo dataset
RS-PROP-0363,USR-1030,Karthik Subramanian,USR-1030,USR-1006,SUR-529/72,3000.0,"Othakadai, Madurai North, Madurai",Madurai,Tamil Nadu,Property Tax Receipt,RS-DOC-0363-4,2023-06-12,Arun Murugan,2,3bae2d4640c8324dd604ff926b2d3d936556d5ceadc274f437674d081263b165,Verified,1,1,1,0,0,0,0,0,Synthetic development/demo dataset
RS-PROP-0364,USR-1032,Siddharth Reddy,USR-1032,USR-1007,SUR-408/2A,9600.0,"Kattur, Thiruverumbur, Tiruchirappalli",Tiruchirappalli,Tamil Nadu,Sale Deed,RS-DOC-0364-1,2021-12-24,Meenakshi Balasubramanian,5,9c2ef20bd4974572f2fb5a301ef8aa77c922adcc81329fd2b843e9441ed05b5e,Verified,1,1,1,1,0,1,0,1,Synthetic development/demo dataset
RS-PROP-0364,USR-1032,Siddharth Reddy,USR-1032,USR-1007,SUR-408/2A,9600.0,"Kattur, Thiruverumbur, Tiruchirappalli",Tiruchirappalli,Tamil Nadu,Land Record,RS-DOC-0364-2,2021-12-24,Meenakshi Balasubramanian,5,d3a5eaae7e4040ef1a340d882a2b75ae9005f4625d3b23feaa73eb933be9f749,Verified,1,1,1,1,0,1,0,1,Synthetic development/demo dataset
RS-PROP-0364,USR-1032,Siddharth Reddy,USR-1032,USR-1007,SUR-408/2A,9600.0,"Kattur, Thiruverumbur, Tiruchirappalli",Tiruchirappalli,Tamil Nadu,Encumbrance Certificate,RS-DOC-0364-3,2021-12-24,Meenakshi Balasubramanian,5,1e96ab4e00c07d97634e730e5dd0ae3e588e84c42608e3593d7d454dde7f1645,Verified,1,1,1,1,0,1,0,1,Synthetic development/demo dataset
RS-PROP-0365,USR-1034,Ramesh Ramesh,USR-1034,USR-1009,SUR-462/2A,1500.0,"Sunguvarchatram, Walajabad, Kanchipuram",Kanchipuram,Tamil Nadu,Sale Deed,RS-DOC-0365-1,2020-10-24,Arun Swaminathan,2,643a2dccd9de3fa3b194d0c5eb833edf70f5a3ea267c95708b0266df2aafb496,Verified,1,1,1,0,0,0,0,0,Synthetic development/demo dataset
RS-PROP-0365,USR-1034,Ramesh Ramesh,USR-1034,USR-1009,SUR-462/2A,1500.0,"Sunguvarchatram, Walajabad, Kanchipuram",Kanchipuram,Tamil Nadu,Land Record,RS-DOC-0365-2,2020-10-24,Arun Swaminathan,2,5ea2812b79350ca405a65dd4fef3d8ed2b34b64f0cd6c6316c565672e5b35f29,Verified,1,1,1,0,0,0,0,0,Synthetic development/demo dataset
RS-PROP-0365,USR-1034,Ramesh Ramesh,USR-1034,USR-1009,SUR-462/2A,1500.0,"Sunguvarchatram, Walajabad, Kanchipuram",Kanchipuram,Tamil Nadu,Encumbrance Certificate,RS-DOC-0365-3,2020-10-24,Arun Swaminathan,2,82aeeea49b773130c4b9e5a9f15cfe285979f79b7cff3998898b81eeb6ff9a1c,Verified,1,1,1,0,0,0,0,0,Synthetic development/demo dataset
RS-PROP-0365,USR-1034,Ramesh Ramesh,USR-1034,USR-1009,SUR-462/2A,1500.0,"Sunguvarchatram, Walajabad, Kanchipuram",Kanchipuram,Tamil Nadu,Property Tax Receipt,RS-DOC-0365-4,2020-10-24,Arun Swaminathan,2,ecf8bc1df3b963c5e05df59864f522eaca9a34243f04c999ec238336604f075f,Verified,1,1,1,0,0,0,0,0,Synthetic development/demo dataset
RS-PROP-0366,USR-1036,Kavitha Pillai,USR-1036,USR-1011,SUR-632/4A,3600.0,"Ponmalai, Srirangam, Tiruchirappalli",Tiruchirappalli,Tamil Nadu,Sale Deed,RS-DOC-0366-1,2022-04-27,Nandhini Swaminathan,2,94ff18b9f4b2c558e749679992757a3a1e8d1ddd7844fa9709a07cd767751e77,Verified,1,1,1,0,0,0,0,0,Synthetic development/demo dataset
RS-PROP-0366,USR-1036,Kavitha Pillai,USR-1036,USR-1011,SUR-632/4A,3600.0,"Ponmalai, Srirangam, Tiruchirappalli",Tiruchirappalli,Tamil Nadu,Land Record,RS-DOC-0366-2,2022-04-27,Nandhini Swaminathan,2,51df8fcd1c04c475598e216588e068fb8b2f7e5c61c6cdf3d662d4f3e4da0786,Verified,1,1,1,0,0,0,0,0,Synthetic development/demo dataset
RS-PROP-0366,USR-1036,Kavitha Pillai,USR-1036,USR-1011,SUR-632/4A,3600.0,"Ponmalai, Srirangam, Tiruchirappalli",Tiruchirappalli,Tamil Nadu,Encumbrance Certificate,RS-DOC-0366-3,2022-04-27,Nandhini Swaminathan,2,a5ab7da594d565256b5aa122e06791a2012d9bf643f36ed1d0778a3145240cee,Verified,1,1,1,0,0,0,0,0,Synthetic development/demo dataset
RS-PROP-0366,USR-1036,Kavitha Pillai,USR-1036,USR-1011,SUR-632/4A,3600.0,"Ponmalai, Srirangam, Tiruchirappalli",Tiruchirappalli,Tamil Nadu,Property Tax Receipt,RS-DOC-0366-4,2022-04-27,Nandhini Swaminathan,2,b90518ca238be4bb3dab6c99dcd6d7504cb851b714b680ae66f73baa1b25373a,Verified,1,1,1,0,0,0,0,0,Synthetic development/demo dataset
RS-PROP-0367,USR-1038,Poornima Subramanian,USR-1038,USR-1013,SUR-179/62,4800.0,"Kovaipudur, Coimbatore North, Coimbatore",Coimbatore,Tamil Nadu,Sale Deed,RS-DOC-0367-1,2022-09-25,Harini Murugan,4,f07fd6394d6f21eabb5497392184b40bce675cf526e17fa6a0a514d85e902e1b,Verified,1,1,1,0,0,0,0,0,Synthetic development/demo dataset
RS-PROP-0367,USR-1038,Poornima Subramanian,USR-1038,USR-1013,SUR-179/62,4800.0,"Kovaipudur, Coimbatore North, Coimbatore",Coimbatore,Tamil Nadu,Land Record,RS-DOC-0367-2,2022-09-25,Harini Murugan,4,33fefe112b89e0156edce99b5afc5165165dbffa271ea9d5153e6e1b30ca8279,Verified,1,1,1,0,0,0,0,0,Synthetic development/demo dataset
RS-PROP-0367,USR-1038,Poornima Subramanian,USR-1038,USR-1013,SUR-179/62,4800.0,"Kovaipudur, Coimbatore North, Coimbatore",Coimbatore,Tamil Nadu,Encumbrance Certificate,RS-DOC-0367-3,2022-09-25,Harini Murugan,4,9215d1886cea372f34e077d4b98f346c0e30a124ef17bde3b89df4c0f8815abc,Verified,1,1,1,0,0,0,0,0,Synthetic development/demo dataset
RS-PROP-0368,USR-1040,Madhavan Krishnan,USR-1040,USR-1015,SUR-828/8B,9600.0,"Siruseri, Chengalpattu, Chengalpattu",Chengalpattu,Tamil Nadu,Sale Deed,RS-DOC-0368-1,2018-12-07,Gayathri Thyagarajan,2,95eb12c99650f03cb5bfbd974bf482e7ee5136fbe7421859e154635654ea720f,Verified,1,1,1,0,0,0,0,0,Synthetic development/demo dataset
RS-PROP-0368,USR-1040,Madhavan Krishnan,USR-1040,USR-1015,SUR-828/8B,9600.0,"Siruseri, Chengalpattu, Chengalpattu",Chengalpattu,Tamil Nadu,Land Record,RS-DOC-0368-2,2018-12-07,Gayathri Thyagarajan,2,5ee6dc277f8d2fba973edb7463d883cf4f4504f64854cafac79880b771104625,Verified,1,1,1,0,0,0,0,0,Synthetic development/demo dataset
RS-PROP-0368,USR-1040,Madhavan Krishnan,USR-1040,USR-1015,SUR-828/8B,9600.0,"Siruseri, Chengalpattu, Chengalpattu",Chengalpattu,Tamil Nadu,Encumbrance Certificate,RS-DOC-0368-3,2018-12-07,Gayathri Thyagarajan,2,1560300cef6bf9c5a322bcc6a992dceff2bbbbc525f71a0d87185b8209bb4247,Verified,1,1,1,0,0,0,0,0,Synthetic development/demo dataset
RS-PROP-0369,USR-1042,Madhavan Natarajan,USR-1042,USR-1017,SUR-396/12,1800.0,"Adambakkam, Guindy, Chennai",Chennai,Tamil Nadu,Sale Deed,RS-DOC-0369-1,2020-05-12,Kavitha Pillai,1,e0ffd57c768129b0b6d51e32f85a43d1dc41b4c1bb9c6638a73d9b11166529a1,Verified,1,1,1,0,0,0,0,0,Synthetic development/demo dataset
RS-PROP-0369,USR-1042,Madhavan Natarajan,USR-1042,USR-1017,SUR-396/12,1800.0,"Adambakkam, Guindy, Chennai",Chennai,Tamil Nadu,Land Record,RS-DOC-0369-2,2020-05-12,Kavitha Pillai,1,54842a54c13525caa0763918788d63836fbe3b928a0b44c5d8f659e067adf776,Verified,1,1,1,0,0,0,0,0,Synthetic development/demo dataset
RS-PROP-0369,USR-1042,Madhavan Natarajan,USR-1042,USR-1017,SUR-396/12,1800.0,"Adambakkam, Guindy, Chennai",Chennai,Tamil Nadu,Encumbrance Certificate,RS-DOC-0369-3,2020-05-12,Kavitha Pillai,1,a10a2fbd76716c79d4df56bbf2c1282f119deb454da8dae9b5871217d18c6e72,Verified,1,1,1,0,0,0,0,0,Synthetic development/demo dataset
RS-PROP-0370,USR-1044,Kavitha Pillai,USR-1044,USR-1019,SUR-102/22,3600.0,"Siruseri, Chengalpattu, Chengalpattu",Chengalpattu,Tamil Nadu,Sale Deed,RS-DOC-0370-1,2024-01-14,Vignesh Srinivasan,4,d7c7e72f0b9ae3e5a558194d07c6261ae3ab74f6be5462bc7e8a8e5c0622279b,Verified,1,1,1,0,0,0,0,0,Synthetic development/demo dataset
RS-PROP-0370,USR-1044,Kavitha Pillai,USR-1044,USR-1019,SUR-102/22,3600.0,"Siruseri, Chengalpattu, Chengalpattu",Chengalpattu,Tamil Nadu,Land Record,RS-DOC-0370-2,2024-01-14,Vignesh Srinivasan,4,2db91851c962daa00d41a469d3ed7a281aea9b0172fc704c4b6f1fd6807104c1,Verified,1,1,1,0,0,0,0,0,Synthetic development/demo dataset
RS-PROP-0370,USR-1044,Kavitha Pillai,USR-1044,USR-1019,SUR-102/22,3600.0,"Siruseri, Chengalpattu, Chengalpattu",Chengalpattu,Tamil Nadu,Encumbrance Certificate,RS-DOC-0370-3,2024-01-14,Vignesh Srinivasan,4,bdacf746ecf1aa6f2fa90ffa7ab2def46091c3d8938c5cbbd56c83939bfb6d25,Verified,1,1,1,0,0,0,0,0,Synthetic development/demo dataset
RS-PROP-0371,USR-1046,Meenakshi Subramanian,USR-1046,USR-1021,SUR-783/8B,3600.0,"Thiruparankundram, Melur, Madurai",Madurai,Tamil Nadu,Sale Deed,RS-DOC-0371-1,2024-10-22,Madhavan Gopal,4,8f8886899c4a715fa14736f6183d9ce16842a2b7c570ac077218a69c5feeedd8,Verified,0,1,1,0,0,0,0,1,Synthetic development/demo dataset
RS-PROP-0371,USR-1046,Meenakshi Subramanian,USR-1046,USR-1021,SUR-783/8B,3600.0,"Thiruparankundram, Melur, Madurai",Madurai,Tamil Nadu,Land Record,RS-DOC-0371-2,2024-10-22,Madhavan Gopal,4,43936e9179f96ff600a11eeb1c398610451c6d2ccb0fd3d39d50ed06e739ea27,Verified,0,1,1,0,0,0,0,1,Synthetic development/demo dataset
RS-PROP-0371,USR-1046,Meenakshi Subramanian,USR-1046,USR-1021,SUR-783/8B,3600.0,"Thiruparankundram, Melur, Madurai",Madurai,Tamil Nadu,Encumbrance Certificate,RS-DOC-0371-3,2024-10-22,Madhavan Gopal,4,395127c00f71040243061d920f6f41fbaadab5af064e723e32e9bad600ae70bb,Verified,0,1,1,0,0,0,0,1,Synthetic development/demo dataset
RS-PROP-0372,USR-1048,Kavitha Ganesan,USR-1048,USR-1023,SUR-297/92,1200.0,"Kallakudi, Tiruchirappalli West, Tiruchirappalli",Tiruchirappalli,Tamil Nadu,Sale Deed,RS-DOC-0372-1,2022-04-25,Vignesh Balasubramanian,1,9b846d2c512980734bea0ae8732fffe8118f762716244ddfd4d8bf154b989427,Verified,1,1,1,0,0,0,0,0,Synthetic development/demo dataset
RS-PROP-0372,USR-1048,Kavitha Ganesan,USR-1048,USR-1023,SUR-297/92,1200.0,"Kallakudi, Tiruchirappalli West, Tiruchirappalli",Tiruchirappalli,Tamil Nadu,Land Record,RS-DOC-0372-2,2022-04-25,Vignesh Balasubramanian,1,9cae68ec0599ea76504b528c6b562d267f4b6d0ecfae4cb6cb9afbd5ca656a4d,Verified,1,1,1,0,0,0,0,0,Synthetic development/demo dataset
RS-PROP-0372,USR-1048,Kavitha Ganesan,USR-1048,USR-1023,SUR-297/92,1200.0,"Kallakudi, Tiruchirappalli West, Tiruchirappalli",Tiruchirappalli,Tamil Nadu,Encumbrance Certificate,RS-DOC-0372-3,2022-04-25,Vignesh Balasubramanian,1,2c759311d3c2daa337e1045b020b23a8922abe726423a5049bfcabead9a20fa5,Verified,1,1,1,0,0,0,0,0,Synthetic development/demo dataset
RS-PROP-0373,USR-1050,Revathi Iyer,USR-1050,USR-1025,SUR-926/92,3600.0,"Guduvancheri, Maduranthakam, Chengalpattu",Chengalpattu,Tamil Nadu,Sale Deed,RS-DOC-0373-1,2022-01-16,Priya Rao,2,2030e42ec9f92a5b613989491dc1ec27a1be560a103e75b4945e8d3ad1f81d55,Verified,1,1,1,0,0,0,0,0,Synthetic development/demo dataset
RS-PROP-0373,USR-1050,Revathi Iyer,USR-1050,USR-1025,SUR-926/92,3600.0,"Guduvancheri, Maduranthakam, Chengalpattu",Chengalpattu,Tamil Nadu,Land Record,RS-DOC-0373-2,2022-01-16,Priya Rao,2,cd591ffe17ac2a11fb24bbfc44544f8614c1d41ce37674280cfac827f35381cb,Verified,1,1,1,0,0,0,0,0,Synthetic development/demo dataset
RS-PROP-0373,USR-1050,Revathi Iyer,USR-1050,USR-1025,SUR-926/92,3600.0,"Guduvancheri, Maduranthakam, Chengalpattu",Chengalpattu,Tamil Nadu,Encumbrance Certificate,RS-DOC-0373-3,2022-01-16,Priya Rao,2,e3437fe675ad4373e3e21f5b1e1080901d2a16fae8f2f360f6c951fae8546d37,Verified,1,1,1,0,0,0,0,0,Synthetic development/demo dataset
RS-PROP-0373,USR-1050,Revathi Iyer,USR-1050,USR-1025,SUR-926/92,3600.0,"Guduvancheri, Maduranthakam, Chengalpattu",Chengalpattu,Tamil Nadu,Property Tax Receipt,RS-DOC-0373-4,2022-01-16,Priya Rao,2,bda9f8a053bcc018690607569e8935de1851faa80bc38444b91b41a5d5c98b9a,Verified,1,1,1,0,0,0,0,0,Synthetic development/demo dataset
RS-PROP-0374,USR-1052,Venkatesh Natarajan,USR-1052,USR-1027,SUR-392/3B,3000.0,"Velachery East, Mylapore, Chennai",Chennai,Tamil Nadu,Sale Deed,RS-DOC-0374-1,2019-05-14,Lakshmi Ramesh,3,14edda3922a459c54b5c9d2d25665c553515a4d1f2b301427cf3f178b500fb08,Verified,0,1,1,0,0,0,0,1,Synthetic development/demo dataset
RS-PROP-0374,USR-1052,Venkatesh Natarajan,USR-1052,USR-1027,SUR-392/3B,3000.0,"Velachery East, Mylapore, Chennai",Chennai,Tamil Nadu,Land Record,RS-DOC-0374-2,2019-05-14,Lakshmi Ramesh,3,7b2a0f3ea16cc8bcf2f5c234aeaf37473d1a149e87eaf85cba6d98045ae6f949,Verified,0,1,1,0,0,0,0,1,Synthetic development/demo dataset
RS-PROP-0374,USR-1052,Venkatesh Natarajan,USR-1052,USR-1027,SUR-392/3B,3000.0,"Velachery East, Mylapore, Chennai",Chennai,Tamil Nadu,Encumbrance Certificate,RS-DOC-0374-3,2019-05-14,Lakshmi Ramesh,3,1dac274ebcd1c9696cc8214103a61a9aca002d99034d6ae6b261b970cabaf104,Verified,0,1,1,0,0,0,0,1,Synthetic development/demo dataset
RS-PROP-0374,USR-1052,Venkatesh Natarajan,USR-1052,USR-1027,SUR-392/3B,3000.0,"Velachery East, Mylapore, Chennai",Chennai,Tamil Nadu,Property Tax Receipt,RS-DOC-0374-4,2019-05-14,Lakshmi Ramesh,3,66b9e0ee889c1539714d0fe45ab85c5359db77a41e67f73eab9bb2fc8a0b017d,Verified,0,1,1,0,0,0,0,1,Synthetic development/demo dataset
RS-PROP-0375,USR-1054,Ramesh Ramesh,USR-1054,USR-1029,SUR-700/41,9600.0,"Maraimalai Nagar, Chengalpattu, Chengalpattu",Chengalpattu,Tamil Nadu,Sale Deed,RS-DOC-0375-1,2021-02-09,Suresh Rao,4,63cfa8e107574f27b124b1b26fb304a8ef6ce7e4ff22d8313267ccb3986bfb35,Verified,0,1,1,0,0,0,0,1,Synthetic development/demo dataset
RS-PROP-0375,USR-1054,Ramesh Ramesh,USR-1054,USR-1029,SUR-700/41,9600.0,"Maraimalai Nagar, Chengalpattu, Chengalpattu",Chengalpattu,Tamil Nadu,Land Record,RS-DOC-0375-2,2021-02-09,Suresh Rao,4,d6a8e4f5a0c8cb2c6127136e575c911b22db7059b08ac3db7663c6a8d92836cc,Verified,0,1,1,0,0,0,0,1,Synthetic development/demo dataset
RS-PROP-0375,USR-1054,Ramesh Ramesh,USR-1054,USR-1029,SUR-700/41,9600.0,"Maraimalai Nagar, Chengalpattu, Chengalpattu",Chengalpattu,Tamil Nadu,Encumbrance Certificate,RS-DOC-0375-3,2021-02-09,Suresh Rao,4,d6cec040db860e2162ba6352965c4bbefbee3176e98bb9faf117ce23b79ea6ca,Verified,0,1,1,0,0,0,0,1,Synthetic development/demo dataset
RS-PROP-0376,USR-1056,Ananya Chandran,USR-1056,USR-1031,SUR-681/71,1500.0,"Othakadai, Madurai South, Madurai",Madurai,Tamil Nadu,Sale Deed,RS-DOC-0376-1,2022-04-26,Saravanan Reddy,2,15e44b0f06f1342b7dcea39e7ea5e44e12b8a2de03cd8c7962101665d6ef48a3,Verified,1,1,1,0,0,0,0,0,Synthetic development/demo dataset
RS-PROP-0376,USR-1056,Ananya Chandran,USR-1056,USR-1031,SUR-681/71,1500.0,"Othakadai, Madurai South, Madurai",Madurai,Tamil Nadu,Land Record,RS-DOC-0376-2,2022-04-26,Saravanan Reddy,2,e3d177c89670c763540ab5827a12c9030367b6124702d2bee1eef916fa3e1bf4,Verified,1,1,1,0,0,0,0,0,Synthetic development/demo dataset
RS-PROP-0376,USR-1056,Ananya Chandran,USR-1056,USR-1031,SUR-681/71,1500.0,"Othakadai, Madurai South, Madurai",Madurai,Tamil Nadu,Encumbrance Certificate,RS-DOC-0376-3,2022-04-26,Saravanan Reddy,2,df40a30e616fbbbec0f13ffc5ec1c390d2e27878a99672c9df363d62e1d51a0e,Verified,1,1,1,0,0,0,0,0,Synthetic development/demo dataset
RS-PROP-0377,USR-1058,Siddharth Ramesh,USR-1058,USR-1033,SUR-396/3A,1200.0,"Adambakkam, Velachery, Chennai",Chennai,Tamil Nadu,Sale Deed,RS-DOC-0377-1,2020-10-09,Aravind Reddy,3,e0cbea5a884f7784c88b4956167681b88bf7cac6f6d240fd4caf2918f2cfb2ea,Verified,1,0,1,0,0,0,0,1,Synthetic development/demo dataset
RS-PROP-0377,USR-1058,Siddharth Ramesh,USR-1058,USR-1033,SUR-396/3A,1200.0,"Adambakkam, Velachery, Chennai",Chennai,Tamil Nadu,Land Record,RS-DOC-0377-2,2020-10-09,Aravind Reddy,3,b794049827521089dcbb49121c0b171886a325049be9e389fd1ea5478deef3ae,Verified,1,0,1,0,0,0,0,1,Synthetic development/demo dataset
RS-PROP-0377,USR-1058,Siddharth Ramesh,USR-1058,USR-1033,SUR-396/3A,1200.0,"Adambakkam, Velachery, Chennai",Chennai,Tamil Nadu,Encumbrance Certificate,RS-DOC-0377-3,2020-10-09,Aravind Reddy,3,479adb147907c0b43b5770d9b20ba9d311c2c6e32baba2f8c1a38c57efbc1603,Verified,1,0,1,0,0,0,0,1,Synthetic development/demo dataset
RS-PROP-0378,USR-1001,Poornima Iyer,USR-1001,USR-1035,SUR-750/51,3000.0,"Othakadai, Thirumangalam, Madurai",Madurai,Tamil Nadu,Sale Deed,RS-DOC-0378-1,2023-06-11,Divya Swaminathan,3,e22e74df579115f4ed9a2c01c2c076ca62cfd23fe03574049ee2cb243e823433,Hash Mismatch,1,1,0,0,0,0,0,1,Synthetic development/demo dataset
RS-PROP-0378,USR-1001,Poornima Iyer,USR-1001,USR-1035,SUR-750/51,3000.0,"Othakadai, Thirumangalam, Madurai",Madurai,Tamil Nadu,Land Record,RS-DOC-0378-2,2023-06-11,Divya Swaminathan,3,21f3f80e9eefff640cf222eaa57faedc89a90709ce4212a033b91ac69cd9daf6,Verified,1,1,0,0,0,0,0,1,Synthetic development/demo dataset
RS-PROP-0378,USR-1001,Poornima Iyer,USR-1001,USR-1035,SUR-750/51,3000.0,"Othakadai, Thirumangalam, Madurai",Madurai,Tamil Nadu,Encumbrance Certificate,RS-DOC-0378-3,2023-06-11,Divya Swaminathan,3,530ef71b140afda281b00a34848a95d82b10d99eace41574e50a1235db3ef98f,Verified,1,1,0,0,0,0,0,1,Synthetic development/demo dataset
RS-PROP-0378,USR-1001,Poornima Iyer,USR-1001,USR-1035,SUR-750/51,3000.0,"Othakadai, Thirumangalam, Madurai",Madurai,Tamil Nadu,Property Tax Receipt,RS-DOC-0378-4,2023-06-11,Divya Swaminathan,3,a2277e03cd2084a0cd78cd7a4e1f92adf844281ec8b4147a8c7cc31c55886a0d,Verified,1,1,0,0,0,0,0,1,Synthetic development/demo dataset
RS-PROP-0379,USR-1003,Uma Gopal,USR-1003,USR-1037,SUR-651/11,1500.0,"Koodal Nagar, Madurai North, Madurai",Madurai,Tamil Nadu,Sale Deed,RS-DOC-0379-1,2024-07-27,Dinesh Gopal,1,2e8cc1cc2f20af4db61f137ba41c670e8a887aae10d7ff2f422b4a2ab39f1e47,Verified,1,1,1,0,0,0,1,0,Synthetic development/demo dataset
RS-PROP-0380,USR-1005,Dinesh Iyer,USR-1005,USR-1039,SUR-410/4B,5400.0,"Thoraipakkam, Mylapore, Chennai",Chennai,Tamil Nadu,Sale Deed,RS-DOC-0380-1,2018-05-16,Divya Kumar,5,13255f735e75e0bbc4da6e58e4007fcac611134ce02924c2ba29b246d8847044,Verified,1,1,1,0,0,1,0,0,Synthetic development/demo dataset
RS-PROP-0380,USR-1005,Dinesh Iyer,USR-1005,USR-1039,SUR-410/4B,5400.0,"Thoraipakkam, Mylapore, Chennai",Chennai,Tamil Nadu,Land Record,RS-DOC-0380-2,2018-05-16,Divya Kumar,5,45c08bd9d1f5a29e278b222ea042fe689f3548aebbc095293e7b77a940cb147c,Verified,1,1,1,0,0,1,0,0,Synthetic development/demo dataset
RS-PROP-0380,USR-1005,Dinesh Iyer,USR-1005,USR-1039,SUR-410/4B,5400.0,"Thoraipakkam, Mylapore, Chennai",Chennai,Tamil Nadu,Encumbrance Certificate,RS-DOC-0380-3,2018-05-16,Divya Kumar,5,bedc065ae6525a02a82cb326f2215e86ee2f9fa27bae9b2ccd4cba835a3d81bf,Verified,1,1,1,0,0,1,0,0,Synthetic development/demo dataset
RS-PROP-0380,USR-1005,Dinesh Iyer,USR-1005,USR-1039,SUR-410/4B,5400.0,"Thoraipakkam, Mylapore, Chennai",Chennai,Tamil Nadu,Property Tax Receipt,RS-DOC-0380-4,2018-05-16,Divya Kumar,5,953a7f8d00920f4cd6ccba40e658822a4d9ff92b3f4294553778f137c5b89263,Verified,1,1,1,0,0,1,0,0,Synthetic development/demo dataset
RS-PROP-0381,USR-1008,Sundar Balasubramanian,USR-1008,USR-1041,SUR-968/12,3000.0,"Kattur, Lalgudi, Tiruchirappalli",Tiruchirappalli,Tamil Nadu,Sale Deed,RS-DOC-0381-1,2022-08-01,Poornima Ramesh,4,32f9f0e9fc231707812a5340ca384f26794800f259389cf88172260ec5300a11,Verified,1,1,1,0,0,0,0,0,Synthetic development/demo dataset
RS-PROP-0381,USR-1008,Sundar Balasubramanian,USR-1008,USR-1041,SUR-968/12,3000.0,"Kattur, Lalgudi, Tiruchirappalli",Tiruchirappalli,Tamil Nadu,Land Record,RS-DOC-0381-2,2022-08-01,Poornima Ramesh,4,edcce146b2ca0ce235f5b7be1d0a860a6112dcc291da9eaab2414e0757c5ba7c,Verified,1,1,1,0,0,0,0,0,Synthetic development/demo dataset
RS-PROP-0381,USR-1008,Sundar Balasubramanian,USR-1008,USR-1041,SUR-968/12,3000.0,"Kattur, Lalgudi, Tiruchirappalli",Tiruchirappalli,Tamil Nadu,Encumbrance Certificate,RS-DOC-0381-3,2022-08-01,Poornima Ramesh,4,6229fd10cb98d28de19d73bb1230c7153390513353d6c8e26a41d2e851bfaf90,Verified,1,1,1,0,0,0,0,0,Synthetic development/demo dataset
RS-PROP-0381,USR-1008,Sundar Balasubramanian,USR-1008,USR-1041,SUR-968/12,3000.0,"Kattur, Lalgudi, Tiruchirappalli",Tiruchirappalli,Tamil Nadu,Property Tax Receipt,RS-DOC-0381-4,2022-08-01,Poornima Ramesh,4,b5774c3bd5555a8f50818286737e9cbe4d7d2bddf4fe9a18aa1484cd3d22ad24,Verified,1,1,1,0,0,0,0,0,Synthetic development/demo dataset
RS-PROP-0382,USR-1010,Gayathri Thyagarajan,USR-1010,USR-1043,SUR-148/51,9600.0,"Oragadam, Sriperumbudur, Kanchipuram",Kanchipuram,Tamil Nadu,Sale Deed,RS-DOC-0382-1,2020-01-13,Vijay Rao,1,3c98f89a0b361cbb6c712d6c9cbdee560854750b0ce1cb6bc7b27737fcb232f6,Verified,1,1,1,0,0,0,0,0,Synthetic development/demo dataset
RS-PROP-0382,USR-1010,Gayathri Thyagarajan,USR-1010,USR-1043,SUR-148/51,9600.0,"Oragadam, Sriperumbudur, Kanchipuram",Kanchipuram,Tamil Nadu,Land Record,RS-DOC-0382-2,2020-01-13,Vijay Rao,1,7c3671348394cf5e6b3ea9dee2dc0e7f5488ae1dde82121d465535ec76a7ad27,Verified,1,1,1,0,0,0,0,0,Synthetic development/demo dataset
RS-PROP-0382,USR-1010,Gayathri Thyagarajan,USR-1010,USR-1043,SUR-148/51,9600.0,"Oragadam, Sriperumbudur, Kanchipuram",Kanchipuram,Tamil Nadu,Encumbrance Certificate,RS-DOC-0382-3,2020-01-13,Vijay Rao,1,05f4a8970eb3b95539c68738c1448419cfe5a29b0e7e83046a3410e64387693d,Verified,1,1,1,0,0,0,0,0,Synthetic development/demo dataset
RS-PROP-0383,USR-1012,Swetha Iyer,USR-1012,USR-1045,SUR-164/2A,5400.0,"Padur, Thiruporur, Chengalpattu",Chengalpattu,Tamil Nadu,Sale Deed,RS-DOC-0383-1,2024-01-19,Bhavani Murugan,1,59023bd02a9c6a03db3fbf992d4e22a2423cac618ec8037e1b10cc2f02451326,Verified,1,1,1,0,0,0,0,0,Synthetic development/demo dataset
RS-PROP-0383,USR-1012,Swetha Iyer,USR-1012,USR-1045,SUR-164/2A,5400.0,"Padur, Thiruporur, Chengalpattu",Chengalpattu,Tamil Nadu,Land Record,RS-DOC-0383-2,2024-01-19,Bhavani Murugan,1,16f3bcc7be12bead05441eae6a283077d7f5ece6609bdeb5ee83bfa6bb5d7f9f,Verified,1,1,1,0,0,0,0,0,Synthetic development/demo dataset
RS-PROP-0383,USR-1012,Swetha Iyer,USR-1012,USR-1045,SUR-164/2A,5400.0,"Padur, Thiruporur, Chengalpattu",Chengalpattu,Tamil Nadu,Encumbrance Certificate,RS-DOC-0383-3,2024-01-19,Bhavani Murugan,1,f5bcf7229e08a3f99d723d28bc7d1dd58480852d169722763f30aad7322c16aa,Verified,1,1,1,0,0,0,0,0,Synthetic development/demo dataset
RS-PROP-0384,USR-1014,Swetha Sundaram,USR-1014,USR-1047,SUR-740/82,1500.0,"Koodal Nagar, Melur, Madurai",Madurai,Tamil Nadu,Sale Deed,RS-DOC-0384-1,2018-01-13,Rajesh Sundaram,1,cd70c0a089dd226c44bbfd0fd6b246ab97a17b913bea068980438e174b5bf942,Verified,1,1,1,0,0,0,0,0,Synthetic development/demo dataset
RS-PROP-0384,USR-1014,Swetha Sundaram,USR-1014,USR-1047,SUR-740/82,1500.0,"Koodal Nagar, Melur, Madurai",Madurai,Tamil Nadu,Land Record,RS-DOC-0384-2,2018-01-13,Rajesh Sundaram,1,a74b3f70e206bb860079a321cb5a53d70bf0809d1e57662b5c6d8125c3811e28,Verified,1,1,1,0,0,0,0,0,Synthetic development/demo dataset
RS-PROP-0384,USR-1014,Swetha Sundaram,USR-1014,USR-1047,SUR-740/82,1500.0,"Koodal Nagar, Melur, Madurai",Madurai,Tamil Nadu,Encumbrance Certificate,RS-DOC-0384-3,2018-01-13,Rajesh Sundaram,1,8e0591c59a5c2fe449cf9211f3eb29e07ab93616c5ae6b8727c01bc4f0612b64,Verified,1,1,1,0,0,0,0,0,Synthetic development/demo dataset
RS-PROP-0384,USR-1014,Swetha Sundaram,USR-1014,USR-1047,SUR-740/82,1500.0,"Koodal Nagar, Melur, Madurai",Madurai,Tamil Nadu,Property Tax Receipt,RS-DOC-0384-4,2018-01-13,Rajesh Sundaram,1,008333a095e4b29057bebf4617c6850386d309f7a3e859badf9cfe1af60e427a,Verified,1,1,1,0,0,0,0,0,Synthetic development/demo dataset
RS-PROP-0385,USR-1016,Poornima Sundaram,USR-1016,USR-1049,SUR-672/1C,4800.0,"Madipakkam, Sholinganallur, Chennai",Chennai,Tamil Nadu,Sale Deed,RS-DOC-0385-1,2018-10-25,Madhavan Chandran,1,ad392fabc00c9f6b1b781bff3b0b1891304cb2a7695e83935d3da04a71be858d,Verified,1,1,1,0,0,0,0,0,Synthetic development/demo dataset
RS-PROP-0385,USR-1016,Poornima Sundaram,USR-1016,USR-1049,SUR-672/1C,4800.0,"Madipakkam, Sholinganallur, Chennai",Chennai,Tamil Nadu,Land Record,RS-DOC-0385-2,2018-10-25,Madhavan Chandran,1,e8df2f227a10961d0fdc60cf1398bce13991d103a7553cd58bd2215e546e0138,Verified,1,1,1,0,0,0,0,0,Synthetic development/demo dataset
RS-PROP-0385,USR-1016,Poornima Sundaram,USR-1016,USR-1049,SUR-672/1C,4800.0,"Madipakkam, Sholinganallur, Chennai",Chennai,Tamil Nadu,Encumbrance Certificate,RS-DOC-0385-3,2018-10-25,Madhavan Chandran,1,a7eaf3480ebfed4cffff2d13c4436515fc780c7c759923241499439552e61890,Verified,1,1,1,0,0,0,0,0,Synthetic development/demo dataset
RS-PROP-0386,USR-1018,Ananya Rao,USR-1018,USR-1051,SUR-629/62,2400.0,"Ponmalai, Tiruchirappalli West, Tiruchirappalli",Tiruchirappalli,Tamil Nadu,Sale Deed,RS-DOC-0386-1,2018-01-20,Deepa Srinivasan,2,ba6fed3d9429d3ecbe79a7ba8d63127fd14467cd1c315ef33677b59008945d4d,Verified,1,1,1,0,0,0,0,0,Synthetic development/demo dataset
RS-PROP-0386,USR-1018,Ananya Rao,USR-1018,USR-1051,SUR-629/62,2400.0,"Ponmalai, Tiruchirappalli West, Tiruchirappalli",Tiruchirappalli,Tamil Nadu,Land Record,RS-DOC-0386-2,2018-01-20,Deepa Srinivasan,2,ea3fbd84098087879d244082601ba77868e7a4b8ab72ab197c3a70c41d7fd135,Verified,1,1,1,0,0,0,0,0,Synthetic development/demo dataset
RS-PROP-0386,USR-1018,Ananya Rao,USR-1018,USR-1051,SUR-629/62,2400.0,"Ponmalai, Tiruchirappalli West, Tiruchirappalli",Tiruchirappalli,Tamil Nadu,Encumbrance Certificate,RS-DOC-0386-3,2018-01-20,Deepa Srinivasan,2,213213bd6865224143c5b38bb9b21ad533f3e8de41d75a4916a30d4f5dcb1e9c,Verified,1,1,1,0,0,0,0,0,Synthetic development/demo dataset
RS-PROP-0387,USR-1020,Siddharth Krishnan,USR-1020,USR-1053,SUR-161/3C,4800.0,"Guduvancheri, Chengalpattu, Chengalpattu",Chengalpattu,Tamil Nadu,Sale Deed,RS-DOC-0387-1,2023-06-10,Saravanan Subramanian,3,bb240181dfe10a290ad189f904e930c200dbbec59284f92dfcaa3b17c2050ec1,Verified,1,1,1,0,0,0,0,0,Synthetic development/demo dataset
RS-PROP-0387,USR-1020,Siddharth Krishnan,USR-1020,USR-1053,SUR-161/3C,4800.0,"Guduvancheri, Chengalpattu, Chengalpattu",Chengalpattu,Tamil Nadu,Land Record,RS-DOC-0387-2,2023-06-10,Saravanan Subramanian,3,8288075777ded77085d3d92fa261a6dcbebf5f6e1dfcebb77d38660ff449f0a1,Verified,1,1,1,0,0,0,0,0,Synthetic development/demo dataset
RS-PROP-0387,USR-1020,Siddharth Krishnan,USR-1020,USR-1053,SUR-161/3C,4800.0,"Guduvancheri, Chengalpattu, Chengalpattu",Chengalpattu,Tamil Nadu,Encumbrance Certificate,RS-DOC-0387-3,2023-06-10,Saravanan Subramanian,3,0565a269bd5a33b978b21abda4b405362d9b017e3cb21106e9f41b2bfde20380,Verified,1,1,1,0,0,0,0,0,Synthetic development/demo dataset
RS-PROP-0388,USR-1022,Saravanan Ramesh,USR-1022,USR-1055,SUR-452/4B,2400.0,"Siruseri, Vandalur, Chengalpattu",Chengalpattu,Tamil Nadu,Sale Deed,RS-DOC-0388-1,2020-04-22,Vignesh Swaminathan,3,3ecb54b0b49a2fcefdef8807f7eb63b2001654bd23099f4f95892d332e594961,Verified,1,1,1,0,0,0,0,0,Synthetic development/demo dataset
RS-PROP-0388,USR-1022,Saravanan Ramesh,USR-1022,USR-1055,SUR-452/4B,2400.0,"Siruseri, Vandalur, Chengalpattu",Chengalpattu,Tamil Nadu,Land Record,RS-DOC-0388-2,2020-04-22,Vignesh Swaminathan,3,987ca7409bfe34a94b5087310b5d45b3aa95f8faaf4a21e66f0737d2fb615aaa,Verified,1,1,1,0,0,0,0,0,Synthetic development/demo dataset
RS-PROP-0388,USR-1022,Saravanan Ramesh,USR-1022,USR-1055,SUR-452/4B,2400.0,"Siruseri, Vandalur, Chengalpattu",Chengalpattu,Tamil Nadu,Encumbrance Certificate,RS-DOC-0388-3,2020-04-22,Vignesh Swaminathan,3,34547cb61105d36a0e6095d7e01408762e6394cfc116f9d05a839b83fea71690,Verified,1,1,1,0,0,0,0,0,Synthetic development/demo dataset
RS-PROP-0388,USR-1022,Saravanan Ramesh,USR-1022,USR-1055,SUR-452/4B,2400.0,"Siruseri, Vandalur, Chengalpattu",Chengalpattu,Tamil Nadu,Property Tax Receipt,RS-DOC-0388-4,2020-04-22,Vignesh Swaminathan,3,b643a66ccc1690161684c4f594806167bcc053b551a2f54e1c76c34647017b3b,Verified,1,1,1,0,0,0,0,0,Synthetic development/demo dataset
RS-PROP-0389,USR-1024,Bhavani Krishnan,USR-1024,USR-1057,SUR-607/4A,2400.0,"Madipakkam, Velachery, Chennai",Chennai,Tamil Nadu,Sale Deed,RS-DOC-0389-1,2019-08-20,Divya Chandran,3,a32044ea24bdeea174a6c0589242af8b05c6b366f9586dae99127748b986b145,Verified,1,1,1,0,0,0,0,0,Synthetic development/demo dataset
RS-PROP-0389,USR-1024,Bhavani Krishnan,USR-1024,USR-1057,SUR-607/4A,2400.0,"Madipakkam, Velachery, Chennai",Chennai,Tamil Nadu,Land Record,RS-DOC-0389-2,2019-08-20,Divya Chandran,3,1b84789f286e97d00cfb12a291f7298026b257868f3a21158248b579640bd6f5,Verified,1,1,1,0,0,0,0,0,Synthetic development/demo dataset
RS-PROP-0389,USR-1024,Bhavani Krishnan,USR-1024,USR-1057,SUR-607/4A,2400.0,"Madipakkam, Velachery, Chennai",Chennai,Tamil Nadu,Encumbrance Certificate,RS-DOC-0389-3,2019-08-20,Divya Chandran,3,40a358a057af308b75901ea99fec249737afd658199427779ecc48a8a73d2c57,Verified,1,1,1,0,0,0,0,0,Synthetic development/demo dataset
RS-PROP-0390,USR-1026,Arun Reddy,USR-1026,USR-1059,SUR-130/9A,1800.0,"Pallavaram, Tambaram, Chennai",Chennai,Tamil Nadu,Sale Deed,RS-DOC-0390-1,2021-04-21,Nandhini Ramesh,2,2e33c9261b6284123f9b4de847c649b229a91102267901653ff69eb3ae9c5a20,Verified,1,1,0,0,0,0,0,0,Synthetic development/demo dataset
RS-PROP-0390,USR-1026,Arun Reddy,USR-1026,USR-1059,SUR-130/9A,1800.0,"Pallavaram, Tambaram, Chennai",Chennai,Tamil Nadu,Land Record,RS-DOC-0390-2,2021-04-21,Nandhini Ramesh,2,a6426df56ec792dddbc989f1a5c948c393b70b479a79e182e48bf361351ef1ef,Verified,1,1,0,0,0,0,0,0,Synthetic development/demo dataset
RS-PROP-0390,USR-1026,Arun Reddy,USR-1026,USR-1059,SUR-130/9A,1800.0,"Pallavaram, Tambaram, Chennai",Chennai,Tamil Nadu,Encumbrance Certificate,RS-DOC-0390-3,2021-04-21,Nandhini Ramesh,2,51aae431417574d736774c5fc682f2471339ce5586a72ce83511615f41a2ea08,Verified,1,1,0,0,0,0,0,0,Synthetic development/demo dataset
RS-PROP-0390,USR-1026,Arun Reddy,USR-1026,USR-1059,SUR-130/9A,1800.0,"Pallavaram, Tambaram, Chennai",Chennai,Tamil Nadu,Property Tax Receipt,RS-DOC-0390-4,2021-04-21,Nandhini Ramesh,2,482e56cecb02f2a762a372396da008e0a4afd52a7252b1b0786aa852686beb38,Verified,1,1,0,0,0,0,0,0,Synthetic development/demo dataset
RS-PROP-0391,USR-1028,Balaji Murugan,USR-1028,USR-1002,SUR-240/7A,3600.0,"Thoraipakkam, Tambaram, Chennai",Chennai,Tamil Nadu,Sale Deed,RS-DOC-0391-1,2020-08-08,Nandhini Reddy,4,214e77bf6a5066965baef2001b3c64f33bbe7a074071139fc804696dfc00a58d,Verified,1,1,1,0,0,0,0,0,Synthetic development/demo dataset
RS-PROP-0391,USR-1028,Balaji Murugan,USR-1028,USR-1002,SUR-240/7A,3600.0,"Thoraipakkam, Tambaram, Chennai",Chennai,Tamil Nadu,Land Record,RS-DOC-0391-2,2020-08-08,Nandhini Reddy,4,7109fff406b9d19f1f11eeb5c941d3165e690eb5a78c1fcc2a730556bf0926b7,Verified,1,1,1,0,0,0,0,0,Synthetic development/demo dataset
RS-PROP-0391,USR-1028,Balaji Murugan,USR-1028,USR-1002,SUR-240/7A,3600.0,"Thoraipakkam, Tambaram, Chennai",Chennai,Tamil Nadu,Encumbrance Certificate,RS-DOC-0391-3,2020-08-08,Nandhini Reddy,4,50803c260a946b932e2a717e36437d465a235f2db3781320dec4037e77631ee9,Verified,1,1,1,0,0,0,0,0,Synthetic development/demo dataset
RS-PROP-0391,USR-1028,Balaji Murugan,USR-1028,USR-1002,SUR-240/7A,3600.0,"Thoraipakkam, Tambaram, Chennai",Chennai,Tamil Nadu,Property Tax Receipt,RS-DOC-0391-4,2020-08-08,Nandhini Reddy,4,9e6cd21e73012e6e6146370fcf59608905bb6a8586b1071470c8084b56c58fed,Verified,1,1,1,0,0,0,0,0,Synthetic development/demo dataset
RS-PROP-0392,USR-1030,Meenakshi Iyer,USR-1030,USR-1004,SUR-425/7B,1200.0,"Padur, Maduranthakam, Chengalpattu",Chengalpattu,Tamil Nadu,Sale Deed,RS-DOC-0392-1,2022-04-28,Manoj Subramanian,3,e7c96a9a02f11563ad90fdada082275f4a1112cdd6c09256ed5883dc425ac84c,Verified,1,1,1,0,0,1,0,0,Synthetic development/demo dataset
RS-PROP-0392,USR-1030,Meenakshi Iyer,USR-1030,USR-1004,SUR-425/7B,1200.0,"Padur, Maduranthakam, Chengalpattu",Chengalpattu,Tamil Nadu,Land Record,RS-DOC-0392-2,2022-04-28,Manoj Subramanian,3,7f38c5ffa0bb4e80756b585c001da561a173db8321b4db5523c8e163b8a5066e,Verified,1,1,1,0,0,1,0,0,Synthetic development/demo dataset
RS-PROP-0392,USR-1030,Meenakshi Iyer,USR-1030,USR-1004,SUR-425/7B,1200.0,"Padur, Maduranthakam, Chengalpattu",Chengalpattu,Tamil Nadu,Encumbrance Certificate,RS-DOC-0392-3,2022-04-28,Manoj Subramanian,3,aa53430f065e99d642a02bf488b69e0c745ce4ff798da97ead2995ae5e9961a6,Verified,1,1,1,0,0,1,0,0,Synthetic development/demo dataset
RS-PROP-0393,USR-1032,Lakshmi Balasubramanian,USR-1032,USR-1006,SUR-631/8B,3600.0,"Kovaipudur, Pollachi, Coimbatore",Coimbatore,Tamil Nadu,Sale Deed,RS-DOC-0393-1,2020-09-23,Vignesh Thyagarajan,3,7617d23a03da591700ac6a44c7bd75ccc39b2c991882a237eaea96f09471722e,Verified,1,1,1,0,0,0,0,0,Synthetic development/demo dataset
RS-PROP-0393,USR-1032,Lakshmi Balasubramanian,USR-1032,USR-1006,SUR-631/8B,3600.0,"Kovaipudur, Pollachi, Coimbatore",Coimbatore,Tamil Nadu,Land Record,RS-DOC-0393-2,2020-09-23,Vignesh Thyagarajan,3,eb758289158772f66aa464002f8d54e9d9d3eeda113c31b679ed736d4d730358,Verified,1,1,1,0,0,0,0,0,Synthetic development/demo dataset
RS-PROP-0393,USR-1032,Lakshmi Balasubramanian,USR-1032,USR-1006,SUR-631/8B,3600.0,"Kovaipudur, Pollachi, Coimbatore",Coimbatore,Tamil Nadu,Encumbrance Certificate,RS-DOC-0393-3,2020-09-23,Vignesh Thyagarajan,3,1cbfc089f1a5ebf7a3a575ff4d0f9a38f16c8aeec571318e3c8cb2572c463dc0,Verified,1,1,1,0,0,0,0,0,Synthetic development/demo dataset
RS-PROP-0393,USR-1032,Lakshmi Balasubramanian,USR-1032,USR-1006,SUR-631/8B,3600.0,"Kovaipudur, Pollachi, Coimbatore",Coimbatore,Tamil Nadu,Property Tax Receipt,RS-DOC-0393-4,2020-09-23,Vignesh Thyagarajan,3,f821d1904e3308c9b64533249f20816735ea2190cc3999da61ecd0c41298cfd0,Verified,1,1,1,0,0,0,0,0,Synthetic development/demo dataset
RS-PROP-0394,USR-1034,Vijay Swaminathan,USR-1034,USR-1007,SUR-413/71,1800.0,"Kelambakkam, Maduranthakam, Chengalpattu",Chengalpattu,Tamil Nadu,Sale Deed,RS-DOC-0394-1,2020-09-03,Meenakshi Sundaram,4,f38cceb216087fc2a147acc139932d7211899368df5ec6f38f6c6402f97ef0d5,Verified,1,1,1,0,0,0,0,0,Synthetic development/demo dataset
RS-PROP-0394,USR-1034,Vijay Swaminathan,USR-1034,USR-1007,SUR-413/71,1800.0,"Kelambakkam, Maduranthakam, Chengalpattu",Chengalpattu,Tamil Nadu,Land Record,RS-DOC-0394-2,2020-09-03,Meenakshi Sundaram,4,6442f21e0585c7129c9fbf3a590c6bbd71645065ee340fe8c6e836f33fd66497,Verified,1,1,1,0,0,0,0,0,Synthetic development/demo dataset
RS-PROP-0394,USR-1034,Vijay Swaminathan,USR-1034,USR-1007,SUR-413/71,1800.0,"Kelambakkam, Maduranthakam, Chengalpattu",Chengalpattu,Tamil Nadu,Encumbrance Certificate,RS-DOC-0394-3,2020-09-03,Meenakshi Sundaram,4,22afddfa172c063f3343120c0230a2a436c49cef5fca8399d372a2ffa7e22d83,Verified,1,1,1,0,0,0,0,0,Synthetic development/demo dataset
RS-PROP-0394,USR-1034,Vijay Swaminathan,USR-1034,USR-1007,SUR-413/71,1800.0,"Kelambakkam, Maduranthakam, Chengalpattu",Chengalpattu,Tamil Nadu,Property Tax Receipt,RS-DOC-0394-4,2020-09-03,Meenakshi Sundaram,4,44b413a75f837e3fe228d4704ef513cb6225babbd75dee39952fb7d7a2cacf03,Verified,1,1,1,0,0,0,0,0,Synthetic development/demo dataset
RS-PROP-0395,USR-1036,Bhavani Vaidyanathan,USR-1036,USR-1009,SUR-518/61,3600.0,"Kovaipudur, Sulur, Coimbatore",Coimbatore,Tamil Nadu,Sale Deed,RS-DOC-0395-1,2021-01-06,Siddharth Chandran,1,9e1a2d05cf925ec02c59801c9f19e3f40a6229be8b0fcbc3f23daf3982f7f9bb,Verified,1,1,1,0,0,0,0,0,Synthetic development/demo dataset
RS-PROP-0395,USR-1036,Bhavani Vaidyanathan,USR-1036,USR-1009,SUR-518/61,3600.0,"Kovaipudur, Sulur, Coimbatore",Coimbatore,Tamil Nadu,Land Record,RS-DOC-0395-2,2021-01-06,Siddharth Chandran,1,0387f8a73a2e68d93ae65b05d68d1060e1b606643db6a48326506687a174092f,Verified,1,1,1,0,0,0,0,0,Synthetic development/demo dataset
RS-PROP-0395,USR-1036,Bhavani Vaidyanathan,USR-1036,USR-1009,SUR-518/61,3600.0,"Kovaipudur, Sulur, Coimbatore",Coimbatore,Tamil Nadu,Encumbrance Certificate,RS-DOC-0395-3,2021-01-06,Siddharth Chandran,1,70d6e2cadfce8886cf3511dcb2eb824144cc41cea5d55d866462c311d70c6432,Verified,1,1,1,0,0,0,0,0,Synthetic development/demo dataset
RS-PROP-0396,USR-1038,Venkatesh Murugan,USR-1038,USR-1011,SUR-173/6A,9600.0,"Guduvancheri, Vandalur, Chengalpattu",Chengalpattu,Tamil Nadu,Sale Deed,RS-DOC-0396-1,2020-04-22,Bhavani Murugan,3,ee0d254d31e6dfb5bdd286477198f2587c7d5ee02aefc186272d327ee9c8c6c8,Verified,1,1,0,0,0,0,0,0,Synthetic development/demo dataset
RS-PROP-0396,USR-1038,Venkatesh Murugan,USR-1038,USR-1011,SUR-173/6A,9600.0,"Guduvancheri, Vandalur, Chengalpattu",Chengalpattu,Tamil Nadu,Land Record,RS-DOC-0396-2,2020-04-22,Bhavani Murugan,3,ff7797c2be2e57ccd9a15afb26844500e8d55df0d1ab1e520d2f5c0055836589,Verified,1,1,0,0,0,0,0,0,Synthetic development/demo dataset
RS-PROP-0396,USR-1038,Venkatesh Murugan,USR-1038,USR-1011,SUR-173/6A,9600.0,"Guduvancheri, Vandalur, Chengalpattu",Chengalpattu,Tamil Nadu,Encumbrance Certificate,RS-DOC-0396-3,2020-04-22,Bhavani Murugan,3,f2199991ee231546aba2c337056abc949323b3125f1859e8fac66c7c18061fd6,Verified,1,1,0,0,0,0,0,0,Synthetic development/demo dataset
RS-PROP-0397,USR-1040,Manoj Reddy,USR-1040,USR-1013,SUR-875/11,9600.0,"Singanallur, Sulur, Coimbatore",Coimbatore,Tamil Nadu,Sale Deed,RS-DOC-0397-1,2024-07-08,Sundar Iyer,2,cbb2e901209bd4bb5bb5ee91519a9c24914ce5d240d52647befbdb7c2fbea931,Verified,1,1,1,0,0,0,0,0,Synthetic development/demo dataset
RS-PROP-0397,USR-1040,Manoj Reddy,USR-1040,USR-1013,SUR-875/11,9600.0,"Singanallur, Sulur, Coimbatore",Coimbatore,Tamil Nadu,Land Record,RS-DOC-0397-2,2024-07-08,Sundar Iyer,2,390cb51cb997d0e8b18ae628eda66328dc9bf565537cdcdb045b1ca435735339,Verified,1,1,1,0,0,0,0,0,Synthetic development/demo dataset
RS-PROP-0397,USR-1040,Manoj Reddy,USR-1040,USR-1013,SUR-875/11,9600.0,"Singanallur, Sulur, Coimbatore",Coimbatore,Tamil Nadu,Encumbrance Certificate,RS-DOC-0397-3,2024-07-08,Sundar Iyer,2,f156f909a41da96ec48c598ece49de2c780f8c49738c19eb86848693a46f4758,Verified,1,1,1,0,0,0,0,0,Synthetic development/demo dataset
RS-PROP-0397,USR-1040,Manoj Reddy,USR-1040,USR-1013,SUR-875/11,9600.0,"Singanallur, Sulur, Coimbatore",Coimbatore,Tamil Nadu,Property Tax Receipt,RS-DOC-0397-4,2024-07-08,Sundar Iyer,2,646010571e6845aaced5b6fb834b1824acff4b829fba6da9e1584dbb7a9165db,Verified,1,1,1,0,0,0,0,0,Synthetic development/demo dataset
RS-PROP-0398,USR-1042,Venkatesh Rao,USR-1042,USR-1015,SUR-314/81,9600.0,"Siruseri, Maduranthakam, Chengalpattu",Chengalpattu,Tamil Nadu,Sale Deed,RS-DOC-0398-1,2020-03-19,Meenakshi Pillai,4,0f906423003904d1949dd72ddf2731719ab45673b89cae9da024b2b15c9b6278,Verified,1,1,1,0,0,0,0,0,Synthetic development/demo dataset
RS-PROP-0398,USR-1042,Venkatesh Rao,USR-1042,USR-1015,SUR-314/81,9600.0,"Siruseri, Maduranthakam, Chengalpattu",Chengalpattu,Tamil Nadu,Land Record,RS-DOC-0398-2,2020-03-19,Meenakshi Pillai,4,13f45071d0516dc7338ce996cc70a40fc2e89e2895a9ff021f1dd04af58c1914,Verified,1,1,1,0,0,0,0,0,Synthetic development/demo dataset
RS-PROP-0398,USR-1042,Venkatesh Rao,USR-1042,USR-1015,SUR-314/81,9600.0,"Siruseri, Maduranthakam, Chengalpattu",Chengalpattu,Tamil Nadu,Encumbrance Certificate,RS-DOC-0398-3,2020-03-19,Meenakshi Pillai,4,a7f9283c9b3e83b0041d51242ce24584280012653081616ff91f8441a59050ef,Verified,1,1,1,0,0,0,0,0,Synthetic development/demo dataset
RS-PROP-0398,USR-1042,Venkatesh Rao,USR-1042,USR-1015,SUR-314/81,9600.0,"Siruseri, Maduranthakam, Chengalpattu",Chengalpattu,Tamil Nadu,Property Tax Receipt,RS-DOC-0398-4,2020-03-19,Meenakshi Pillai,4,8930313dc0a0e648e69e5744eba7e9585c3a2919c93c65ba78d8ba92b8f69da0,Verified,1,1,1,0,0,0,0,0,Synthetic development/demo dataset
RS-PROP-0399,USR-1044,Poornima Gopal,USR-1044,USR-1017,SUR-701/12,1200.0,"Srirangam Central, Lalgudi, Tiruchirappalli",Tiruchirappalli,Tamil Nadu,Sale Deed,RS-DOC-0399-1,2019-06-19,Harini Gopal,4,2a5e170cb29f7e2a4085ea5bf4ff7cb17dcebec25ad4ac9307dc0f0822cabe33,Verified,0,0,1,0,0,0,0,1,Synthetic development/demo dataset
RS-PROP-0399,USR-1044,Poornima Gopal,USR-1044,USR-1017,SUR-701/12,1200.0,"Srirangam Central, Lalgudi, Tiruchirappalli",Tiruchirappalli,Tamil Nadu,Land Record,RS-DOC-0399-2,2019-06-19,Harini Gopal,4,23c75a44f1d588318f642c6274e716a3f3deff2cc4b313500201fefc5711edb4,Verified,0,0,1,0,0,0,0,1,Synthetic development/demo dataset
RS-PROP-0399,USR-1044,Poornima Gopal,USR-1044,USR-1017,SUR-701/12,1200.0,"Srirangam Central, Lalgudi, Tiruchirappalli",Tiruchirappalli,Tamil Nadu,Encumbrance Certificate,RS-DOC-0399-3,2019-06-19,Harini Gopal,4,24f21b203ccc2d9e25d4e4b3390e4c64993d995d98721f5c4a15d95de3279a7c,Verified,0,0,1,0,0,0,0,1,Synthetic development/demo dataset
RS-PROP-0400,USR-1046,Venkatesh Krishnan,USR-1046,USR-1019,SUR-281/12,5400.0,"Adambakkam, Sholinganallur, Chennai",Chennai,Tamil Nadu,Sale Deed,RS-DOC-0400-1,2019-04-03,Aravind Pillai,2,b847e2b7c17d645e606af716ebe67c6b199a0ff42977e3a93d20af3665ced390,Verified,1,0,1,1,0,0,0,1,Synthetic development/demo dataset
RS-PROP-0400,USR-1046,Venkatesh Krishnan,USR-1046,USR-1019,SUR-281/12,5400.0,"Adambakkam, Sholinganallur, Chennai",Chennai,Tamil Nadu,Land Record,RS-DOC-0400-2,2019-04-03,Aravind Pillai,2,adaeb3b248289e795d71be050ed22ebb22c13d7fd04d30804b555244a3b7faaf,Verified,1,0,1,1,0,0,0,1,Synthetic development/demo dataset
RS-PROP-0400,USR-1046,Venkatesh Krishnan,USR-1046,USR-1019,SUR-281/12,5400.0,"Adambakkam, Sholinganallur, Chennai",Chennai,Tamil Nadu,Encumbrance Certificate,RS-DOC-0400-3,2019-04-03,Aravind Pillai,2,7596e6a901789173c3ed344180b5b8615e37d057dd2eb239aaf0e44f40f09c99,Verified,1,0,1,1,0,0,0,1,Synthetic development/demo dataset
RS-PROP-0400,USR-1046,Venkatesh Krishnan,USR-1046,USR-1019,SUR-281/12,5400.0,"Adambakkam, Sholinganallur, Chennai",Chennai,Tamil Nadu,Property Tax Receipt,RS-DOC-0400-4,2019-04-03,Aravind Pillai,2,309c37d9bdb30358ee943fbeb424992287d1ec2cfbdd210121490bcc586d7dab,Verified,1,0,1,1,0,0,0,1,Synthetic development/demo dataset
RS-PROP-0401,USR-1048,Ramesh Subramanian,USR-1048,USR-1021,SUR-860/21,2400.0,"Thiruparankundram, Melur, Madurai",Madurai,Tamil Nadu,Sale Deed,RS-DOC-0401-1,2024-04-10,Poornima Thyagarajan,3,cbb711eef0c313519065de0343312fcd2969b0bc6ccc4a021421016507762732,Verified,1,1,1,0,0,0,0,0,Synthetic development/demo dataset
RS-PROP-0401,USR-1048,Ramesh Subramanian,USR-1048,USR-1021,SUR-860/21,2400.0,"Thiruparankundram, Melur, Madurai",Madurai,Tamil Nadu,Land Record,RS-DOC-0401-2,2024-04-10,Poornima Thyagarajan,3,f09a2a2c0979fb17727e04e422a641f3da094d27239d7102f4dbc729dd2b1bc3,Verified,1,1,1,0,0,0,0,0,Synthetic development/demo dataset
RS-PROP-0401,USR-1048,Ramesh Subramanian,USR-1048,USR-1021,SUR-860/21,2400.0,"Thiruparankundram, Melur, Madurai",Madurai,Tamil Nadu,Encumbrance Certificate,RS-DOC-0401-3,2024-04-10,Poornima Thyagarajan,3,c8001c5c5e6c20caa3f437aae97edb4d1ef6295bc86cfdd18ccaf8e4d9aa6c84,Verified,1,1,1,0,0,0,0,0,Synthetic development/demo dataset
RS-PROP-0402,USR-1050,Vijay Kumar,USR-1050,USR-1023,SUR-944/72,2400.0,"Guduvancheri, Maduranthakam, Chengalpattu",Chengalpattu,Tamil Nadu,Sale Deed,RS-DOC-0402-1,2020-10-16,Gayathri Swaminathan,1,e28dbb3a2f65ee4e08251ffcdf36240b8de56db947bbc858ed2aee0e8f419074,Verified,1,1,1,0,0,0,0,0,Synthetic development/demo dataset
RS-PROP-0402,USR-1050,Vijay Kumar,USR-1050,USR-1023,SUR-944/72,2400.0,"Guduvancheri, Maduranthakam, Chengalpattu",Chengalpattu,Tamil Nadu,Land Record,RS-DOC-0402-2,2020-10-16,Gayathri Swaminathan,1,06cbfee6fdd75988df090009d4898173939597eae12cc7dc7030b70eb555b836,Verified,1,1,1,0,0,0,0,0,Synthetic development/demo dataset
RS-PROP-0402,USR-1050,Vijay Kumar,USR-1050,USR-1023,SUR-944/72,2400.0,"Guduvancheri, Maduranthakam, Chengalpattu",Chengalpattu,Tamil Nadu,Encumbrance Certificate,RS-DOC-0402-3,2020-10-16,Gayathri Swaminathan,1,dddda97f052971d991fc13d83072348280e738715be4f092411a36e05125c6ef,Verified,1,1,1,0,0,0,0,0,Synthetic development/demo dataset
RS-PROP-0403,USR-1052,Gayathri Reddy,USR-1052,USR-1025,SUR-727/31,2400.0,"Ponmalai, Lalgudi, Tiruchirappalli",Tiruchirappalli,Tamil Nadu,Sale Deed,RS-DOC-0403-1,2022-12-14,Gayathri Gopal,1,1b165047c8c63e6375e8f521cd80fb6d4e6e96b489a11477dcf4ccd0284e907c,Verified,1,1,1,0,0,0,0,0,Synthetic development/demo dataset
RS-PROP-0403,USR-1052,Gayathri Reddy,USR-1052,USR-1025,SUR-727/31,2400.0,"Ponmalai, Lalgudi, Tiruchirappalli",Tiruchirappalli,Tamil Nadu,Land Record,RS-DOC-0403-2,2022-12-14,Gayathri Gopal,1,2f4ede600532f9f8a8a50694ee34e2d8243bd74b92e6b5ccff5f9665f7b493c8,Verified,1,1,1,0,0,0,0,0,Synthetic development/demo dataset
RS-PROP-0403,USR-1052,Gayathri Reddy,USR-1052,USR-1025,SUR-727/31,2400.0,"Ponmalai, Lalgudi, Tiruchirappalli",Tiruchirappalli,Tamil Nadu,Encumbrance Certificate,RS-DOC-0403-3,2022-12-14,Gayathri Gopal,1,b78a6faa6b287a0e67b8f822467a746c75169a67672bdbbd4338cda03367f071,Verified,1,1,1,0,0,0,0,0,Synthetic development/demo dataset
RS-PROP-0404,USR-1054,Lakshmi Murugan,USR-1054,USR-1027,SUR-814/41,4800.0,"Kallakudi, Lalgudi, Tiruchirappalli",Tiruchirappalli,Tamil Nadu,Sale Deed,RS-DOC-0404-1,2018-06-03,Ananya Balasubramanian,4,87449771231dcfc11eb604a6f73cf05e71668635f60d48455649602cb1134a81,Verified,1,1,1,0,0,0,0,0,Synthetic development/demo dataset
RS-PROP-0404,USR-1054,Lakshmi Murugan,USR-1054,USR-1027,SUR-814/41,4800.0,"Kallakudi, Lalgudi, Tiruchirappalli",Tiruchirappalli,Tamil Nadu,Land Record,RS-DOC-0404-2,2018-06-03,Ananya Balasubramanian,4,3ed34036b20c77725fb723c84d47b88a3f1cf709d26614c971ea4aef37275eec,Verified,1,1,1,0,0,0,0,0,Synthetic development/demo dataset
RS-PROP-0404,USR-1054,Lakshmi Murugan,USR-1054,USR-1027,SUR-814/41,4800.0,"Kallakudi, Lalgudi, Tiruchirappalli",Tiruchirappalli,Tamil Nadu,Encumbrance Certificate,RS-DOC-0404-3,2018-06-03,Ananya Balasubramanian,4,4aefa904821a2ddce85e1a6415b3e44aead18a92fa9bd4e41dbb00f3588a266c,Verified,1,1,1,0,0,0,0,0,Synthetic development/demo dataset
RS-PROP-0405,USR-1056,Gayathri Kumar,USR-1056,USR-1029,SUR-791/81,3600.0,"Thoraipakkam, Sholinganallur, Chennai",Chennai,Tamil Nadu,Sale Deed,RS-DOC-0405-1,2021-04-13,Karthik Kumar,1,e4dc1d66ebae20a4517e95d3fbe43920a5136c538307ef84a294c96fdec05f61,Verified,1,1,1,0,0,0,0,0,Synthetic development/demo dataset
RS-PROP-0405,USR-1056,Gayathri Kumar,USR-1056,USR-1029,SUR-791/81,3600.0,"Thoraipakkam, Sholinganallur, Chennai",Chennai,Tamil Nadu,Land Record,RS-DOC-0405-2,2021-04-13,Karthik Kumar,1,23374a84dccc8720ac9ae0fe27d3a5704873eeb843451765e7e8d315243bf23f,Verified,1,1,1,0,0,0,0,0,Synthetic development/demo dataset
RS-PROP-0405,USR-1056,Gayathri Kumar,USR-1056,USR-1029,SUR-791/81,3600.0,"Thoraipakkam, Sholinganallur, Chennai",Chennai,Tamil Nadu,Encumbrance Certificate,RS-DOC-0405-3,2021-04-13,Karthik Kumar,1,dc27dd0d4e8289f008908d3a7750d55572ec1ab0744b3687aa5660b249b4461d,Verified,1,1,1,0,0,0,0,0,Synthetic development/demo dataset
RS-PROP-0406,USR-1058,Gayathri Thyagarajan,USR-1058,USR-1031,SUR-661/41,1800.0,"Saravanampatti, Coimbatore South, Coimbatore",Coimbatore,Tamil Nadu,Sale Deed,RS-DOC-0406-1,2024-05-27,Lakshmi Krishnan,1,1397c67853c9b7ae1d43ade6e09d446bbb14cd1f924c1081f1a97075ac30d2b0,Verified,1,0,1,1,0,0,0,1,Synthetic development/demo dataset
RS-PROP-0406,USR-1058,Gayathri Thyagarajan,USR-1058,USR-1031,SUR-661/41,1800.0,"Saravanampatti, Coimbatore South, Coimbatore",Coimbatore,Tamil Nadu,Land Record,RS-DOC-0406-2,2024-05-27,Lakshmi Krishnan,1,55c786b5e398b62c89df87ddc16312808624877a01b0e653e4d900cd0e752fa3,Verified,1,0,1,1,0,0,0,1,Synthetic development/demo dataset
RS-PROP-0406,USR-1058,Gayathri Thyagarajan,USR-1058,USR-1031,SUR-661/41,1800.0,"Saravanampatti, Coimbatore South, Coimbatore",Coimbatore,Tamil Nadu,Encumbrance Certificate,RS-DOC-0406-3,2024-05-27,Lakshmi Krishnan,1,668902290d2b37931ce0d5ed0527e6b9beaba5b8bda37399078e86c533706665,Verified,1,0,1,1,0,0,0,1,Synthetic development/demo dataset
RS-PROP-0406,USR-1058,Gayathri Thyagarajan,USR-1058,USR-1031,SUR-661/41,1800.0,"Saravanampatti, Coimbatore South, Coimbatore",Coimbatore,Tamil Nadu,Property Tax Receipt,RS-DOC-0406-4,2024-05-27,Lakshmi Krishnan,1,4a09ada1cb53c0b459b2a1753eec89bb8fb4a52cedb9bdc63aa0f5f5be46866f,Verified,1,0,1,1,0,0,0,1,Synthetic development/demo dataset
RS-PROP-0407,USR-1001,Siddharth Reddy,USR-1001,USR-1033,SUR-791/9B,5400.0,"Guduvancheri, Chengalpattu, Chengalpattu",Chengalpattu,Tamil Nadu,Sale Deed,RS-DOC-0407-1,2018-11-26,Ananya Gopal,4,4c40726ebaae3a2ff52f46be333ed87e6c7f70ccf18d55fa6159711c0f91f071,Verified,0,1,1,0,0,1,0,1,Synthetic development/demo dataset
RS-PROP-0407,USR-1001,Siddharth Reddy,USR-1001,USR-1033,SUR-791/9B,5400.0,"Guduvancheri, Chengalpattu, Chengalpattu",Chengalpattu,Tamil Nadu,Land Record,RS-DOC-0407-2,2018-11-26,Ananya Gopal,4,23174180e87d5d24a26b7c78f363d5f172bd69a83d97b757c58b21ed2d19dd40,Verified,0,1,1,0,0,1,0,1,Synthetic development/demo dataset
RS-PROP-0407,USR-1001,Siddharth Reddy,USR-1001,USR-1033,SUR-791/9B,5400.0,"Guduvancheri, Chengalpattu, Chengalpattu",Chengalpattu,Tamil Nadu,Encumbrance Certificate,RS-DOC-0407-3,2018-11-26,Ananya Gopal,4,ed63f7d2f16ef5c5e2f72afa82930b6dc3d0ff32e2dba108f4890e5a90405858,Verified,0,1,1,0,0,1,0,1,Synthetic development/demo dataset
RS-PROP-0407,USR-1001,Siddharth Reddy,USR-1001,USR-1033,SUR-791/9B,5400.0,"Guduvancheri, Chengalpattu, Chengalpattu",Chengalpattu,Tamil Nadu,Property Tax Receipt,RS-DOC-0407-4,2018-11-26,Ananya Gopal,4,16c677d3717ed8f818d16b69763a90cb4ee4a186673e6ea988c2f96c4b418d47,Verified,0,1,1,0,0,1,0,1,Synthetic development/demo dataset
RS-PROP-0408,USR-1003,Priya Kumar,USR-1003,USR-1035,SUR-325/2B,1800.0,"Irungattukottai, Kanchipuram, Kanchipuram",Kanchipuram,Tamil Nadu,Sale Deed,RS-DOC-0408-1,2021-09-04,Rajesh Rao,2,03f15966991b73485b5c7184b59fd14fff06d02ca2d8f09c396a1a6514cbb30b,Verified,1,1,1,0,0,0,0,0,Synthetic development/demo dataset
RS-PROP-0408,USR-1003,Priya Kumar,USR-1003,USR-1035,SUR-325/2B,1800.0,"Irungattukottai, Kanchipuram, Kanchipuram",Kanchipuram,Tamil Nadu,Land Record,RS-DOC-0408-2,2021-09-04,Rajesh Rao,2,0e1d40cd1ef1f170d6542d773372f4765b283a3979855d52f2a975d0e4030ba3,Verified,1,1,1,0,0,0,0,0,Synthetic development/demo dataset
RS-PROP-0408,USR-1003,Priya Kumar,USR-1003,USR-1035,SUR-325/2B,1800.0,"Irungattukottai, Kanchipuram, Kanchipuram",Kanchipuram,Tamil Nadu,Encumbrance Certificate,RS-DOC-0408-3,2021-09-04,Rajesh Rao,2,519d5a549d8680c3ba0c5576308174cbfdc484cfd6a6913b8eeb9c9d5784e546,Verified,1,1,1,0,0,0,0,0,Synthetic development/demo dataset
RS-PROP-0409,USR-1005,Ramesh Chandran,USR-1005,USR-1037,SUR-431/3A,4800.0,"Padur, Vandalur, Chengalpattu",Chengalpattu,Tamil Nadu,Sale Deed,RS-DOC-0409-1,2020-01-13,Divya Swaminathan,1,1b92658c94b77f157bc1389889721fb48a6db302edb853f41c082c897404c606,Verified,1,1,1,0,0,0,0,0,Synthetic development/demo dataset
RS-PROP-0409,USR-1005,Ramesh Chandran,USR-1005,USR-1037,SUR-431/3A,4800.0,"Padur, Vandalur, Chengalpattu",Chengalpattu,Tamil Nadu,Land Record,RS-DOC-0409-2,2020-01-13,Divya Swaminathan,1,91ebe3878d4064b57f91019db5edeeaf0972fa68e5e5f5093324c8c98df3a48a,Verified,1,1,1,0,0,0,0,0,Synthetic development/demo dataset
RS-PROP-0409,USR-1005,Ramesh Chandran,USR-1005,USR-1037,SUR-431/3A,4800.0,"Padur, Vandalur, Chengalpattu",Chengalpattu,Tamil Nadu,Encumbrance Certificate,RS-DOC-0409-3,2020-01-13,Divya Swaminathan,1,475a8587e48458019d0baff54ad9a071d7918375bf57a9ecfffe740747e55f89,Verified,1,1,1,0,0,0,0,0,Synthetic development/demo dataset
RS-PROP-0410,USR-1008,Karthik Sundaram,USR-1008,USR-1039,SUR-885/8A,9600.0,"Padur, Maduranthakam, Chengalpattu",Chengalpattu,Tamil Nadu,Sale Deed,RS-DOC-0410-1,2019-05-04,Rajesh Gopal,3,cd9e25db2ce591938492375cbe43776839d691412a6ad7e19687ee6a13bcb889,Verified,1,1,1,1,0,0,1,1,Synthetic development/demo dataset
RS-PROP-0411,USR-1010,Siddharth Gopal,USR-1010,USR-1041,SUR-338/12,1500.0,"Koodal Nagar, Madurai South, Madurai",Madurai,Tamil Nadu,Sale Deed,RS-DOC-0411-1,2019-12-14,Swetha Sundaram,2,64e843617a06056446a7ebedad54b004d4d8b59c81e680d8788fcb423e083d99,Verified,1,1,1,0,0,0,0,0,Synthetic development/demo dataset
RS-PROP-0411,USR-1010,Siddharth Gopal,USR-1010,USR-1041,SUR-338/12,1500.0,"Koodal Nagar, Madurai South, Madurai",Madurai,Tamil Nadu,Land Record,RS-DOC-0411-2,2019-12-14,Swetha Sundaram,2,f3c853f6276385834b0a0be21ac7c31d04ec74dedfc0df943c52fac2cef8fcb8,Verified,1,1,1,0,0,0,0,0,Synthetic development/demo dataset
RS-PROP-0411,USR-1010,Siddharth Gopal,USR-1010,USR-1041,SUR-338/12,1500.0,"Koodal Nagar, Madurai South, Madurai",Madurai,Tamil Nadu,Encumbrance Certificate,RS-DOC-0411-3,2019-12-14,Swetha Sundaram,2,6b8646a199bdaaa1523a603edfdb4bccbc7c51c3ebffab029da7db5228c3dc04,Verified,1,1,1,0,0,0,0,0,Synthetic development/demo dataset
RS-PROP-0411,USR-1010,Siddharth Gopal,USR-1010,USR-1041,SUR-338/12,1500.0,"Koodal Nagar, Madurai South, Madurai",Madurai,Tamil Nadu,Property Tax Receipt,RS-DOC-0411-4,2019-12-14,Swetha Sundaram,2,7333e84d33abe9ba6936ef4afc1e1dc8a4f588262b332a93607715709746d2d9,Verified,1,1,1,0,0,0,0,0,Synthetic development/demo dataset
RS-PROP-0412,USR-1012,Divya Ramesh,USR-1012,USR-1043,SUR-237/5C,1200.0,"Padur, Maduranthakam, Chengalpattu",Chengalpattu,Tamil Nadu,Sale Deed,RS-DOC-0412-1,2024-07-21,Manoj Kumar,3,cb24baf2e406bf0175fee4b3701843f9262b94be138ad34c054df62b815a8ccc,Verified,1,1,1,0,1,0,0,1,Synthetic development/demo dataset
RS-PROP-0412,USR-1012,Divya Ramesh,USR-1012,USR-1043,SUR-237/5C,1200.0,"Padur, Maduranthakam, Chengalpattu",Chengalpattu,Tamil Nadu,Land Record,RS-DOC-0412-2,2024-07-21,Manoj Kumar,3,bafd66c355fe55d5ba42e2e69530f5fdd4c15b4d0644955ecf891565156e33f4,Verified,1,1,1,0,1,0,0,1,Synthetic development/demo dataset
RS-PROP-0412,USR-1012,Divya Ramesh,USR-1012,USR-1043,SUR-237/5C,1200.0,"Padur, Maduranthakam, Chengalpattu",Chengalpattu,Tamil Nadu,Encumbrance Certificate,RS-DOC-0412-3,2024-07-21,Manoj Kumar,3,36d9f6051483f7d6f75d1010cc18e5dda14387cfd52f2b1d14c1f3c9ae33b8cc,Verified,1,1,1,0,1,0,0,1,Synthetic development/demo dataset
RS-PROP-0413,USR-1014,Rajesh Krishnan,USR-1014,USR-1045,SUR-990/8A,2400.0,"Saravanampatti, Coimbatore South, Coimbatore",Coimbatore,Tamil Nadu,Sale Deed,RS-DOC-0413-1,2023-03-07,Meenakshi Sundaram,2,cba8c32f3f464513ea25dcde16cecf282a470d0c9f78c8cce1fb92d185f7ecdb,Verified,1,0,1,0,0,0,0,1,Synthetic development/demo dataset
RS-PROP-0413,USR-1014,Rajesh Krishnan,USR-1014,USR-1045,SUR-990/8A,2400.0,"Saravanampatti, Coimbatore South, Coimbatore",Coimbatore,Tamil Nadu,Land Record,RS-DOC-0413-2,2023-03-07,Meenakshi Sundaram,2,faa8245bcb05dc23eb2a46e9159352cc2ceb4992db51544a0322d321365a7698,Verified,1,0,1,0,0,0,0,1,Synthetic development/demo dataset
RS-PROP-0413,USR-1014,Rajesh Krishnan,USR-1014,USR-1045,SUR-990/8A,2400.0,"Saravanampatti, Coimbatore South, Coimbatore",Coimbatore,Tamil Nadu,Encumbrance Certificate,RS-DOC-0413-3,2023-03-07,Meenakshi Sundaram,2,d73e4af3eea6c8ad986869513ab524587cdd36cbf0032d990f5d2050f8dd2e99,Verified,1,0,1,0,0,0,0,1,Synthetic development/demo dataset
RS-PROP-0414,USR-1016,Swetha Pillai,USR-1016,USR-1047,SUR-378/8A,3600.0,"Oragadam, Kundrathur, Kanchipuram",Kanchipuram,Tamil Nadu,Sale Deed,RS-DOC-0414-1,2021-03-16,Siddharth Vaidyanathan,4,08af09c07d8cf8d295112a6f6da2aa04f1f6d7c288f91d2df8571d7d794d2bf1,Verified,1,1,1,0,0,0,0,0,Synthetic development/demo dataset
RS-PROP-0414,USR-1016,Swetha Pillai,USR-1016,USR-1047,SUR-378/8A,3600.0,"Oragadam, Kundrathur, Kanchipuram",Kanchipuram,Tamil Nadu,Land Record,RS-DOC-0414-2,2021-03-16,Siddharth Vaidyanathan,4,24b56684fc3a596c74d797e76190cf2e56ecc97919a83dee7eff82710be3a69d,Verified,1,1,1,0,0,0,0,0,Synthetic development/demo dataset
RS-PROP-0414,USR-1016,Swetha Pillai,USR-1016,USR-1047,SUR-378/8A,3600.0,"Oragadam, Kundrathur, Kanchipuram",Kanchipuram,Tamil Nadu,Encumbrance Certificate,RS-DOC-0414-3,2021-03-16,Siddharth Vaidyanathan,4,44055c57bb14e2877ca211dd396e2acefa35f9a7f7f3e6fb5f343368135cd2b0,Verified,1,1,1,0,0,0,0,0,Synthetic development/demo dataset
RS-PROP-0415,USR-1018,Poornima Sundaram,USR-1018,USR-1049,SUR-844/3C,4800.0,"Sunguvarchatram, Kanchipuram, Kanchipuram",Kanchipuram,Tamil Nadu,Sale Deed,RS-DOC-0415-1,2020-08-10,Aravind Ganesan,4,31aea65ac2bb3edfababd80da76b9d029958473a55b0d06e0436570b703a106d,Verified,1,1,0,0,0,0,0,0,Synthetic development/demo dataset
RS-PROP-0415,USR-1018,Poornima Sundaram,USR-1018,USR-1049,SUR-844/3C,4800.0,"Sunguvarchatram, Kanchipuram, Kanchipuram",Kanchipuram,Tamil Nadu,Land Record,RS-DOC-0415-2,2020-08-10,Aravind Ganesan,4,b39beba0edbacfd29d1cc3f7e81af9052a32b1ccec417effb36b946443e4cf6b,Verified,1,1,0,0,0,0,0,0,Synthetic development/demo dataset
RS-PROP-0415,USR-1018,Poornima Sundaram,USR-1018,USR-1049,SUR-844/3C,4800.0,"Sunguvarchatram, Kanchipuram, Kanchipuram",Kanchipuram,Tamil Nadu,Encumbrance Certificate,RS-DOC-0415-3,2020-08-10,Aravind Ganesan,4,82547863c5e41595a3e001f4fc926888f3b45038c4e5f68e206208ab267b3892,Verified,1,1,0,0,0,0,0,0,Synthetic development/demo dataset
RS-PROP-0416,USR-1020,Nandhini Thyagarajan,USR-1020,USR-1051,SUR-860/61,5400.0,"Kovaipudur, Sulur, Coimbatore",Coimbatore,Tamil Nadu,Sale Deed,RS-DOC-0416-1,2023-10-03,Madhavan Ramesh,4,7998d95c67b820b8f58359ed7318dd63b2b07ab0781a04db6a27e9e4321215ff,Verified,1,1,1,0,0,0,0,0,Synthetic development/demo dataset
RS-PROP-0416,USR-1020,Nandhini Thyagarajan,USR-1020,USR-1051,SUR-860/61,5400.0,"Kovaipudur, Sulur, Coimbatore",Coimbatore,Tamil Nadu,Land Record,RS-DOC-0416-2,2023-10-03,Madhavan Ramesh,4,b94c2abfd743c98a297366d162b6a305521e38d48d641fdd4b4414b5449e94f5,Verified,1,1,1,0,0,0,0,0,Synthetic development/demo dataset
RS-PROP-0416,USR-1020,Nandhini Thyagarajan,USR-1020,USR-1051,SUR-860/61,5400.0,"Kovaipudur, Sulur, Coimbatore",Coimbatore,Tamil Nadu,Encumbrance Certificate,RS-DOC-0416-3,2023-10-03,Madhavan Ramesh,4,49cd7fe436c4e75870eed1cb2d249ce358a978e8b5f887ffd51bed5e9a0fc7e1,Verified,1,1,1,0,0,0,0,0,Synthetic development/demo dataset
RS-PROP-0417,USR-1022,Ganesh Reddy,USR-1022,USR-1053,SUR-813/11,4800.0,"Othakadai, Melur, Madurai",Madurai,Tamil Nadu,Sale Deed,RS-DOC-0417-1,2019-04-16,Karthik Reddy,2,81eefe59ca7bff3973393a9b8ac86716e8c1079fddc1dd861e7f939d0752bdc3,Verified,1,1,0,0,0,0,1,1,Synthetic development/demo dataset
RS-PROP-0418,USR-1024,Ramesh Sundaram,USR-1024,USR-1055,SUR-823/22,2400.0,"Ponmalai, Thiruverumbur, Tiruchirappalli",Tiruchirappalli,Tamil Nadu,Sale Deed,RS-DOC-0418-1,2019-07-09,Kavitha Balasubramanian,4,b66244a536b70446023befc69a23b50c6d1ebe0af8e7ee55c1c93b6338d84336,Verified,1,1,1,0,0,0,0,0,Synthetic development/demo dataset
RS-PROP-0418,USR-1024,Ramesh Sundaram,USR-1024,USR-1055,SUR-823/22,2400.0,"Ponmalai, Thiruverumbur, Tiruchirappalli",Tiruchirappalli,Tamil Nadu,Land Record,RS-DOC-0418-2,2019-07-09,Kavitha Balasubramanian,4,caf7b43d5d569f0216844f8e36f082a6b7ee50d37df6143a28470bd9ae834731,Verified,1,1,1,0,0,0,0,0,Synthetic development/demo dataset
RS-PROP-0418,USR-1024,Ramesh Sundaram,USR-1024,USR-1055,SUR-823/22,2400.0,"Ponmalai, Thiruverumbur, Tiruchirappalli",Tiruchirappalli,Tamil Nadu,Encumbrance Certificate,RS-DOC-0418-3,2019-07-09,Kavitha Balasubramanian,4,aeacf3fdfc2d17306c3ab4b96ac3df9431b9a65c4e0913b411dc452da17a5a68,Verified,1,1,1,0,0,0,0,0,Synthetic development/demo dataset
RS-PROP-0418,USR-1024,Ramesh Sundaram,USR-1024,USR-1055,SUR-823/22,2400.0,"Ponmalai, Thiruverumbur, Tiruchirappalli",Tiruchirappalli,Tamil Nadu,Property Tax Receipt,RS-DOC-0418-4,2019-07-09,Kavitha Balasubramanian,4,e1f6dfe846d15d75048e35d6e66b8ed27ab10774787165bf8095cd61808d198e,Verified,1,1,1,0,0,0,0,0,Synthetic development/demo dataset
RS-PROP-0419,USR-1026,Dinesh Subramanian,USR-1026,USR-1057,SUR-815/5A,1800.0,"Thandalam, Kanchipuram, Kanchipuram",Kanchipuram,Tamil Nadu,Sale Deed,RS-DOC-0419-1,2018-02-03,Madhavan Balasubramanian,3,091b170b0a0e6c82b9519dacdfcb9008b9510ece6f54f9eaf2e94ac58af0f096,Verified,1,1,1,0,0,0,0,0,Synthetic development/demo dataset
RS-PROP-0419,USR-1026,Dinesh Subramanian,USR-1026,USR-1057,SUR-815/5A,1800.0,"Thandalam, Kanchipuram, Kanchipuram",Kanchipuram,Tamil Nadu,Land Record,RS-DOC-0419-2,2018-02-03,Madhavan Balasubramanian,3,fb3b64e9faf562b238bff07721a84c7d8898ed195b99b82bc956440e94408c3b,Verified,1,1,1,0,0,0,0,0,Synthetic development/demo dataset
RS-PROP-0419,USR-1026,Dinesh Subramanian,USR-1026,USR-1057,SUR-815/5A,1800.0,"Thandalam, Kanchipuram, Kanchipuram",Kanchipuram,Tamil Nadu,Encumbrance Certificate,RS-DOC-0419-3,2018-02-03,Madhavan Balasubramanian,3,dd7001e506f4668acb2a9e9d81937749889a8bea365e3c75b7a27213fdfa15b0,Verified,1,1,1,0,0,0,0,0,Synthetic development/demo dataset
RS-PROP-0419,USR-1026,Dinesh Subramanian,USR-1026,USR-1057,SUR-815/5A,1800.0,"Thandalam, Kanchipuram, Kanchipuram",Kanchipuram,Tamil Nadu,Property Tax Receipt,RS-DOC-0419-4,2018-02-03,Madhavan Balasubramanian,3,693ecb8dd4ebd20f6c92c19ce6f52ec98753f4eca05f4dced731d9e346d1aa87,Verified,1,1,1,0,0,0,0,0,Synthetic development/demo dataset
RS-PROP-0420,USR-1028,Meenakshi Iyer,USR-1028,USR-1059,SUR-212/82,2400.0,"Singanallur, Coimbatore North, Coimbatore",Coimbatore,Tamil Nadu,Sale Deed,RS-DOC-0420-1,2019-01-24,Balaji Iyer,4,fd0f48028833fdebae7c7cd870392f6c9ada55001c85aa57f3df47ecb3a8f6aa,Verified,1,1,1,0,0,0,0,0,Synthetic development/demo dataset
RS-PROP-0420,USR-1028,Meenakshi Iyer,USR-1028,USR-1059,SUR-212/82,2400.0,"Singanallur, Coimbatore North, Coimbatore",Coimbatore,Tamil Nadu,Land Record,RS-DOC-0420-2,2019-01-24,Balaji Iyer,4,b1cf5849f96d6fbdf55c3cc5620f75d533b73db09a3113bf1e02b3f1701b3e3f,Verified,1,1,1,0,0,0,0,0,Synthetic development/demo dataset
RS-PROP-0420,USR-1028,Meenakshi Iyer,USR-1028,USR-1059,SUR-212/82,2400.0,"Singanallur, Coimbatore North, Coimbatore",Coimbatore,Tamil Nadu,Encumbrance Certificate,RS-DOC-0420-3,2019-01-24,Balaji Iyer,4,c3bac0f04eb9d0a89daad270d1ef51cc782c929e28f2279f1f9c65966b8d8477,Verified,1,1,1,0,0,0,0,0,Synthetic development/demo dataset
RS-PROP-0420,USR-1028,Meenakshi Iyer,USR-1028,USR-1059,SUR-212/82,2400.0,"Singanallur, Coimbatore North, Coimbatore",Coimbatore,Tamil Nadu,Property Tax Receipt,RS-DOC-0420-4,2019-01-24,Balaji Iyer,4,c565eb58acfc6fe6c83bcf7543d6b7cf3430e2bf13d0010501b9cc449e32e47e,Verified,1,1,1,0,0,0,0,0,Synthetic development/demo dataset
RS-PROP-0421,USR-1030,Manoj Sundaram,USR-1030,USR-1002,SUR-165/6A,2400.0,"Gandhipuram, Coimbatore South, Coimbatore",Coimbatore,Tamil Nadu,Sale Deed,RS-DOC-0421-1,2021-11-25,Ananya Kumar,3,bd8327beb3e7eb82e724105d296e3900db1819fa951cccbe71d0988063d7d435,Verified,1,1,1,0,0,0,0,0,Synthetic development/demo dataset
RS-PROP-0421,USR-1030,Manoj Sundaram,USR-1030,USR-1002,SUR-165/6A,2400.0,"Gandhipuram, Coimbatore South, Coimbatore",Coimbatore,Tamil Nadu,Land Record,RS-DOC-0421-2,2021-11-25,Ananya Kumar,3,ed2ea63e2f4353193bcd5e385a92d8584c5e908546b7533135bc1080565e02c0,Verified,1,1,1,0,0,0,0,0,Synthetic development/demo dataset
RS-PROP-0421,USR-1030,Manoj Sundaram,USR-1030,USR-1002,SUR-165/6A,2400.0,"Gandhipuram, Coimbatore South, Coimbatore",Coimbatore,Tamil Nadu,Encumbrance Certificate,RS-DOC-0421-3,2021-11-25,Ananya Kumar,3,6bc369b5e102f30ea3eef57a7331cac807748abfaa3fbee432f961ce5f0586c5,Verified,1,1,1,0,0,0,0,0,Synthetic development/demo dataset
RS-PROP-0422,USR-1032,Karthik Natarajan,USR-1032,USR-1004,SUR-717/9C,5400.0,"Siruseri, Vandalur, Chengalpattu",Chengalpattu,Tamil Nadu,Sale Deed,RS-DOC-0422-1,2024-06-20,Poornima Rao,3,e14b7f80f6342469b791adb4e802dbfc975998fb5e8fa2f11bd240ad42df98f8,Verified,1,1,1,0,0,0,0,0,Synthetic development/demo dataset
RS-PROP-0422,USR-1032,Karthik Natarajan,USR-1032,USR-1004,SUR-717/9C,5400.0,"Siruseri, Vandalur, Chengalpattu",Chengalpattu,Tamil Nadu,Land Record,RS-DOC-0422-2,2024-06-20,Poornima Rao,3,7affd9c165c8a47f891d587b5d17dd32fdbfb1796eb97f401e4037f3545a422e,Verified,1,1,1,0,0,0,0,0,Synthetic development/demo dataset
RS-PROP-0422,USR-1032,Karthik Natarajan,USR-1032,USR-1004,SUR-717/9C,5400.0,"Siruseri, Vandalur, Chengalpattu",Chengalpattu,Tamil Nadu,Encumbrance Certificate,RS-DOC-0422-3,2024-06-20,Poornima Rao,3,07ce28587874f8542c9b5dc091b22ed9a89b6aca41796fb52d593bc6e79e0ea2,Verified,1,1,1,0,0,0,0,0,Synthetic development/demo dataset
RS-PROP-0423,USR-1034,Aravind Ramesh,USR-1034,USR-1006,SUR-103/81,1800.0,"Irungattukottai, Walajabad, Kanchipuram",Kanchipuram,Tamil Nadu,Sale Deed,RS-DOC-0423-1,2022-02-28,Revathi Chandran,4,7d468790b5cb8f8f280c012c8d02980c1bc9cbb3a8051bf30887fcb5c4428dc9,Verified,1,1,1,0,0,0,0,0,Synthetic development/demo dataset
RS-PROP-0423,USR-1034,Aravind Ramesh,USR-1034,USR-1006,SUR-103/81,1800.0,"Irungattukottai, Walajabad, Kanchipuram",Kanchipuram,Tamil Nadu,Land Record,RS-DOC-0423-2,2022-02-28,Revathi Chandran,4,45126bf70482515f74abebc439263b9a08f6c028a570e8a8467e50cf02df1238,Verified,1,1,1,0,0,0,0,0,Synthetic development/demo dataset
RS-PROP-0423,USR-1034,Aravind Ramesh,USR-1034,USR-1006,SUR-103/81,1800.0,"Irungattukottai, Walajabad, Kanchipuram",Kanchipuram,Tamil Nadu,Encumbrance Certificate,RS-DOC-0423-3,2022-02-28,Revathi Chandran,4,6670709ba28b144d3d90592f3d5089e1d6d48663e848ee039aea6e9d5d9b85c8,Verified,1,1,1,0,0,0,0,0,Synthetic development/demo dataset
RS-PROP-0424,USR-1036,Vijay Kumar,USR-1036,USR-1007,SUR-748/6A,3600.0,"Kallakudi, Lalgudi, Tiruchirappalli",Tiruchirappalli,Tamil Nadu,Sale Deed,RS-DOC-0424-1,2021-04-20,Uma Gopal,1,3ecf5efa79355fa4d84ebdadbba0e2ede8aa3b60ce82ad3bf833711054b7351c,Verified,1,1,0,0,0,0,1,1,Synthetic development/demo dataset
RS-PROP-0425,USR-1038,Vijay Subramanian,USR-1038,USR-1009,SUR-609/2C,9600.0,"Anna Nagar, Madurai North, Madurai",Madurai,Tamil Nadu,Sale Deed,RS-DOC-0425-1,2019-08-04,Vignesh Ganesan,2,79cd4e169642925352deaf0db23e35a43fe69348a2ddea64c435af7cd1194eb5,Verified,1,0,1,1,0,1,0,1,Synthetic development/demo dataset
RS-PROP-0425,USR-1038,Vijay Subramanian,USR-1038,USR-1009,SUR-609/2C,9600.0,"Anna Nagar, Madurai North, Madurai",Madurai,Tamil Nadu,Land Record,RS-DOC-0425-2,2019-08-04,Vignesh Ganesan,2,6e8dfd932f4de480531435487838899d7e33a87801fe20eb88bbc863d8cff9da,Verified,1,0,1,1,0,1,0,1,Synthetic development/demo dataset
RS-PROP-0425,USR-1038,Vijay Subramanian,USR-1038,USR-1009,SUR-609/2C,9600.0,"Anna Nagar, Madurai North, Madurai",Madurai,Tamil Nadu,Encumbrance Certificate,RS-DOC-0425-3,2019-08-04,Vignesh Ganesan,2,ee243dc5f993f06883c8fd0c13751b7b7b072c01747ce4222d81456cf9616734,Verified,1,0,1,1,0,1,0,1,Synthetic development/demo dataset
RS-PROP-0426,USR-1040,Ramesh Subramanian,USR-1040,USR-1011,SUR-914/6B,1500.0,"Koodal Nagar, Melur, Madurai",Madurai,Tamil Nadu,Sale Deed,RS-DOC-0426-1,2020-07-23,Aravind Ganesan,2,794528cad2416f1c88057b6fddd42c315915c92e83750e204372933772575910,Verified,1,0,1,0,0,0,0,1,Synthetic development/demo dataset
RS-PROP-0426,USR-1040,Ramesh Subramanian,USR-1040,USR-1011,SUR-914/6B,1500.0,"Koodal Nagar, Melur, Madurai",Madurai,Tamil Nadu,Land Record,RS-DOC-0426-2,2020-07-23,Aravind Ganesan,2,1c003d498ec0e60c5ff347ff13b58dab94bb15d37c5eef3e0e4c56762587c0c6,Verified,1,0,1,0,0,0,0,1,Synthetic development/demo dataset
RS-PROP-0426,USR-1040,Ramesh Subramanian,USR-1040,USR-1011,SUR-914/6B,1500.0,"Koodal Nagar, Melur, Madurai",Madurai,Tamil Nadu,Encumbrance Certificate,RS-DOC-0426-3,2020-07-23,Aravind Ganesan,2,6e351aee826f6cfbe75197a7a99adfe41e5835778ac83ea76abe0ad5bb059a08,Verified,1,0,1,0,0,0,0,1,Synthetic development/demo dataset
RS-PROP-0427,USR-1042,Meenakshi Rao,USR-1042,USR-1013,SUR-163/9B,4800.0,"Gandhipuram, Coimbatore South, Coimbatore",Coimbatore,Tamil Nadu,Sale Deed,RS-DOC-0427-1,2020-06-26,Meenakshi Balasubramanian,2,393e54530e86744549abd0030b180505a48ecf10fbdf8a916dd35fb0c6b6aca2,Verified,0,1,1,0,0,0,0,1,Synthetic development/demo dataset
RS-PROP-0427,USR-1042,Meenakshi Rao,USR-1042,USR-1013,SUR-163/9B,4800.0,"Gandhipuram, Coimbatore South, Coimbatore",Coimbatore,Tamil Nadu,Land Record,RS-DOC-0427-2,2020-06-26,Meenakshi Balasubramanian,2,1384afd6a4a96b56228bce397576d9c6c8abd644ac02e449672f6402a1d252df,Verified,0,1,1,0,0,0,0,1,Synthetic development/demo dataset
RS-PROP-0427,USR-1042,Meenakshi Rao,USR-1042,USR-1013,SUR-163/9B,4800.0,"Gandhipuram, Coimbatore South, Coimbatore",Coimbatore,Tamil Nadu,Encumbrance Certificate,RS-DOC-0427-3,2020-06-26,Meenakshi Balasubramanian,2,26102d4c307ede0c698ca8bbe89a10755aed0066228a568c2d09a92c1161fd83,Verified,0,1,1,0,0,0,0,1,Synthetic development/demo dataset
RS-PROP-0428,USR-1044,Gayathri Subramanian,USR-1044,USR-1015,SUR-864/12,3600.0,"Anna Nagar, Thirumangalam, Madurai",Madurai,Tamil Nadu,Sale Deed,RS-DOC-0428-1,2022-12-04,Revathi Srinivasan,2,39640eb9784b1aad19ce0c9b9c569fcb2aeef13b1f88124be11fccb79d84dd61,Verified,1,1,1,0,0,0,0,0,Synthetic development/demo dataset
RS-PROP-0428,USR-1044,Gayathri Subramanian,USR-1044,USR-1015,SUR-864/12,3600.0,"Anna Nagar, Thirumangalam, Madurai",Madurai,Tamil Nadu,Land Record,RS-DOC-0428-2,2022-12-04,Revathi Srinivasan,2,c4765d510063573c1847e75f6b61deb14256e2430706298a2889b2756ceafe3d,Verified,1,1,1,0,0,0,0,0,Synthetic development/demo dataset
RS-PROP-0428,USR-1044,Gayathri Subramanian,USR-1044,USR-1015,SUR-864/12,3600.0,"Anna Nagar, Thirumangalam, Madurai",Madurai,Tamil Nadu,Encumbrance Certificate,RS-DOC-0428-3,2022-12-04,Revathi Srinivasan,2,816bea933d73f92f1e34e8d0578e6be8c7972904876693bd482a2eb7b97494da,Verified,1,1,1,0,0,0,0,0,Synthetic development/demo dataset
RS-PROP-0429,USR-1046,Bhavani Subramanian,USR-1046,USR-1017,SUR-817/1B,5400.0,"Kattur, Srirangam, Tiruchirappalli",Tiruchirappalli,Tamil Nadu,Sale Deed,RS-DOC-0429-1,2021-05-27,Lakshmi Kumar,4,6f2d02f13a4a3803408cd426332d75b6caac63b900e9c3202ef74483e7f15ca8,Verified,1,1,0,0,0,0,1,1,Synthetic development/demo dataset
RS-PROP-0430,USR-1048,Manoj Iyer,USR-1048,USR-1019,SUR-234/62,1200.0,"Kallakudi, Thiruverumbur, Tiruchirappalli",Tiruchirappalli,Tamil Nadu,Sale Deed,RS-DOC-0430-1,2020-08-21,Lakshmi Srinivasan,4,992f67d20efa056942c19ab1de72e999cef2aa194071a56f5a2b6598a207febb,Verified,1,1,1,0,0,0,0,0,Synthetic development/demo dataset
RS-PROP-0430,USR-1048,Manoj Iyer,USR-1048,USR-1019,SUR-234/62,1200.0,"Kallakudi, Thiruverumbur, Tiruchirappalli",Tiruchirappalli,Tamil Nadu,Land Record,RS-DOC-0430-2,2020-08-21,Lakshmi Srinivasan,4,9653fa4f04f684ce482b36d221e0bab062f89fb9d354d196de8adf6baf118192,Verified,1,1,1,0,0,0,0,0,Synthetic development/demo dataset
RS-PROP-0430,USR-1048,Manoj Iyer,USR-1048,USR-1019,SUR-234/62,1200.0,"Kallakudi, Thiruverumbur, Tiruchirappalli",Tiruchirappalli,Tamil Nadu,Encumbrance Certificate,RS-DOC-0430-3,2020-08-21,Lakshmi Srinivasan,4,b9011d3fb387793911847e106a2153ab2e2854cb9b2d5b7d101277b77d069aa0,Verified,1,1,1,0,0,0,0,0,Synthetic development/demo dataset
RS-PROP-0430,USR-1048,Manoj Iyer,USR-1048,USR-1019,SUR-234/62,1200.0,"Kallakudi, Thiruverumbur, Tiruchirappalli",Tiruchirappalli,Tamil Nadu,Property Tax Receipt,RS-DOC-0430-4,2020-08-21,Lakshmi Srinivasan,4,0473757d919fa0c530b49da261e79b31731813d901353ef3760fbc193d860b12,Verified,1,1,1,0,0,0,0,0,Synthetic development/demo dataset
RS-PROP-0431,USR-1050,Vijay Kumar,USR-1050,USR-1021,SUR-485/7B,1200.0,"Oragadam, Sriperumbudur, Kanchipuram",Kanchipuram,Tamil Nadu,Sale Deed,RS-DOC-0431-1,2020-08-06,Suresh Natarajan,3,352257ab5ae52881ce67046e4592156c69d275344ebeaf1881b55ed538649353,Verified,1,1,1,0,0,0,0,0,Synthetic development/demo dataset
RS-PROP-0431,USR-1050,Vijay Kumar,USR-1050,USR-1021,SUR-485/7B,1200.0,"Oragadam, Sriperumbudur, Kanchipuram",Kanchipuram,Tamil Nadu,Land Record,RS-DOC-0431-2,2020-08-06,Suresh Natarajan,3,b92013e67e30cd45f32348cb0284207bfb5972209c54665ab0d7f654a186d1eb,Verified,1,1,1,0,0,0,0,0,Synthetic development/demo dataset
RS-PROP-0431,USR-1050,Vijay Kumar,USR-1050,USR-1021,SUR-485/7B,1200.0,"Oragadam, Sriperumbudur, Kanchipuram",Kanchipuram,Tamil Nadu,Encumbrance Certificate,RS-DOC-0431-3,2020-08-06,Suresh Natarajan,3,831e35e2f3e8ad3197366079af777e72152885e3190cd27426a5258fd0958129,Verified,1,1,1,0,0,0,0,0,Synthetic development/demo dataset
RS-PROP-0432,USR-1052,Swetha Ramesh,USR-1052,USR-1023,SUR-600/52,1800.0,"Keelkattalai, Alandur, Chennai",Chennai,Tamil Nadu,Sale Deed,RS-DOC-0432-1,2023-07-25,Venkatesh Swaminathan,3,f648c9e4070f0bf88c5ae70e177aee8910eb4618c8296c49b26bf3aa1804ce61,Verified,1,1,1,0,0,0,0,0,Synthetic development/demo dataset
RS-PROP-0432,USR-1052,Swetha Ramesh,USR-1052,USR-1023,SUR-600/52,1800.0,"Keelkattalai, Alandur, Chennai",Chennai,Tamil Nadu,Land Record,RS-DOC-0432-2,2023-07-25,Venkatesh Swaminathan,3,25e6a7f20e8f71132548b2d96237069452907e3fc66cbc12c7fbf709da2a0ffe,Verified,1,1,1,0,0,0,0,0,Synthetic development/demo dataset
RS-PROP-0432,USR-1052,Swetha Ramesh,USR-1052,USR-1023,SUR-600/52,1800.0,"Keelkattalai, Alandur, Chennai",Chennai,Tamil Nadu,Encumbrance Certificate,RS-DOC-0432-3,2023-07-25,Venkatesh Swaminathan,3,598d5fd938f5de150caa734324718839ba7f6be3c0f5c6aae27bb326aee367b2,Verified,1,1,1,0,0,0,0,0,Synthetic development/demo dataset
RS-PROP-0432,USR-1052,Swetha Ramesh,USR-1052,USR-1023,SUR-600/52,1800.0,"Keelkattalai, Alandur, Chennai",Chennai,Tamil Nadu,Property Tax Receipt,RS-DOC-0432-4,2023-07-25,Venkatesh Swaminathan,3,e4dbb974726a4e2346d4d746e93c6338fce4becbb7c18def594d4cd8a524e525,Verified,1,1,1,0,0,0,0,0,Synthetic development/demo dataset
RS-PROP-0433,USR-1054,Ramesh Sundaram,USR-1054,USR-1025,SUR-784/9B,1200.0,"Thoraipakkam, Velachery, Chennai",Chennai,Tamil Nadu,Sale Deed,RS-DOC-0433-1,2022-10-16,Revathi Natarajan,2,2783df714419905be48edbfbc3a768153ad13b45c93cbc5ddffe03b7faf65064,Verified,1,1,1,0,0,0,0,0,Synthetic development/demo dataset
RS-PROP-0433,USR-1054,Ramesh Sundaram,USR-1054,USR-1025,SUR-784/9B,1200.0,"Thoraipakkam, Velachery, Chennai",Chennai,Tamil Nadu,Land Record,RS-DOC-0433-2,2022-10-16,Revathi Natarajan,2,7614117ea6a409f26d91a5cbd8436a3141963622196451c1a32fc8a904c59045,Verified,1,1,1,0,0,0,0,0,Synthetic development/demo dataset
RS-PROP-0433,USR-1054,Ramesh Sundaram,USR-1054,USR-1025,SUR-784/9B,1200.0,"Thoraipakkam, Velachery, Chennai",Chennai,Tamil Nadu,Encumbrance Certificate,RS-DOC-0433-3,2022-10-16,Revathi Natarajan,2,d4e76e04ed15e6813f4ed80427f48baa2a542c39b582f46eda8d1dcebe0d47fc,Verified,1,1,1,0,0,0,0,0,Synthetic development/demo dataset
RS-PROP-0434,USR-1056,Ananya Rao,USR-1056,USR-1027,SUR-289/7A,4800.0,"Adambakkam, Sholinganallur, Chennai",Chennai,Tamil Nadu,Sale Deed,RS-DOC-0434-1,2024-09-26,Uma Sundaram,1,a1436e7cd49b5e4bf5a041592b756df35c1f102d49a3fd3b385daedfd4cef505,Verified,1,1,1,0,0,0,0,0,Synthetic development/demo dataset
RS-PROP-0434,USR-1056,Ananya Rao,USR-1056,USR-1027,SUR-289/7A,4800.0,"Adambakkam, Sholinganallur, Chennai",Chennai,Tamil Nadu,Land Record,RS-DOC-0434-2,2024-09-26,Uma Sundaram,1,910fba128d9f3e80bdf9bde35541ddffffa10691acce2c5d73743ce9324da89e,Verified,1,1,1,0,0,0,0,0,Synthetic development/demo dataset
RS-PROP-0434,USR-1056,Ananya Rao,USR-1056,USR-1027,SUR-289/7A,4800.0,"Adambakkam, Sholinganallur, Chennai",Chennai,Tamil Nadu,Encumbrance Certificate,RS-DOC-0434-3,2024-09-26,Uma Sundaram,1,9ffe1a4edf34d5df30cce0e632dddea8d3584a2ff285d338ff8a5f36d8ccb096,Verified,1,1,1,0,0,0,0,0,Synthetic development/demo dataset
RS-PROP-0435,USR-1058,Balaji Krishnan,USR-1058,USR-1029,SUR-919/6A,1200.0,"Keelkattalai, Mylapore, Chennai",Chennai,Tamil Nadu,Sale Deed,RS-DOC-0435-1,2022-04-21,Lakshmi Sundaram,3,04d8441ea28d394df1a16c1d653c85cedcc08ef813bca7b83defc7feb68f7671,Verified,1,1,1,0,0,0,0,0,Synthetic development/demo dataset
RS-PROP-0435,USR-1058,Balaji Krishnan,USR-1058,USR-1029,SUR-919/6A,1200.0,"Keelkattalai, Mylapore, Chennai",Chennai,Tamil Nadu,Land Record,RS-DOC-0435-2,2022-04-21,Lakshmi Sundaram,3,49555e8f594eba6ec2aa52f9cc6bb9c8a791d7a6b455561db8dd16303c7395a5,Verified,1,1,1,0,0,0,0,0,Synthetic development/demo dataset
RS-PROP-0435,USR-1058,Balaji Krishnan,USR-1058,USR-1029,SUR-919/6A,1200.0,"Keelkattalai, Mylapore, Chennai",Chennai,Tamil Nadu,Encumbrance Certificate,RS-DOC-0435-3,2022-04-21,Lakshmi Sundaram,3,487f35d665a4435d3fba2e6c15becf2ecf2a0caeb9b91c40d9321be4834fa165,Verified,1,1,1,0,0,0,0,0,Synthetic development/demo dataset
RS-PROP-0436,USR-1001,Kavitha Reddy,USR-1001,USR-1031,SUR-773/1B,3000.0,"Thiruparankundram, Madurai South, Madurai",Madurai,Tamil Nadu,Sale Deed,RS-DOC-0436-1,2022-05-22,Siddharth Subramanian,4,76315f247be1caebac5f7c99fde9b9ce71ee5bbaab8b732393dcbc8f04f1ccae,Verified,1,1,1,0,0,0,0,0,Synthetic development/demo dataset
RS-PROP-0436,USR-1001,Kavitha Reddy,USR-1001,USR-1031,SUR-773/1B,3000.0,"Thiruparankundram, Madurai South, Madurai",Madurai,Tamil Nadu,Land Record,RS-DOC-0436-2,2022-05-22,Siddharth Subramanian,4,1a0108f549fedfc247b3360ad0d3cfa1a04512e7e996811fd6e00c49b659ffb4,Verified,1,1,1,0,0,0,0,0,Synthetic development/demo dataset
RS-PROP-0436,USR-1001,Kavitha Reddy,USR-1001,USR-1031,SUR-773/1B,3000.0,"Thiruparankundram, Madurai South, Madurai",Madurai,Tamil Nadu,Encumbrance Certificate,RS-DOC-0436-3,2022-05-22,Siddharth Subramanian,4,b5e5f76a8981d0914c902ff78da89d72a0a67c049b02a43a51f6624a43b429e4,Verified,1,1,1,0,0,0,0,0,Synthetic development/demo dataset
RS-PROP-0437,USR-1003,Divya Natarajan,USR-1003,USR-1033,SUR-137/4B,3000.0,"Kattur, Tiruchirappalli West, Tiruchirappalli",Tiruchirappalli,Tamil Nadu,Sale Deed,RS-DOC-0437-1,2019-10-18,Divya Srinivasan,3,3ad78e5d586a00138f2e8a38824eccde6d2614792c294065b143e6774d6b377b,Verified,0,0,1,0,0,1,0,1,Synthetic development/demo dataset
RS-PROP-0437,USR-1003,Divya Natarajan,USR-1003,USR-1033,SUR-137/4B,3000.0,"Kattur, Tiruchirappalli West, Tiruchirappalli",Tiruchirappalli,Tamil Nadu,Land Record,RS-DOC-0437-2,2019-10-18,Divya Srinivasan,3,4f149e61e3cba1228355630d8c97824bceec538e2d9af20e78a8c4651eb6cf86,Verified,0,0,1,0,0,1,0,1,Synthetic development/demo dataset
RS-PROP-0437,USR-1003,Divya Natarajan,USR-1003,USR-1033,SUR-137/4B,3000.0,"Kattur, Tiruchirappalli West, Tiruchirappalli",Tiruchirappalli,Tamil Nadu,Encumbrance Certificate,RS-DOC-0437-3,2019-10-18,Divya Srinivasan,3,4f05e56f37f7cc24b1a71116550e764b415b2ca1b43c89c639ad50acc1e7c353,Verified,0,0,1,0,0,1,0,1,Synthetic development/demo dataset
RS-PROP-0438,USR-1005,Saravanan Ganesan,USR-1005,USR-1035,SUR-748/4C,9600.0,"Padur, Vandalur, Chengalpattu",Chengalpattu,Tamil Nadu,Sale Deed,RS-DOC-0438-1,2019-07-27,Saravanan Rao,3,2e82b9c0a7160f57d132616f8007cc4774afd9c6c1cbb0531f22c91695b4b08a,Verified,1,1,1,0,1,0,0,1,Synthetic development/demo dataset
RS-PROP-0438,USR-1005,Saravanan Ganesan,USR-1005,USR-1035,SUR-748/4C,9600.0,"Padur, Vandalur, Chengalpattu",Chengalpattu,Tamil Nadu,Land Record,RS-DOC-0438-2,2019-07-27,Saravanan Rao,3,6bee0b71c979cda79f4960b193673f2e695ddef81c472e893ac1e3af4ad9d06a,Verified,1,1,1,0,1,0,0,1,Synthetic development/demo dataset
RS-PROP-0438,USR-1005,Saravanan Ganesan,USR-1005,USR-1035,SUR-748/4C,9600.0,"Padur, Vandalur, Chengalpattu",Chengalpattu,Tamil Nadu,Encumbrance Certificate,RS-DOC-0438-3,2019-07-27,Saravanan Rao,3,7d07b00ba2c43a0f1023184f70d89a330b58747778deb6bf4f4c1a0bad712824,Verified,1,1,1,0,1,0,0,1,Synthetic development/demo dataset
RS-PROP-0438,USR-1005,Saravanan Ganesan,USR-1005,USR-1035,SUR-748/4C,9600.0,"Padur, Vandalur, Chengalpattu",Chengalpattu,Tamil Nadu,Property Tax Receipt,RS-DOC-0438-4,2019-07-27,Saravanan Rao,3,18eb40194a0b8e1f1129fa0c98c7736b3fd67f10b594a05ccfea4b942358c353,Verified,1,1,1,0,1,0,0,1,Synthetic development/demo dataset
RS-PROP-0439,USR-1008,Venkatesh Reddy,USR-1008,USR-1037,SUR-989/4C,1200.0,"Oragadam, Walajabad, Kanchipuram",Kanchipuram,Tamil Nadu,Sale Deed,RS-DOC-0439-1,2021-04-13,Ananya Natarajan,3,776cea551c300d47a908b9f17eea25d4b14b9957859106a055ae1c3e05885f57,Verified,1,1,1,0,0,0,0,0,Synthetic development/demo dataset
RS-PROP-0439,USR-1008,Venkatesh Reddy,USR-1008,USR-1037,SUR-989/4C,1200.0,"Oragadam, Walajabad, Kanchipuram",Kanchipuram,Tamil Nadu,Land Record,RS-DOC-0439-2,2021-04-13,Ananya Natarajan,3,13181aed271e37bb3acc8732042792e7adfc055f3afde4f9048ea26b1363fb54,Verified,1,1,1,0,0,0,0,0,Synthetic development/demo dataset
RS-PROP-0439,USR-1008,Venkatesh Reddy,USR-1008,USR-1037,SUR-989/4C,1200.0,"Oragadam, Walajabad, Kanchipuram",Kanchipuram,Tamil Nadu,Encumbrance Certificate,RS-DOC-0439-3,2021-04-13,Ananya Natarajan,3,698427d25b98b2b78c0b6b122b47d9ca895bb354a8c02b97b06e25d4cc0671f4,Verified,1,1,1,0,0,0,0,0,Synthetic development/demo dataset
RS-PROP-0440,USR-1010,Manoj Ganesan,USR-1010,USR-1039,SUR-274/61,1800.0,"Irungattukottai, Sriperumbudur, Kanchipuram",Kanchipuram,Tamil Nadu,Sale Deed,RS-DOC-0440-1,2024-12-22,Harini Thyagarajan,2,9a280f2511f66442a85582385125c18ad9c1e63a3eff2aef387da881806e9507,Verified,1,1,0,0,0,0,0,0,Synthetic development/demo dataset
RS-PROP-0440,USR-1010,Manoj Ganesan,USR-1010,USR-1039,SUR-274/61,1800.0,"Irungattukottai, Sriperumbudur, Kanchipuram",Kanchipuram,Tamil Nadu,Land Record,RS-DOC-0440-2,2024-12-22,Harini Thyagarajan,2,b9fe19a8c01390eb22272346e3e14e5004d8a0303c0025c3ea3d7f21eb70abfc,Verified,1,1,0,0,0,0,0,0,Synthetic development/demo dataset
RS-PROP-0440,USR-1010,Manoj Ganesan,USR-1010,USR-1039,SUR-274/61,1800.0,"Irungattukottai, Sriperumbudur, Kanchipuram",Kanchipuram,Tamil Nadu,Encumbrance Certificate,RS-DOC-0440-3,2024-12-22,Harini Thyagarajan,2,1d70d2aa45aaceb1fef07a5b99b87b4aad43b1cc4fdb16303080a60aec2dba38,Verified,1,1,0,0,0,0,0,0,Synthetic development/demo dataset
RS-PROP-0441,USR-1012,Nandhini Chandran,USR-1012,USR-1041,SUR-287/8C,5400.0,"Ponmalai, Thiruverumbur, Tiruchirappalli",Tiruchirappalli,Tamil Nadu,Sale Deed,RS-DOC-0441-1,2020-05-14,Sundar Pillai,3,9a804e70848e0fb28697fc19a98fce4f7ff644e21f91937bf534ca3c4c4b0199,Verified,1,1,1,0,0,0,0,0,Synthetic development/demo dataset
RS-PROP-0441,USR-1012,Nandhini Chandran,USR-1012,USR-1041,SUR-287/8C,5400.0,"Ponmalai, Thiruverumbur, Tiruchirappalli",Tiruchirappalli,Tamil Nadu,Land Record,RS-DOC-0441-2,2020-05-14,Sundar Pillai,3,7c09f6841f9fa39105c4c0405d19e6ba67c50eb40b88fb5f47ef74185fffa346,Verified,1,1,1,0,0,0,0,0,Synthetic development/demo dataset
RS-PROP-0441,USR-1012,Nandhini Chandran,USR-1012,USR-1041,SUR-287/8C,5400.0,"Ponmalai, Thiruverumbur, Tiruchirappalli",Tiruchirappalli,Tamil Nadu,Encumbrance Certificate,RS-DOC-0441-3,2020-05-14,Sundar Pillai,3,d579ed92d8902c53cb17e2b5e41047668484b9762e791bc11419e244915426b9,Verified,1,1,1,0,0,0,0,0,Synthetic development/demo dataset
RS-PROP-0442,USR-1014,Deepa Chandran,USR-1014,USR-1043,SUR-158/2C,9600.0,"Adambakkam, Alandur, Chennai",Chennai,Tamil Nadu,Sale Deed,RS-DOC-0442-1,2024-01-14,Meenakshi Thyagarajan,1,972ae00d969c7cc5397f8e22372301f2bcf8e83c09a08ec9b0240c9c6436dea7,Verified,1,1,1,0,0,0,0,0,Synthetic development/demo dataset
RS-PROP-0442,USR-1014,Deepa Chandran,USR-1014,USR-1043,SUR-158/2C,9600.0,"Adambakkam, Alandur, Chennai",Chennai,Tamil Nadu,Land Record,RS-DOC-0442-2,2024-01-14,Meenakshi Thyagarajan,1,a5b645a492f55ce1b554353af0a3263cce1bd4bf6dd8df994ad4e727f32cd27b,Verified,1,1,1,0,0,0,0,0,Synthetic development/demo dataset
RS-PROP-0442,USR-1014,Deepa Chandran,USR-1014,USR-1043,SUR-158/2C,9600.0,"Adambakkam, Alandur, Chennai",Chennai,Tamil Nadu,Encumbrance Certificate,RS-DOC-0442-3,2024-01-14,Meenakshi Thyagarajan,1,29a08e3770a2c5467fb9a088c78dec32092300b4ad359db6e1397c67fc322d54,Verified,1,1,1,0,0,0,0,0,Synthetic development/demo dataset
RS-PROP-0443,USR-1016,Dinesh Chandran,USR-1016,USR-1045,SUR-272/9B,1800.0,"Ponmalai, Tiruchirappalli West, Tiruchirappalli",Tiruchirappalli,Tamil Nadu,Sale Deed,RS-DOC-0443-1,2020-03-17,Dinesh Ramesh,4,21670f5c600998d2a3552da2af6f351c72313f751a365008020f9d2b033d7773,Verified,1,1,1,0,0,0,0,0,Synthetic development/demo dataset
RS-PROP-0443,USR-1016,Dinesh Chandran,USR-1016,USR-1045,SUR-272/9B,1800.0,"Ponmalai, Tiruchirappalli West, Tiruchirappalli",Tiruchirappalli,Tamil Nadu,Land Record,RS-DOC-0443-2,2020-03-17,Dinesh Ramesh,4,ae369c9ce0c03c42127e2ed6d1b70cc12374591ab30644042e109d6cea51581b,Verified,1,1,1,0,0,0,0,0,Synthetic development/demo dataset
RS-PROP-0443,USR-1016,Dinesh Chandran,USR-1016,USR-1045,SUR-272/9B,1800.0,"Ponmalai, Tiruchirappalli West, Tiruchirappalli",Tiruchirappalli,Tamil Nadu,Encumbrance Certificate,RS-DOC-0443-3,2020-03-17,Dinesh Ramesh,4,d2608d5e8c1acee0f1b8feb2edaa208545d7fde8e91d6a6ae9a0968df4db4554,Verified,1,1,1,0,0,0,0,0,Synthetic development/demo dataset
RS-PROP-0443,USR-1016,Dinesh Chandran,USR-1016,USR-1045,SUR-272/9B,1800.0,"Ponmalai, Tiruchirappalli West, Tiruchirappalli",Tiruchirappalli,Tamil Nadu,Property Tax Receipt,RS-DOC-0443-4,2020-03-17,Dinesh Ramesh,4,a06534fdf0b072e0eea1c2b7792ad88135a7669d91acb32c3221dd432b1203d4,Verified,1,1,1,0,0,0,0,0,Synthetic development/demo dataset
RS-PROP-0444,USR-1018,Swetha Ganesan,USR-1018,USR-1047,SUR-594/5C,2400.0,"Pallavaram, Guindy, Chennai",Chennai,Tamil Nadu,Sale Deed,RS-DOC-0444-1,2023-11-19,Harini Iyer,1,b70e521dafc523b7be19b81120fc02217ea40cdb75a22b0bb5d0992522cfbea9,Verified,1,1,1,0,0,0,0,0,Synthetic development/demo dataset
RS-PROP-0444,USR-1018,Swetha Ganesan,USR-1018,USR-1047,SUR-594/5C,2400.0,"Pallavaram, Guindy, Chennai",Chennai,Tamil Nadu,Land Record,RS-DOC-0444-2,2023-11-19,Harini Iyer,1,3c6dee5ac432da69d736dbdd412081797278f8d5cbdff42cc858deb6872803e6,Verified,1,1,1,0,0,0,0,0,Synthetic development/demo dataset
RS-PROP-0444,USR-1018,Swetha Ganesan,USR-1018,USR-1047,SUR-594/5C,2400.0,"Pallavaram, Guindy, Chennai",Chennai,Tamil Nadu,Encumbrance Certificate,RS-DOC-0444-3,2023-11-19,Harini Iyer,1,a105720af754d0c9ab9d8aadf9e6055eb49040c0974f0ca351056ed6a90c2407,Verified,1,1,1,0,0,0,0,0,Synthetic development/demo dataset
RS-PROP-0444,USR-1018,Swetha Ganesan,USR-1018,USR-1047,SUR-594/5C,2400.0,"Pallavaram, Guindy, Chennai",Chennai,Tamil Nadu,Property Tax Receipt,RS-DOC-0444-4,2023-11-19,Harini Iyer,1,89798c59f4dc2af54fc572a329d68be109c7dae365e8835ddcd1704d48935239,Verified,1,1,1,0,0,0,0,0,Synthetic development/demo dataset
RS-PROP-0445,USR-1020,Gayathri Rao,USR-1020,USR-1049,SUR-105/6B,4800.0,"Irungattukottai, Walajabad, Kanchipuram",Kanchipuram,Tamil Nadu,Sale Deed,RS-DOC-0445-1,2018-02-14,Uma Iyer,2,406de714ed8d2ce3a3de9b8a2bee68501c4bddb8a0ab75e147faba24c0632967,Verified,1,1,1,0,0,0,0,0,Synthetic development/demo dataset
RS-PROP-0445,USR-1020,Gayathri Rao,USR-1020,USR-1049,SUR-105/6B,4800.0,"Irungattukottai, Walajabad, Kanchipuram",Kanchipuram,Tamil Nadu,Land Record,RS-DOC-0445-2,2018-02-14,Uma Iyer,2,5ffad4c4d30326b205c1a30d7b2356fe63f005ab82f48cc156713115a83ea940,Verified,1,1,1,0,0,0,0,0,Synthetic development/demo dataset
RS-PROP-0445,USR-1020,Gayathri Rao,USR-1020,USR-1049,SUR-105/6B,4800.0,"Irungattukottai, Walajabad, Kanchipuram",Kanchipuram,Tamil Nadu,Encumbrance Certificate,RS-DOC-0445-3,2018-02-14,Uma Iyer,2,5c63d27f6f16f4cebf0dda5add11c653b17d7e261ecfc9e4876c175948d2b6a2,Verified,1,1,1,0,0,0,0,0,Synthetic development/demo dataset
RS-PROP-0445,USR-1020,Gayathri Rao,USR-1020,USR-1049,SUR-105/6B,4800.0,"Irungattukottai, Walajabad, Kanchipuram",Kanchipuram,Tamil Nadu,Property Tax Receipt,RS-DOC-0445-4,2018-02-14,Uma Iyer,2,ebd46473463864ed4b6328fbd3500698a1c9b419b406d708e5fd056a0216dcd2,Verified,1,1,1,0,0,0,0,0,Synthetic development/demo dataset
RS-PROP-0446,USR-1022,Ganesh Chandran,USR-1022,USR-1051,SUR-406/61,1800.0,"Gandhipuram, Sulur, Coimbatore",Coimbatore,Tamil Nadu,Sale Deed,RS-DOC-0446-1,2024-05-04,Siddharth Swaminathan,2,b89c6fbe5d46426266694f2164630a9864d54f4a0ad1a073b1192464390b7241,Verified,1,1,1,0,0,0,0,0,Synthetic development/demo dataset
RS-PROP-0446,USR-1022,Ganesh Chandran,USR-1022,USR-1051,SUR-406/61,1800.0,"Gandhipuram, Sulur, Coimbatore",Coimbatore,Tamil Nadu,Land Record,RS-DOC-0446-2,2024-05-04,Siddharth Swaminathan,2,5daa61c442f251a1c0eb235de9abfd745584b11a774a8f7f2d307f0ade2461c4,Verified,1,1,1,0,0,0,0,0,Synthetic development/demo dataset
RS-PROP-0446,USR-1022,Ganesh Chandran,USR-1022,USR-1051,SUR-406/61,1800.0,"Gandhipuram, Sulur, Coimbatore",Coimbatore,Tamil Nadu,Encumbrance Certificate,RS-DOC-0446-3,2024-05-04,Siddharth Swaminathan,2,93a974e5df56ef6aa29d96e334ee9845b10db1a2b0ae2e310ecaf13d91cf0909,Verified,1,1,1,0,0,0,0,0,Synthetic development/demo dataset
RS-PROP-0446,USR-1022,Ganesh Chandran,USR-1022,USR-1051,SUR-406/61,1800.0,"Gandhipuram, Sulur, Coimbatore",Coimbatore,Tamil Nadu,Property Tax Receipt,RS-DOC-0446-4,2024-05-04,Siddharth Swaminathan,2,5cc125e58287dcc2504a005c9dc2fae43e87e89db0824f3b1ede1e5ba5e64cd3,Verified,1,1,1,0,0,0,0,0,Synthetic development/demo dataset
RS-PROP-0447,USR-1024,Vijay Natarajan,USR-1024,USR-1053,SUR-236/71,3600.0,"Guduvancheri, Thiruporur, Chengalpattu",Chengalpattu,Tamil Nadu,Sale Deed,RS-DOC-0447-1,2019-11-07,Vignesh Murugan,4,a55e0a743625c5636c2051d1adfce9da66993a08ab5a41557436b0d571a74d7d,Verified,1,1,1,0,0,0,0,0,Synthetic development/demo dataset
RS-PROP-0447,USR-1024,Vijay Natarajan,USR-1024,USR-1053,SUR-236/71,3600.0,"Guduvancheri, Thiruporur, Chengalpattu",Chengalpattu,Tamil Nadu,Land Record,RS-DOC-0447-2,2019-11-07,Vignesh Murugan,4,a214f25eafb1fbc17445328f63818f044305af7267526c286088992700d5468c,Verified,1,1,1,0,0,0,0,0,Synthetic development/demo dataset
RS-PROP-0447,USR-1024,Vijay Natarajan,USR-1024,USR-1053,SUR-236/71,3600.0,"Guduvancheri, Thiruporur, Chengalpattu",Chengalpattu,Tamil Nadu,Encumbrance Certificate,RS-DOC-0447-3,2019-11-07,Vignesh Murugan,4,731360412649f0e5dbfece993be12bc6337bef68b6f8f4772ff4fa3b19e72428,Verified,1,1,1,0,0,0,0,0,Synthetic development/demo dataset
RS-PROP-0448,USR-1026,Rajesh Gopal,USR-1026,USR-1055,SUR-212/2A,1800.0,"Anna Nagar, Melur, Madurai",Madurai,Tamil Nadu,Sale Deed,RS-DOC-0448-1,2020-09-01,Swetha Ramesh,4,49913f29032627fb8f41222f9d0e3094ffabe631937c451b5a5f4294002663e2,Verified,1,1,1,0,0,0,0,0,Synthetic development/demo dataset
RS-PROP-0448,USR-1026,Rajesh Gopal,USR-1026,USR-1055,SUR-212/2A,1800.0,"Anna Nagar, Melur, Madurai",Madurai,Tamil Nadu,Land Record,RS-DOC-0448-2,2020-09-01,Swetha Ramesh,4,990d8862847b684a63f8f0b32841227bc7bda424446fc4abc7a9591c5adddd06,Verified,1,1,1,0,0,0,0,0,Synthetic development/demo dataset
RS-PROP-0448,USR-1026,Rajesh Gopal,USR-1026,USR-1055,SUR-212/2A,1800.0,"Anna Nagar, Melur, Madurai",Madurai,Tamil Nadu,Encumbrance Certificate,RS-DOC-0448-3,2020-09-01,Swetha Ramesh,4,da3a6649d7b6c90abe82850339be15a1812de93f67814cd7cc2b9a2c9d749752,Verified,1,1,1,0,0,0,0,0,Synthetic development/demo dataset
RS-PROP-0449,USR-1028,Manoj Thyagarajan,USR-1028,USR-1057,SUR-732/32,1800.0,"Velachery East, Velachery, Chennai",Chennai,Tamil Nadu,Sale Deed,RS-DOC-0449-1,2020-02-28,Ganesh Chandran,2,545fe75b2eeb09d94bf77f4f8ee9a7acd9f57528a0384498227f0a11bf046f38,Verified,1,1,1,0,0,0,0,0,Synthetic development/demo dataset
RS-PROP-0449,USR-1028,Manoj Thyagarajan,USR-1028,USR-1057,SUR-732/32,1800.0,"Velachery East, Velachery, Chennai",Chennai,Tamil Nadu,Land Record,RS-DOC-0449-2,2020-02-28,Ganesh Chandran,2,a3881f993312314f5993a64b3f74b337262cf8aee9f9584bede8ca38445621e5,Verified,1,1,1,0,0,0,0,0,Synthetic development/demo dataset
RS-PROP-0449,USR-1028,Manoj Thyagarajan,USR-1028,USR-1057,SUR-732/32,1800.0,"Velachery East, Velachery, Chennai",Chennai,Tamil Nadu,Encumbrance Certificate,RS-DOC-0449-3,2020-02-28,Ganesh Chandran,2,3a8bc6aaa6551fa70561ca28b80d6e1389abd90a9bab05baf0e280d7f2f8bb52,Verified,1,1,1,0,0,0,0,0,Synthetic development/demo dataset
RS-PROP-0450,USR-1030,Vijay Srinivasan,USR-1030,USR-1059,SUR-223/31,1200.0,"Kattur, Srirangam, Tiruchirappalli",Tiruchirappalli,Tamil Nadu,Sale Deed,RS-DOC-0450-1,2019-03-14,Priya Iyer,1,99915ac0798b5afc61c38e19e41f698c7f7b4caaf68283cf41dae96c132174ef,Verified,1,1,1,0,0,0,0,0,Synthetic development/demo dataset
RS-PROP-0450,USR-1030,Vijay Srinivasan,USR-1030,USR-1059,SUR-223/31,1200.0,"Kattur, Srirangam, Tiruchirappalli",Tiruchirappalli,Tamil Nadu,Land Record,RS-DOC-0450-2,2019-03-14,Priya Iyer,1,70fcd843fffe395810e2df2fc5fd3ba3f281ba4a853b8ea5c2740a2d49f240fb,Verified,1,1,1,0,0,0,0,0,Synthetic development/demo dataset
RS-PROP-0450,USR-1030,Vijay Srinivasan,USR-1030,USR-1059,SUR-223/31,1200.0,"Kattur, Srirangam, Tiruchirappalli",Tiruchirappalli,Tamil Nadu,Encumbrance Certificate,RS-DOC-0450-3,2019-03-14,Priya Iyer,1,e502d2cec9847302f896f2ae070c06e19f31c7fe8586d7298131c80b80f62aef,Verified,1,1,1,0,0,0,0,0,Synthetic development/demo dataset
RS-PROP-0451,USR-1032,Sundar Chandran,USR-1032,USR-1002,SUR-162/91,1200.0,"Thandalam, Kundrathur, Kanchipuram",Kanchipuram,Tamil Nadu,Sale Deed,RS-DOC-0451-1,2018-05-12,Revathi Reddy,2,75f8de2f8a476b792ce5de137999dfcccb97984da91bb5d9a3a48b491119f8b5,Hash Mismatch,0,1,1,0,0,0,0,1,Synthetic development/demo dataset
RS-PROP-0451,USR-1032,Sundar Chandran,USR-1032,USR-1002,SUR-162/91,1200.0,"Thandalam, Kundrathur, Kanchipuram",Kanchipuram,Tamil Nadu,Land Record,RS-DOC-0451-2,2018-05-12,Revathi Reddy,2,b26d907418870898c24cc6635c529978a7128412353ca24602e921a6efb48a67,Verified,0,1,1,0,0,0,0,1,Synthetic development/demo dataset
RS-PROP-0451,USR-1032,Sundar Chandran,USR-1032,USR-1002,SUR-162/91,1200.0,"Thandalam, Kundrathur, Kanchipuram",Kanchipuram,Tamil Nadu,Encumbrance Certificate,RS-DOC-0451-3,2018-05-12,Revathi Reddy,2,f093a2c02b5e0f83044e21d9dff696a59fdf79b8f3a4c6844b7b67f855e649ba,Verified,0,1,1,0,0,0,0,1,Synthetic development/demo dataset
RS-PROP-0451,USR-1032,Sundar Chandran,USR-1032,USR-1002,SUR-162/91,1200.0,"Thandalam, Kundrathur, Kanchipuram",Kanchipuram,Tamil Nadu,Property Tax Receipt,RS-DOC-0451-4,2018-05-12,Revathi Reddy,2,8d3af93fd8cd0561fa6e26122314877798aac8ea441a5cb006d72261357ecc2e,Verified,0,1,1,0,0,0,0,1,Synthetic development/demo dataset
RS-PROP-0452,USR-1034,Revathi Natarajan,USR-1034,USR-1004,SUR-603/6C,3000.0,"Gandhipuram, Coimbatore North, Coimbatore",Coimbatore,Tamil Nadu,Sale Deed,RS-DOC-0452-1,2018-11-01,Meenakshi Rao,3,24ef98d0a1a481353cc644ea46797e3d65c29dd98b48a8839d8863e52bc823c4,Verified,1,1,1,0,0,0,0,0,Synthetic development/demo dataset
RS-PROP-0452,USR-1034,Revathi Natarajan,USR-1034,USR-1004,SUR-603/6C,3000.0,"Gandhipuram, Coimbatore North, Coimbatore",Coimbatore,Tamil Nadu,Land Record,RS-DOC-0452-2,2018-11-01,Meenakshi Rao,3,27230f69be0bbb5bec84f29b2671cb86eb9e226f7329fcd5d1423637973f801d,Verified,1,1,1,0,0,0,0,0,Synthetic development/demo dataset
RS-PROP-0452,USR-1034,Revathi Natarajan,USR-1034,USR-1004,SUR-603/6C,3000.0,"Gandhipuram, Coimbatore North, Coimbatore",Coimbatore,Tamil Nadu,Encumbrance Certificate,RS-DOC-0452-3,2018-11-01,Meenakshi Rao,3,02411eab392cf4885c94130e117ef389722437e898930da01fb3ec5c89a67a09,Verified,1,1,1,0,0,0,0,0,Synthetic development/demo dataset
RS-PROP-0452,USR-1034,Revathi Natarajan,USR-1034,USR-1004,SUR-603/6C,3000.0,"Gandhipuram, Coimbatore North, Coimbatore",Coimbatore,Tamil Nadu,Property Tax Receipt,RS-DOC-0452-4,2018-11-01,Meenakshi Rao,3,433c482dfef9048e6ca3e989f45dad4e33cd08d92a69b32d7af549438a8a2a66,Verified,1,1,1,0,0,0,0,0,Synthetic development/demo dataset
RS-PROP-0453,USR-1036,Revathi Iyer,USR-1036,USR-1006,SUR-208/32,1500.0,"Koodal Nagar, Melur, Madurai",Madurai,Tamil Nadu,Sale Deed,RS-DOC-0453-1,2022-11-27,Vijay Iyer,1,472e39e69f635893253d62af5b581c4efeb2cea630ff321ff44d2d1a1a096ecb,Verified,1,1,1,0,0,0,1,0,Synthetic development/demo dataset
RS-PROP-0454,USR-1038,Karthik Subramanian,USR-1038,USR-1007,SUR-828/52,3600.0,"Maraimalai Nagar, Maduranthakam, Chengalpattu",Chengalpattu,Tamil Nadu,Sale Deed,RS-DOC-0454-1,2021-11-23,Ramesh Vaidyanathan,4,746700729c816c0ff0f5fad0f317a1f2fe679fd66d1aa1f1272dabf4c9bc5b2f,Verified,1,1,1,0,0,0,0,0,Synthetic development/demo dataset
RS-PROP-0454,USR-1038,Karthik Subramanian,USR-1038,USR-1007,SUR-828/52,3600.0,"Maraimalai Nagar, Maduranthakam, Chengalpattu",Chengalpattu,Tamil Nadu,Land Record,RS-DOC-0454-2,2021-11-23,Ramesh Vaidyanathan,4,c17fe2120e51e7ec906028444849588b1819ada614fcb2d46f0021bd9cb655b9,Verified,1,1,1,0,0,0,0,0,Synthetic development/demo dataset
RS-PROP-0454,USR-1038,Karthik Subramanian,USR-1038,USR-1007,SUR-828/52,3600.0,"Maraimalai Nagar, Maduranthakam, Chengalpattu",Chengalpattu,Tamil Nadu,Encumbrance Certificate,RS-DOC-0454-3,2021-11-23,Ramesh Vaidyanathan,4,3efd53ed900ed5be6f320dbbe23029d79c464a57e930a4b05159d2b322a828e3,Verified,1,1,1,0,0,0,0,0,Synthetic development/demo dataset
RS-PROP-0454,USR-1038,Karthik Subramanian,USR-1038,USR-1007,SUR-828/52,3600.0,"Maraimalai Nagar, Maduranthakam, Chengalpattu",Chengalpattu,Tamil Nadu,Property Tax Receipt,RS-DOC-0454-4,2021-11-23,Ramesh Vaidyanathan,4,809414053e23e24d580812ec5e991ca68e1ccafd765e5c2e18e4786d9d6fa7e6,Verified,1,1,1,0,0,0,0,0,Synthetic development/demo dataset
RS-PROP-0455,USR-1040,Revathi Subramanian,USR-1040,USR-1009,SUR-162/41,5400.0,"Sunguvarchatram, Sriperumbudur, Kanchipuram",Kanchipuram,Tamil Nadu,Sale Deed,RS-DOC-0455-1,2022-09-03,Lakshmi Swaminathan,4,eaf3c300b216ca59607e559e28843952fe35613eefb4d0fea51e12f1f6ff68c9,Verified,1,1,1,0,0,0,0,0,Synthetic development/demo dataset
RS-PROP-0455,USR-1040,Revathi Subramanian,USR-1040,USR-1009,SUR-162/41,5400.0,"Sunguvarchatram, Sriperumbudur, Kanchipuram",Kanchipuram,Tamil Nadu,Land Record,RS-DOC-0455-2,2022-09-03,Lakshmi Swaminathan,4,755d2ebd54b2c2e644a3343ab92d2465a31e3188aae39eb5781be9c187b9fce3,Verified,1,1,1,0,0,0,0,0,Synthetic development/demo dataset
RS-PROP-0455,USR-1040,Revathi Subramanian,USR-1040,USR-1009,SUR-162/41,5400.0,"Sunguvarchatram, Sriperumbudur, Kanchipuram",Kanchipuram,Tamil Nadu,Encumbrance Certificate,RS-DOC-0455-3,2022-09-03,Lakshmi Swaminathan,4,8875dad9dfca9d2a14e3b091ec6215887424f716d722f31d5ca086ec27c2b2c1,Verified,1,1,1,0,0,0,0,0,Synthetic development/demo dataset
RS-PROP-0456,USR-1042,Divya Krishnan,USR-1042,USR-1011,SUR-323/12,5400.0,"Adambakkam, Alandur, Chennai",Chennai,Tamil Nadu,Sale Deed,RS-DOC-0456-1,2023-12-17,Ganesh Pillai,3,4018eb4e76daedb8d83aad268b36870b60049343c49ddc93bdf9ef39ed4c7b7c,Verified,1,1,1,0,0,0,0,0,Synthetic development/demo dataset
RS-PROP-0456,USR-1042,Divya Krishnan,USR-1042,USR-1011,SUR-323/12,5400.0,"Adambakkam, Alandur, Chennai",Chennai,Tamil Nadu,Land Record,RS-DOC-0456-2,2023-12-17,Ganesh Pillai,3,75031a1f0f75321ad69991b8d951a85d1d7d8cd94c4541f23ca5a63f5299ae81,Verified,1,1,1,0,0,0,0,0,Synthetic development/demo dataset
RS-PROP-0456,USR-1042,Divya Krishnan,USR-1042,USR-1011,SUR-323/12,5400.0,"Adambakkam, Alandur, Chennai",Chennai,Tamil Nadu,Encumbrance Certificate,RS-DOC-0456-3,2023-12-17,Ganesh Pillai,3,4d0dcd6c2b060718d91c3e8dc8542c8ae7f7ef14562dfbaa8afbc1e2bd14e63f,Verified,1,1,1,0,0,0,0,0,Synthetic development/demo dataset
RS-PROP-0456,USR-1042,Divya Krishnan,USR-1042,USR-1011,SUR-323/12,5400.0,"Adambakkam, Alandur, Chennai",Chennai,Tamil Nadu,Property Tax Receipt,RS-DOC-0456-4,2023-12-17,Ganesh Pillai,3,de5eeb6f81552a71fff860a6739017cd273396f6b7981571723175006cb708e3,Verified,1,1,1,0,0,0,0,0,Synthetic development/demo dataset
RS-PROP-0457,USR-1044,Swetha Pillai,USR-1044,USR-1013,SUR-384/3C,1200.0,"Velachery East, Sholinganallur, Chennai",Chennai,Tamil Nadu,Sale Deed,RS-DOC-0457-1,2019-04-18,Ramesh Kumar,5,8d6ad0a79a9ae13a3572cf8790733dd3afc9afa0890c69acc4f2e8f4e023c616,Verified,1,1,1,0,0,1,0,0,Synthetic development/demo dataset
RS-PROP-0457,USR-1044,Swetha Pillai,USR-1044,USR-1013,SUR-384/3C,1200.0,"Velachery East, Sholinganallur, Chennai",Chennai,Tamil Nadu,Land Record,RS-DOC-0457-2,2019-04-18,Ramesh Kumar,5,67ba70bee5c17c1d46e0933c8fa167bc896079c479beb2e1ce01d07c7a015e9f,Verified,1,1,1,0,0,1,0,0,Synthetic development/demo dataset
RS-PROP-0457,USR-1044,Swetha Pillai,USR-1044,USR-1013,SUR-384/3C,1200.0,"Velachery East, Sholinganallur, Chennai",Chennai,Tamil Nadu,Encumbrance Certificate,RS-DOC-0457-3,2019-04-18,Ramesh Kumar,5,846b083634122b7a5363986469b0d1db70a8b11f2d59c0c097f98fbd00c80576,Verified,1,1,1,0,0,1,0,0,Synthetic development/demo dataset
RS-PROP-0457,USR-1044,Swetha Pillai,USR-1044,USR-1013,SUR-384/3C,1200.0,"Velachery East, Sholinganallur, Chennai",Chennai,Tamil Nadu,Property Tax Receipt,RS-DOC-0457-4,2019-04-18,Ramesh Kumar,5,3c334f3042483c5548258ea96bd9ab1ed9f8012082e840e7cd9534be82d1891d,Verified,1,1,1,0,0,1,0,0,Synthetic development/demo dataset
RS-PROP-0458,USR-1046,Priya Ganesan,USR-1046,USR-1015,SUR-769/52,9600.0,"Ponmalai, Tiruchirappalli West, Tiruchirappalli",Tiruchirappalli,Tamil Nadu,Sale Deed,RS-DOC-0458-1,2024-08-08,Rajesh Murugan,6,d1fef78527f4e74844a675ec3ab7febba5543ff9683f3fb4887ca6815da34384,Verified,1,1,1,0,1,0,0,1,Synthetic development/demo dataset
RS-PROP-0458,USR-1046,Priya Ganesan,USR-1046,USR-1015,SUR-769/52,9600.0,"Ponmalai, Tiruchirappalli West, Tiruchirappalli",Tiruchirappalli,Tamil Nadu,Land Record,RS-DOC-0458-2,2024-08-08,Rajesh Murugan,6,65df204622154cc0a9a4b7cb02a8dfab78d013036ae7de9cca7799fc5a3feafc,Verified,1,1,1,0,1,0,0,1,Synthetic development/demo dataset
RS-PROP-0458,USR-1046,Priya Ganesan,USR-1046,USR-1015,SUR-769/52,9600.0,"Ponmalai, Tiruchirappalli West, Tiruchirappalli",Tiruchirappalli,Tamil Nadu,Encumbrance Certificate,RS-DOC-0458-3,2024-08-08,Rajesh Murugan,6,d174ad642cdc9aebe4460fde283edeccdb16f5a0aec8fb9abb1bad48bc4008e4,Verified,1,1,1,0,1,0,0,1,Synthetic development/demo dataset
RS-PROP-0458,USR-1046,Priya Ganesan,USR-1046,USR-1015,SUR-769/52,9600.0,"Ponmalai, Tiruchirappalli West, Tiruchirappalli",Tiruchirappalli,Tamil Nadu,Property Tax Receipt,RS-DOC-0458-4,2024-08-08,Rajesh Murugan,6,6951f312743a354918cb107b5783a763bed179ccb6fc3aa8008bf2c637879a9f,Verified,1,1,1,0,1,0,0,1,Synthetic development/demo dataset
RS-PROP-0459,USR-1048,Balaji Iyer,USR-1048,USR-1017,SUR-763/5A,3000.0,"Anna Nagar, Melur, Madurai",Madurai,Tamil Nadu,Sale Deed,RS-DOC-0459-1,2019-07-22,Vijay Sundaram,1,0da213340751e1bf81d972502a1812c13840ba878daf69ade88fd93cc4c31a8e,Verified,1,1,1,0,0,0,0,0,Synthetic development/demo dataset
RS-PROP-0459,USR-1048,Balaji Iyer,USR-1048,USR-1017,SUR-763/5A,3000.0,"Anna Nagar, Melur, Madurai",Madurai,Tamil Nadu,Land Record,RS-DOC-0459-2,2019-07-22,Vijay Sundaram,1,82baabdc1a218725567cb42693e034659fe9940b6426e564a25bf7d8e9938d38,Verified,1,1,1,0,0,0,0,0,Synthetic development/demo dataset
RS-PROP-0459,USR-1048,Balaji Iyer,USR-1048,USR-1017,SUR-763/5A,3000.0,"Anna Nagar, Melur, Madurai",Madurai,Tamil Nadu,Encumbrance Certificate,RS-DOC-0459-3,2019-07-22,Vijay Sundaram,1,c0eb3677f9800caaafde5574410d448c113ed1b2f8186e7b14a44d7bf4c10000,Verified,1,1,1,0,0,0,0,0,Synthetic development/demo dataset
RS-PROP-0460,USR-1050,Ananya Balasubramanian,USR-1050,USR-1019,SUR-202/71,1200.0,"Maraimalai Nagar, Vandalur, Chengalpattu",Chengalpattu,Tamil Nadu,Sale Deed,RS-DOC-0460-1,2024-01-25,Karthik Subramanian,1,06a63d629ab4ecfa5f6a350ded9563bd3c5f66993ca23a276255a66042c37159,Hash Mismatch,0,1,1,0,0,0,0,1,Synthetic development/demo dataset
RS-PROP-0460,USR-1050,Ananya Balasubramanian,USR-1050,USR-1019,SUR-202/71,1200.0,"Maraimalai Nagar, Vandalur, Chengalpattu",Chengalpattu,Tamil Nadu,Land Record,RS-DOC-0460-2,2024-01-25,Karthik Subramanian,1,b0c13d088916559aba08c58dd89125dc5aca77acc4ed49b1ebe9679a4853cbc4,Verified,0,1,1,0,0,0,0,1,Synthetic development/demo dataset
RS-PROP-0460,USR-1050,Ananya Balasubramanian,USR-1050,USR-1019,SUR-202/71,1200.0,"Maraimalai Nagar, Vandalur, Chengalpattu",Chengalpattu,Tamil Nadu,Encumbrance Certificate,RS-DOC-0460-3,2024-01-25,Karthik Subramanian,1,51212a97893931a715a70c14992ac930fc67519b8190c3972293f381d2bbdd05,Verified,0,1,1,0,0,0,0,1,Synthetic development/demo dataset
RS-PROP-0461,USR-1052,Venkatesh Iyer,USR-1052,USR-1021,SUR-554/3C,3600.0,"Maraimalai Nagar, Maduranthakam, Chengalpattu",Chengalpattu,Tamil Nadu,Sale Deed,RS-DOC-0461-1,2019-04-02,Revathi Ganesan,1,3d382fcaa5a5fb458b002713eefa2fd82f84d11c8e050385812b4e5191d953f1,Verified,1,1,1,0,0,0,0,0,Synthetic development/demo dataset
RS-PROP-0461,USR-1052,Venkatesh Iyer,USR-1052,USR-1021,SUR-554/3C,3600.0,"Maraimalai Nagar, Maduranthakam, Chengalpattu",Chengalpattu,Tamil Nadu,Land Record,RS-DOC-0461-2,2019-04-02,Revathi Ganesan,1,6cd90f5efe999f6185e12d1e6bb91ae6cc51410ac8a02575a533e4e7d5599e50,Verified,1,1,1,0,0,0,0,0,Synthetic development/demo dataset
RS-PROP-0461,USR-1052,Venkatesh Iyer,USR-1052,USR-1021,SUR-554/3C,3600.0,"Maraimalai Nagar, Maduranthakam, Chengalpattu",Chengalpattu,Tamil Nadu,Encumbrance Certificate,RS-DOC-0461-3,2019-04-02,Revathi Ganesan,1,2c5ceaa384f9af3ea135f49beab5b289b7d188ffd93033b269843ef4c9f157c0,Verified,1,1,1,0,0,0,0,0,Synthetic development/demo dataset
RS-PROP-0461,USR-1052,Venkatesh Iyer,USR-1052,USR-1021,SUR-554/3C,3600.0,"Maraimalai Nagar, Maduranthakam, Chengalpattu",Chengalpattu,Tamil Nadu,Property Tax Receipt,RS-DOC-0461-4,2019-04-02,Revathi Ganesan,1,59f83b38f4de08c72fc7b71874148d9299eb2b0ad2c3cb8259cc5596d36c4326,Verified,1,1,1,0,0,0,0,0,Synthetic development/demo dataset
RS-PROP-0462,USR-1054,Madhavan Subramanian,USR-1054,USR-1023,SUR-332/71,1800.0,"Madipakkam, Alandur, Chennai",Chennai,Tamil Nadu,Sale Deed,RS-DOC-0462-1,2023-05-08,Aravind Natarajan,2,e0c8c44f9a70fc74795a1954513ae8ded5a2b8af2368e5136cc2233e331f467a,Verified,1,1,1,0,0,0,0,0,Synthetic development/demo dataset
RS-PROP-0462,USR-1054,Madhavan Subramanian,USR-1054,USR-1023,SUR-332/71,1800.0,"Madipakkam, Alandur, Chennai",Chennai,Tamil Nadu,Land Record,RS-DOC-0462-2,2023-05-08,Aravind Natarajan,2,d3032a031be24fbb69a3dfc2dbf8807b8df10dbbcc42bde18cd9891ebafb4213,Verified,1,1,1,0,0,0,0,0,Synthetic development/demo dataset
RS-PROP-0462,USR-1054,Madhavan Subramanian,USR-1054,USR-1023,SUR-332/71,1800.0,"Madipakkam, Alandur, Chennai",Chennai,Tamil Nadu,Encumbrance Certificate,RS-DOC-0462-3,2023-05-08,Aravind Natarajan,2,bde4876e484257ee9b12f81417a0a18048f37ecd1fbb4464fdea61e736c69bf6,Verified,1,1,1,0,0,0,0,0,Synthetic development/demo dataset
RS-PROP-0463,USR-1056,Manoj Reddy,USR-1056,USR-1025,SUR-221/6A,1200.0,"Pallavaram, Mylapore, Chennai",Chennai,Tamil Nadu,Sale Deed,RS-DOC-0463-1,2019-03-14,Bhavani Krishnan,2,07a011a912982adc69f0d3c3b7405fe0f17ae8bd5c14f5365ec05a28363a319f,Verified,1,1,1,0,0,0,0,0,Synthetic development/demo dataset
RS-PROP-0463,USR-1056,Manoj Reddy,USR-1056,USR-1025,SUR-221/6A,1200.0,"Pallavaram, Mylapore, Chennai",Chennai,Tamil Nadu,Land Record,RS-DOC-0463-2,2019-03-14,Bhavani Krishnan,2,21dbddb4a514a6ce221a30b75bfe54caeafedce8ebdf1bd3e685dd6226b3499a,Verified,1,1,1,0,0,0,0,0,Synthetic development/demo dataset
RS-PROP-0463,USR-1056,Manoj Reddy,USR-1056,USR-1025,SUR-221/6A,1200.0,"Pallavaram, Mylapore, Chennai",Chennai,Tamil Nadu,Encumbrance Certificate,RS-DOC-0463-3,2019-03-14,Bhavani Krishnan,2,0dbb76374cdc5a619f32ac5f1bad3a3bc7320615c6610f3014f03b74fca72d7b,Verified,1,1,1,0,0,0,0,0,Synthetic development/demo dataset
RS-PROP-0464,USR-1058,Dinesh Natarajan,USR-1058,USR-1027,SUR-371/2A,1800.0,"Mangadu, Kundrathur, Kanchipuram",Kanchipuram,Tamil Nadu,Sale Deed,RS-DOC-0464-1,2019-06-05,Aravind Swaminathan,1,eeb8c676a431ba795b8f84fe56310a064ef8c6971e13c47069034cf6cd6651ce,Verified,0,0,1,0,0,0,0,1,Synthetic development/demo dataset
RS-PROP-0464,USR-1058,Dinesh Natarajan,USR-1058,USR-1027,SUR-371/2A,1800.0,"Mangadu, Kundrathur, Kanchipuram",Kanchipuram,Tamil Nadu,Land Record,RS-DOC-0464-2,2019-06-05,Aravind Swaminathan,1,e5adea22bf6d7c90f5fadc86d254f6f25e6b47517551fbe8d6ece843f3d01452,Verified,0,0,1,0,0,0,0,1,Synthetic development/demo dataset
RS-PROP-0464,USR-1058,Dinesh Natarajan,USR-1058,USR-1027,SUR-371/2A,1800.0,"Mangadu, Kundrathur, Kanchipuram",Kanchipuram,Tamil Nadu,Encumbrance Certificate,RS-DOC-0464-3,2019-06-05,Aravind Swaminathan,1,761d7c6cbf364ed635b6b6b6c60663d584f18f3951de1987608bee749fc18c53,Verified,0,0,1,0,0,0,0,1,Synthetic development/demo dataset
RS-PROP-0465,USR-1001,Dinesh Rao,USR-1001,USR-1029,SUR-810/72,3600.0,"Kovaipudur, Sulur, Coimbatore",Coimbatore,Tamil Nadu,Sale Deed,RS-DOC-0465-1,2024-11-08,Aravind Vaidyanathan,4,7bcb03774b23a7e13dfe2896c12836a28f873c6945d1b36cc1ac8b926756c99d,Verified,1,1,1,0,0,0,0,0,Synthetic development/demo dataset
RS-PROP-0465,USR-1001,Dinesh Rao,USR-1001,USR-1029,SUR-810/72,3600.0,"Kovaipudur, Sulur, Coimbatore",Coimbatore,Tamil Nadu,Land Record,RS-DOC-0465-2,2024-11-08,Aravind Vaidyanathan,4,ed2f9f603c3134b0d14fbe5052e5ec22d77dfb37988c2d46b7593630ca19dbe3,Verified,1,1,1,0,0,0,0,0,Synthetic development/demo dataset
RS-PROP-0465,USR-1001,Dinesh Rao,USR-1001,USR-1029,SUR-810/72,3600.0,"Kovaipudur, Sulur, Coimbatore",Coimbatore,Tamil Nadu,Encumbrance Certificate,RS-DOC-0465-3,2024-11-08,Aravind Vaidyanathan,4,eba706bd6fe9a360d060951854cc82f897fbe25b0b3372b2246480506043b31f,Verified,1,1,1,0,0,0,0,0,Synthetic development/demo dataset
RS-PROP-0466,USR-1003,Sundar Gopal,USR-1003,USR-1031,SUR-531/92,2400.0,"Thoraipakkam, Mylapore, Chennai",Chennai,Tamil Nadu,Sale Deed,RS-DOC-0466-1,2018-04-12,Arun Iyer,3,e015d5ecb6fafc0dc45b0ee1c21ee45f2eca56aee9ec7931b4757b729c653d10,Verified,1,1,1,0,0,0,0,0,Synthetic development/demo dataset
RS-PROP-0466,USR-1003,Sundar Gopal,USR-1003,USR-1031,SUR-531/92,2400.0,"Thoraipakkam, Mylapore, Chennai",Chennai,Tamil Nadu,Land Record,RS-DOC-0466-2,2018-04-12,Arun Iyer,3,9451bc960fd6460eb5487746fadfb0484fa72890756a2a2348bc0105fab2bc7a,Verified,1,1,1,0,0,0,0,0,Synthetic development/demo dataset
RS-PROP-0466,USR-1003,Sundar Gopal,USR-1003,USR-1031,SUR-531/92,2400.0,"Thoraipakkam, Mylapore, Chennai",Chennai,Tamil Nadu,Encumbrance Certificate,RS-DOC-0466-3,2018-04-12,Arun Iyer,3,1b064c9da112b187855a3cf36dee2ee3fcff1a1008bd04c14fd4c1334ab8170c,Verified,1,1,1,0,0,0,0,0,Synthetic development/demo dataset
RS-PROP-0466,USR-1003,Sundar Gopal,USR-1003,USR-1031,SUR-531/92,2400.0,"Thoraipakkam, Mylapore, Chennai",Chennai,Tamil Nadu,Property Tax Receipt,RS-DOC-0466-4,2018-04-12,Arun Iyer,3,69b593112c8bcdbe1c8fe1cb0ba78591d1c0d8b9956b07dfc6b0a571627d3639,Verified,1,1,1,0,0,0,0,0,Synthetic development/demo dataset
RS-PROP-0467,USR-1005,Dinesh Reddy,USR-1005,USR-1033,SUR-247/91,2400.0,"Siruseri, Thiruporur, Chengalpattu",Chengalpattu,Tamil Nadu,Sale Deed,RS-DOC-0467-1,2024-04-02,Meenakshi Natarajan,4,fa34b31ac9860ac03de89580ca0df2399d6d5685b582970c89e17862c09eee4e,Verified,1,1,1,0,0,0,0,0,Synthetic development/demo dataset
RS-PROP-0467,USR-1005,Dinesh Reddy,USR-1005,USR-1033,SUR-247/91,2400.0,"Siruseri, Thiruporur, Chengalpattu",Chengalpattu,Tamil Nadu,Land Record,RS-DOC-0467-2,2024-04-02,Meenakshi Natarajan,4,8c5e27afaed1f0503e76a5556d1f11458139e1cba28c2ad362b9f6b9731d5c58,Verified,1,1,1,0,0,0,0,0,Synthetic development/demo dataset
RS-PROP-0467,USR-1005,Dinesh Reddy,USR-1005,USR-1033,SUR-247/91,2400.0,"Siruseri, Thiruporur, Chengalpattu",Chengalpattu,Tamil Nadu,Encumbrance Certificate,RS-DOC-0467-3,2024-04-02,Meenakshi Natarajan,4,f32ea9bda5b293b187649b45c4893da9f8a55c42d38bdf906a85b7cf0d8b3efd,Verified,1,1,1,0,0,0,0,0,Synthetic development/demo dataset
RS-PROP-0467,USR-1005,Dinesh Reddy,USR-1005,USR-1033,SUR-247/91,2400.0,"Siruseri, Thiruporur, Chengalpattu",Chengalpattu,Tamil Nadu,Property Tax Receipt,RS-DOC-0467-4,2024-04-02,Meenakshi Natarajan,4,6aa5739b8cb1cd598e508dde9def0d6c4730a0c75607e834378275bb4eff3f75,Verified,1,1,1,0,0,0,0,0,Synthetic development/demo dataset
RS-PROP-0468,USR-1008,Ananya Srinivasan,USR-1008,USR-1035,SUR-991/3A,1800.0,"Adambakkam, Velachery, Chennai",Chennai,Tamil Nadu,Sale Deed,RS-DOC-0468-1,2019-02-08,Deepa Kumar,4,4f84b2301b1cbd7d6058fce40828c3263b7874c6d3ffb98e5d7f80475358ab02,Verified,1,1,0,0,0,0,0,0,Synthetic development/demo dataset
RS-PROP-0468,USR-1008,Ananya Srinivasan,USR-1008,USR-1035,SUR-991/3A,1800.0,"Adambakkam, Velachery, Chennai",Chennai,Tamil Nadu,Land Record,RS-DOC-0468-2,2019-02-08,Deepa Kumar,4,2d048143fb429310b9b5724f90b579855a63b2590e1b4f0d166de30204adc450,Verified,1,1,0,0,0,0,0,0,Synthetic development/demo dataset
RS-PROP-0468,USR-1008,Ananya Srinivasan,USR-1008,USR-1035,SUR-991/3A,1800.0,"Adambakkam, Velachery, Chennai",Chennai,Tamil Nadu,Encumbrance Certificate,RS-DOC-0468-3,2019-02-08,Deepa Kumar,4,6fa64249b1ec1d3c065e3503ccc8b01012a64087ba69c21ec8bf2e430e8890c4,Verified,1,1,0,0,0,0,0,0,Synthetic development/demo dataset
RS-PROP-0469,USR-1010,Bhavani Swaminathan,USR-1010,USR-1037,SUR-213/3A,1200.0,"Srirangam Central, Tiruchirappalli West, Tiruchirappalli",Tiruchirappalli,Tamil Nadu,Sale Deed,RS-DOC-0469-1,2024-03-17,Lakshmi Kumar,4,34dc73dba735a424e9051655b080e9bb4bb51d153841c43c3d3651c7c8215cfd,Verified,1,1,1,0,0,0,0,0,Synthetic development/demo dataset
RS-PROP-0469,USR-1010,Bhavani Swaminathan,USR-1010,USR-1037,SUR-213/3A,1200.0,"Srirangam Central, Tiruchirappalli West, Tiruchirappalli",Tiruchirappalli,Tamil Nadu,Land Record,RS-DOC-0469-2,2024-03-17,Lakshmi Kumar,4,2add22fcbaabee5996b10f6449a57585fc9519f8a214fd94ce743561c6bc2e2a,Verified,1,1,1,0,0,0,0,0,Synthetic development/demo dataset
RS-PROP-0469,USR-1010,Bhavani Swaminathan,USR-1010,USR-1037,SUR-213/3A,1200.0,"Srirangam Central, Tiruchirappalli West, Tiruchirappalli",Tiruchirappalli,Tamil Nadu,Encumbrance Certificate,RS-DOC-0469-3,2024-03-17,Lakshmi Kumar,4,dc4961508e58bf04729457fc283408d2604e69b0b640990bfd7e4e5cd2e0809e,Verified,1,1,1,0,0,0,0,0,Synthetic development/demo dataset
RS-PROP-0470,USR-1012,Ganesh Srinivasan,USR-1012,USR-1039,SUR-533/3C,1500.0,"Anna Nagar, Thirumangalam, Madurai",Madurai,Tamil Nadu,Sale Deed,RS-DOC-0470-1,2021-03-24,Divya Gopal,1,386c9a635c4f3fb3d2377525ae240bff494da08ea58ba026ed0b7bf2d0ec6143,Verified,1,1,0,0,0,0,0,0,Synthetic development/demo dataset
RS-PROP-0470,USR-1012,Ganesh Srinivasan,USR-1012,USR-1039,SUR-533/3C,1500.0,"Anna Nagar, Thirumangalam, Madurai",Madurai,Tamil Nadu,Land Record,RS-DOC-0470-2,2021-03-24,Divya Gopal,1,0c59be33694fa728737bbd863ed91d76bf5b72def0062de1e62b73552f6485fd,Verified,1,1,0,0,0,0,0,0,Synthetic development/demo dataset
RS-PROP-0470,USR-1012,Ganesh Srinivasan,USR-1012,USR-1039,SUR-533/3C,1500.0,"Anna Nagar, Thirumangalam, Madurai",Madurai,Tamil Nadu,Encumbrance Certificate,RS-DOC-0470-3,2021-03-24,Divya Gopal,1,747f44a8c999429fa4fc52cb633c0d6356dd1b618dbbc186a10d78d90087971d,Verified,1,1,0,0,0,0,0,0,Synthetic development/demo dataset
RS-PROP-0471,USR-1014,Harini Gopal,USR-1014,USR-1041,SUR-762/7B,3000.0,"Padur, Vandalur, Chengalpattu",Chengalpattu,Tamil Nadu,Sale Deed,RS-DOC-0471-1,2018-02-12,Bhavani Kumar,3,cebfdb971cfef3f9888369640990436a7bd1b8eacec4aae36b5a23244411a0b9,Verified,1,0,1,0,0,1,0,1,Synthetic development/demo dataset
RS-PROP-0471,USR-1014,Harini Gopal,USR-1014,USR-1041,SUR-762/7B,3000.0,"Padur, Vandalur, Chengalpattu",Chengalpattu,Tamil Nadu,Land Record,RS-DOC-0471-2,2018-02-12,Bhavani Kumar,3,5e4204a7963f65d50b13e37a7ad427baabcf62031471dacdfad47ff9dba0aeed,Verified,1,0,1,0,0,1,0,1,Synthetic development/demo dataset
RS-PROP-0471,USR-1014,Harini Gopal,USR-1014,USR-1041,SUR-762/7B,3000.0,"Padur, Vandalur, Chengalpattu",Chengalpattu,Tamil Nadu,Encumbrance Certificate,RS-DOC-0471-3,2018-02-12,Bhavani Kumar,3,c7b5a372908deaec9dc7a3633d969e10187cd14c8dfa768b112b86322d447d1a,Verified,1,0,1,0,0,1,0,1,Synthetic development/demo dataset
RS-PROP-0472,USR-1016,Swetha Murugan,USR-1016,USR-1043,SUR-145/8A,1200.0,"Adambakkam, Mylapore, Chennai",Chennai,Tamil Nadu,Sale Deed,RS-DOC-0472-1,2018-05-01,Dinesh Pillai,2,1bebc9b02e2f46e9cabc1b76eb475eb654d80cb57e67f48a87a5643384330fa0,Verified,0,0,1,0,0,0,0,1,Synthetic development/demo dataset
RS-PROP-0472,USR-1016,Swetha Murugan,USR-1016,USR-1043,SUR-145/8A,1200.0,"Adambakkam, Mylapore, Chennai",Chennai,Tamil Nadu,Land Record,RS-DOC-0472-2,2018-05-01,Dinesh Pillai,2,479254dd59fa9c4548f22f2f2c11f6c25ae0d4877c442a8a7ecc9d47a62a3de2,Verified,0,0,1,0,0,0,0,1,Synthetic development/demo dataset
RS-PROP-0472,USR-1016,Swetha Murugan,USR-1016,USR-1043,SUR-145/8A,1200.0,"Adambakkam, Mylapore, Chennai",Chennai,Tamil Nadu,Encumbrance Certificate,RS-DOC-0472-3,2018-05-01,Dinesh Pillai,2,a206536cc11dfa3ceace5cabfb0c1faf2daa195a339a67179daa1bc8d6ba9032,Verified,0,0,1,0,0,0,0,1,Synthetic development/demo dataset
RS-PROP-0473,USR-1018,Ananya Balasubramanian,USR-1018,USR-1045,SUR-915/71,1200.0,"Maraimalai Nagar, Vandalur, Chengalpattu",Chengalpattu,Tamil Nadu,Sale Deed,RS-DOC-0473-1,2019-03-22,Gayathri Sundaram,2,6d5ea5989a11161b277fdad9da7b964b89f07f4ecd9dde54923b4ee943df8883,Verified,1,1,1,0,0,0,0,0,Synthetic development/demo dataset
RS-PROP-0473,USR-1018,Ananya Balasubramanian,USR-1018,USR-1045,SUR-915/71,1200.0,"Maraimalai Nagar, Vandalur, Chengalpattu",Chengalpattu,Tamil Nadu,Land Record,RS-DOC-0473-2,2019-03-22,Gayathri Sundaram,2,aca6048dbd861266e5119ee376c5d6360c7878a8fcb50f2b0374fe31003e8b60,Verified,1,1,1,0,0,0,0,0,Synthetic development/demo dataset
RS-PROP-0473,USR-1018,Ananya Balasubramanian,USR-1018,USR-1045,SUR-915/71,1200.0,"Maraimalai Nagar, Vandalur, Chengalpattu",Chengalpattu,Tamil Nadu,Encumbrance Certificate,RS-DOC-0473-3,2019-03-22,Gayathri Sundaram,2,c7cabc4fab92a50cbb8f3bfc823cd02fadb29c7b79799875e1029bba825f17b1,Verified,1,1,1,0,0,0,0,0,Synthetic development/demo dataset
RS-PROP-0474,USR-1020,Bhavani Swaminathan,USR-1020,USR-1047,SUR-468/7A,4800.0,"Padur, Thiruporur, Chengalpattu",Chengalpattu,Tamil Nadu,Sale Deed,RS-DOC-0474-1,2019-10-20,Deepa Subramanian,4,14a786ef7e200924caf6a3546ba5b509c7b1d63d1d79a7b7839b131d451d8f6f,Verified,0,1,1,0,0,1,0,1,Synthetic development/demo dataset
RS-PROP-0474,USR-1020,Bhavani Swaminathan,USR-1020,USR-1047,SUR-468/7A,4800.0,"Padur, Thiruporur, Chengalpattu",Chengalpattu,Tamil Nadu,Land Record,RS-DOC-0474-2,2019-10-20,Deepa Subramanian,4,8f4beff60054087b883f7209b9498b4ce2c9b05a00ef31110d7c5a285d0e2a21,Verified,0,1,1,0,0,1,0,1,Synthetic development/demo dataset
RS-PROP-0474,USR-1020,Bhavani Swaminathan,USR-1020,USR-1047,SUR-468/7A,4800.0,"Padur, Thiruporur, Chengalpattu",Chengalpattu,Tamil Nadu,Encumbrance Certificate,RS-DOC-0474-3,2019-10-20,Deepa Subramanian,4,ebb18b5afe08d4cccba0a9e5d093c38ea70b3eb5c94235820040279dc355c04b,Verified,0,1,1,0,0,1,0,1,Synthetic development/demo dataset
RS-PROP-0474,USR-1020,Bhavani Swaminathan,USR-1020,USR-1047,SUR-468/7A,4800.0,"Padur, Thiruporur, Chengalpattu",Chengalpattu,Tamil Nadu,Property Tax Receipt,RS-DOC-0474-4,2019-10-20,Deepa Subramanian,4,d8ba65b56c490b9425018b77b9531942ae5e4c4ab3e4660e2197877933649516,Verified,0,1,1,0,0,1,0,1,Synthetic development/demo dataset
RS-PROP-0475,USR-1022,Manoj Krishnan,USR-1022,USR-1049,SUR-472/6A,1500.0,"Adambakkam, Guindy, Chennai",Chennai,Tamil Nadu,Sale Deed,RS-DOC-0475-1,2023-08-09,Vignesh Murugan,2,1f349f5dfa3c9931bcc1b0f7f864d5fd543b527f18c9c344eb17f37eadf24067,Verified,1,1,1,0,0,0,0,0,Synthetic development/demo dataset
RS-PROP-0475,USR-1022,Manoj Krishnan,USR-1022,USR-1049,SUR-472/6A,1500.0,"Adambakkam, Guindy, Chennai",Chennai,Tamil Nadu,Land Record,RS-DOC-0475-2,2023-08-09,Vignesh Murugan,2,0f157bbdc77905fb1fa1126afe26bc0662e2c49389fbf07aecf96ba0f3997f22,Verified,1,1,1,0,0,0,0,0,Synthetic development/demo dataset
RS-PROP-0475,USR-1022,Manoj Krishnan,USR-1022,USR-1049,SUR-472/6A,1500.0,"Adambakkam, Guindy, Chennai",Chennai,Tamil Nadu,Encumbrance Certificate,RS-DOC-0475-3,2023-08-09,Vignesh Murugan,2,0e160b53333a6ab16301eafb56b1391002b73a44edf75a61a130761dcbea14f7,Verified,1,1,1,0,0,0,0,0,Synthetic development/demo dataset
RS-PROP-0475,USR-1022,Manoj Krishnan,USR-1022,USR-1049,SUR-472/6A,1500.0,"Adambakkam, Guindy, Chennai",Chennai,Tamil Nadu,Property Tax Receipt,RS-DOC-0475-4,2023-08-09,Vignesh Murugan,2,2685b481e980181c1ae32db8ad3e4bd2557559b5cc4970a9a5e2c8e21e5bc335,Verified,1,1,1,0,0,0,0,0,Synthetic development/demo dataset
RS-PROP-0476,USR-1024,Manoj Gopal,USR-1024,USR-1051,SUR-475/92,3600.0,"Kovaipudur, Coimbatore North, Coimbatore",Coimbatore,Tamil Nadu,Sale Deed,RS-DOC-0476-1,2018-11-14,Siddharth Murugan,1,e96946477f67718ab1fad3aa0cbd3688d5c9ce31d1c2087b5fdeeb1b1efb8c08,Verified,1,1,1,0,0,0,0,0,Synthetic development/demo dataset
RS-PROP-0476,USR-1024,Manoj Gopal,USR-1024,USR-1051,SUR-475/92,3600.0,"Kovaipudur, Coimbatore North, Coimbatore",Coimbatore,Tamil Nadu,Land Record,RS-DOC-0476-2,2018-11-14,Siddharth Murugan,1,2dcb4a636b316345974953ec6c998809a79889547128cf7bcfd6a83d686ce47e,Verified,1,1,1,0,0,0,0,0,Synthetic development/demo dataset
RS-PROP-0476,USR-1024,Manoj Gopal,USR-1024,USR-1051,SUR-475/92,3600.0,"Kovaipudur, Coimbatore North, Coimbatore",Coimbatore,Tamil Nadu,Encumbrance Certificate,RS-DOC-0476-3,2018-11-14,Siddharth Murugan,1,c7906071ab9130d7e72d02c5e4d7f8a0488c30d55b8b6b532992a2d8d4f019de,Verified,1,1,1,0,0,0,0,0,Synthetic development/demo dataset
RS-PROP-0476,USR-1024,Manoj Gopal,USR-1024,USR-1051,SUR-475/92,3600.0,"Kovaipudur, Coimbatore North, Coimbatore",Coimbatore,Tamil Nadu,Property Tax Receipt,RS-DOC-0476-4,2018-11-14,Siddharth Murugan,1,f3b95b501f9ba4caae78da835786ebbcd2ef374244895f1f1528821996ff782a,Verified,1,1,1,0,0,0,0,0,Synthetic development/demo dataset
RS-PROP-0477,USR-1026,Ananya Pillai,USR-1026,USR-1053,SUR-508/2B,4800.0,"Singanallur, Coimbatore North, Coimbatore",Coimbatore,Tamil Nadu,Sale Deed,RS-DOC-0477-1,2023-02-12,Gayathri Swaminathan,4,5b9574cbf9a66cb0263b47f28fde3dccfa4451dcf691437bb3404167b029ae65,Verified,1,1,0,0,0,0,0,0,Synthetic development/demo dataset
RS-PROP-0477,USR-1026,Ananya Pillai,USR-1026,USR-1053,SUR-508/2B,4800.0,"Singanallur, Coimbatore North, Coimbatore",Coimbatore,Tamil Nadu,Land Record,RS-DOC-0477-2,2023-02-12,Gayathri Swaminathan,4,7210697801b1baf75765803465a4745cd91f083a2f8ff3a06ce62869b9d1e60c,Verified,1,1,0,0,0,0,0,0,Synthetic development/demo dataset
RS-PROP-0477,USR-1026,Ananya Pillai,USR-1026,USR-1053,SUR-508/2B,4800.0,"Singanallur, Coimbatore North, Coimbatore",Coimbatore,Tamil Nadu,Encumbrance Certificate,RS-DOC-0477-3,2023-02-12,Gayathri Swaminathan,4,4e33f8fce0b84d4a06233b7a6f5ab5f38e38c9ca0f3e1ea5b681787cdca14ab5,Verified,1,1,0,0,0,0,0,0,Synthetic development/demo dataset
RS-PROP-0478,USR-1028,Deepa Rao,USR-1028,USR-1055,SUR-819/8A,3000.0,"Oragadam, Kundrathur, Kanchipuram",Kanchipuram,Tamil Nadu,Sale Deed,RS-DOC-0478-1,2018-09-05,Vignesh Subramanian,3,e9f33a0e654ac3060cb63249b5e532043120457d115378c4c488a102ee9403df,Verified,1,1,1,0,0,0,0,0,Synthetic development/demo dataset
RS-PROP-0478,USR-1028,Deepa Rao,USR-1028,USR-1055,SUR-819/8A,3000.0,"Oragadam, Kundrathur, Kanchipuram",Kanchipuram,Tamil Nadu,Land Record,RS-DOC-0478-2,2018-09-05,Vignesh Subramanian,3,afa3da4a720db9e0edccd983533b9ffdb578c79ff29a12cfcf62389ebc342814,Verified,1,1,1,0,0,0,0,0,Synthetic development/demo dataset
RS-PROP-0478,USR-1028,Deepa Rao,USR-1028,USR-1055,SUR-819/8A,3000.0,"Oragadam, Kundrathur, Kanchipuram",Kanchipuram,Tamil Nadu,Encumbrance Certificate,RS-DOC-0478-3,2018-09-05,Vignesh Subramanian,3,329f6902b51faee5397681c47d627fe1d8b052066d668fb533287b5071ad9320,Verified,1,1,1,0,0,0,0,0,Synthetic development/demo dataset
RS-PROP-0479,USR-1030,Nandhini Vaidyanathan,USR-1030,USR-1057,SUR-316/11,3000.0,"Saravanampatti, Coimbatore North, Coimbatore",Coimbatore,Tamil Nadu,Sale Deed,RS-DOC-0479-1,2023-03-03,Saravanan Sundaram,4,f291b6ec86045e27822f8f61b42ce2ea1f9ed6b14d0c61a0b8b7d0015ee80464,Verified,1,1,0,0,0,0,1,1,Synthetic development/demo dataset
RS-PROP-0480,USR-1032,Suresh Sundaram,USR-1032,USR-1059,SUR-268/4C,4800.0,"Gandhipuram, Pollachi, Coimbatore",Coimbatore,Tamil Nadu,Sale Deed,RS-DOC-0480-1,2021-09-23,Lakshmi Vaidyanathan,4,9c6b5a727694ae86ac4155120a3082034bb2b64b744b720c55d7081721e06b76,Verified,1,1,1,0,0,0,0,0,Synthetic development/demo dataset
RS-PROP-0480,USR-1032,Suresh Sundaram,USR-1032,USR-1059,SUR-268/4C,4800.0,"Gandhipuram, Pollachi, Coimbatore",Coimbatore,Tamil Nadu,Land Record,RS-DOC-0480-2,2021-09-23,Lakshmi Vaidyanathan,4,60eb1e4980c99c2f1cc719746c8c77f5c2e43bd99ffea5fbac97ee69bc8c00d4,Verified,1,1,1,0,0,0,0,0,Synthetic development/demo dataset
RS-PROP-0480,USR-1032,Suresh Sundaram,USR-1032,USR-1059,SUR-268/4C,4800.0,"Gandhipuram, Pollachi, Coimbatore",Coimbatore,Tamil Nadu,Encumbrance Certificate,RS-DOC-0480-3,2021-09-23,Lakshmi Vaidyanathan,4,c6ca4b9c73c8599d63f73979577f3d7b605883a17a2b642c8124474b431f1312,Verified,1,1,1,0,0,0,0,0,Synthetic development/demo dataset
RS-PROP-0481,USR-1034,Saravanan Rao,USR-1034,USR-1002,SUR-254/8B,5400.0,"Kallakudi, Lalgudi, Tiruchirappalli",Tiruchirappalli,Tamil Nadu,Sale Deed,RS-DOC-0481-1,2018-11-14,Ganesh Balasubramanian,4,f5ff2a97122b61fa72711e91ded828122b522ba5197e2a4542455930edefa8dd,Verified,1,1,1,0,0,0,0,0,Synthetic development/demo dataset
RS-PROP-0481,USR-1034,Saravanan Rao,USR-1034,USR-1002,SUR-254/8B,5400.0,"Kallakudi, Lalgudi, Tiruchirappalli",Tiruchirappalli,Tamil Nadu,Land Record,RS-DOC-0481-2,2018-11-14,Ganesh Balasubramanian,4,7d99b3ab1016638047df0bf1449e3e0c70e79668917ed7779728cd6e85a68767,Verified,1,1,1,0,0,0,0,0,Synthetic development/demo dataset
RS-PROP-0481,USR-1034,Saravanan Rao,USR-1034,USR-1002,SUR-254/8B,5400.0,"Kallakudi, Lalgudi, Tiruchirappalli",Tiruchirappalli,Tamil Nadu,Encumbrance Certificate,RS-DOC-0481-3,2018-11-14,Ganesh Balasubramanian,4,b5c3434b6c070a40c6efb3df005f6cc5f680573b03aec588b19460f77a19b3c8,Verified,1,1,1,0,0,0,0,0,Synthetic development/demo dataset
RS-PROP-0482,USR-1036,Ananya Ramesh,USR-1036,USR-1004,SUR-813/9B,4800.0,"Siruseri, Chengalpattu, Chengalpattu",Chengalpattu,Tamil Nadu,Sale Deed,RS-DOC-0482-1,2020-04-07,Arun Reddy,5,13fb3bc8ef8c06a04d3ab39bd07aa3f39d85bd3bed0356b3c4d94b6447d1c9d2,Verified,1,1,1,0,0,1,0,0,Synthetic development/demo dataset
RS-PROP-0482,USR-1036,Ananya Ramesh,USR-1036,USR-1004,SUR-813/9B,4800.0,"Siruseri, Chengalpattu, Chengalpattu",Chengalpattu,Tamil Nadu,Land Record,RS-DOC-0482-2,2020-04-07,Arun Reddy,5,d190928a5dcac20f955fbc41df14e2119fb5611d5c25555c7400cfa0f36f574a,Verified,1,1,1,0,0,1,0,0,Synthetic development/demo dataset
RS-PROP-0482,USR-1036,Ananya Ramesh,USR-1036,USR-1004,SUR-813/9B,4800.0,"Siruseri, Chengalpattu, Chengalpattu",Chengalpattu,Tamil Nadu,Encumbrance Certificate,RS-DOC-0482-3,2020-04-07,Arun Reddy,5,cb6c70b17bc691c753bacb65e5826114bd7d41ebd3b0b3a4fece75842dce02d1,Verified,1,1,1,0,0,1,0,0,Synthetic development/demo dataset
RS-PROP-0483,USR-1038,Poornima Balasubramanian,USR-1038,USR-1006,SUR-569/7C,1800.0,"Oragadam, Sriperumbudur, Kanchipuram",Kanchipuram,Tamil Nadu,Sale Deed,RS-DOC-0483-1,2022-03-18,Poornima Gopal,4,cd020fd3e6b726c1de6fd47151695e617cbe8c33be20a45b72df81f5a053f240,Verified,1,1,1,0,0,0,0,0,Synthetic development/demo dataset
RS-PROP-0483,USR-1038,Poornima Balasubramanian,USR-1038,USR-1006,SUR-569/7C,1800.0,"Oragadam, Sriperumbudur, Kanchipuram",Kanchipuram,Tamil Nadu,Land Record,RS-DOC-0483-2,2022-03-18,Poornima Gopal,4,eff5d693ce662ae6e3af6a93533bf59ead04a1fb2f09e630b5fdf639fcf8f58e,Verified,1,1,1,0,0,0,0,0,Synthetic development/demo dataset
RS-PROP-0483,USR-1038,Poornima Balasubramanian,USR-1038,USR-1006,SUR-569/7C,1800.0,"Oragadam, Sriperumbudur, Kanchipuram",Kanchipuram,Tamil Nadu,Encumbrance Certificate,RS-DOC-0483-3,2022-03-18,Poornima Gopal,4,c19181c42afd264f45e9ccffa7be1522b2a8c8f1f8b1776a4ab91d1daffd81f3,Verified,1,1,1,0,0,0,0,0,Synthetic development/demo dataset
RS-PROP-0484,USR-1040,Ananya Sundaram,USR-1040,USR-1007,SUR-206/82,9600.0,"Ponmalai, Tiruchirappalli West, Tiruchirappalli",Tiruchirappalli,Tamil Nadu,Sale Deed,RS-DOC-0484-1,2023-08-17,Karthik Pillai,2,07661f3d7648f2272d6751a921d330bd5195cb0d404cc12be076112056ca4d7e,Verified,1,1,0,0,0,0,1,1,Synthetic development/demo dataset
RS-PROP-0485,USR-1042,Gayathri Vaidyanathan,USR-1042,USR-1009,SUR-483/42,3000.0,"Kallakudi, Thiruverumbur, Tiruchirappalli",Tiruchirappalli,Tamil Nadu,Sale Deed,RS-DOC-0485-1,2023-05-10,Madhavan Chandran,4,0dfcf3da4fe4f671d5c70fc4a8eeda22a6509ef4d2d30cc49d4659301f808766,Verified,0,1,1,0,0,0,0,1,Synthetic development/demo dataset
RS-PROP-0485,USR-1042,Gayathri Vaidyanathan,USR-1042,USR-1009,SUR-483/42,3000.0,"Kallakudi, Thiruverumbur, Tiruchirappalli",Tiruchirappalli,Tamil Nadu,Land Record,RS-DOC-0485-2,2023-05-10,Madhavan Chandran,4,f9702c7b2b6f705ead240e52f5fe02d3f816a46224eebda81d8d208042c45aef,Verified,0,1,1,0,0,0,0,1,Synthetic development/demo dataset
RS-PROP-0485,USR-1042,Gayathri Vaidyanathan,USR-1042,USR-1009,SUR-483/42,3000.0,"Kallakudi, Thiruverumbur, Tiruchirappalli",Tiruchirappalli,Tamil Nadu,Encumbrance Certificate,RS-DOC-0485-3,2023-05-10,Madhavan Chandran,4,b1b29a6204caa13a2b65cde187b200f488d47944504a438815f99ea43f4111bd,Verified,0,1,1,0,0,0,0,1,Synthetic development/demo dataset
RS-PROP-0485,USR-1042,Gayathri Vaidyanathan,USR-1042,USR-1009,SUR-483/42,3000.0,"Kallakudi, Thiruverumbur, Tiruchirappalli",Tiruchirappalli,Tamil Nadu,Property Tax Receipt,RS-DOC-0485-4,2023-05-10,Madhavan Chandran,4,3523d242d6d61f880c6c40bfea99cf39865f30c785da62c79ededfb85fa7909d,Verified,0,1,1,0,0,0,0,1,Synthetic development/demo dataset
RS-PROP-0486,USR-1044,Poornima Chandran,USR-1044,USR-1011,SUR-731/7A,4800.0,"Anna Nagar, Melur, Madurai",Madurai,Tamil Nadu,Sale Deed,RS-DOC-0486-1,2023-07-24,Balaji Gopal,2,af2fe3f466c4f05c1e2ad320d0f14eb53f010315c8d4e7eec7df2cd7e8b708b8,Verified,1,1,1,0,0,0,0,0,Synthetic development/demo dataset
RS-PROP-0486,USR-1044,Poornima Chandran,USR-1044,USR-1011,SUR-731/7A,4800.0,"Anna Nagar, Melur, Madurai",Madurai,Tamil Nadu,Land Record,RS-DOC-0486-2,2023-07-24,Balaji Gopal,2,cf8547b177ee585ab33ff53807a3b66dda9d1c30e2a7996b2ab6863fe00fdfd3,Verified,1,1,1,0,0,0,0,0,Synthetic development/demo dataset
RS-PROP-0486,USR-1044,Poornima Chandran,USR-1044,USR-1011,SUR-731/7A,4800.0,"Anna Nagar, Melur, Madurai",Madurai,Tamil Nadu,Encumbrance Certificate,RS-DOC-0486-3,2023-07-24,Balaji Gopal,2,ab075e1cfbf2f785219da9827a3049f0e3fdbbfe03aae2ea01aafa6e38047c2b,Verified,1,1,1,0,0,0,0,0,Synthetic development/demo dataset
RS-PROP-0487,USR-1046,Harini Murugan,USR-1046,USR-1013,SUR-308/2A,1200.0,"Othakadai, Madurai South, Madurai",Madurai,Tamil Nadu,Sale Deed,RS-DOC-0487-1,2018-11-25,Saravanan Kumar,1,1d2604765343bfd0df2998ba0158cb5eb31f21573c95b01ec4f134ab0bdae182,Verified,1,1,1,0,0,0,0,0,Synthetic development/demo dataset
RS-PROP-0487,USR-1046,Harini Murugan,USR-1046,USR-1013,SUR-308/2A,1200.0,"Othakadai, Madurai South, Madurai",Madurai,Tamil Nadu,Land Record,RS-DOC-0487-2,2018-11-25,Saravanan Kumar,1,6912874c95d45f6fa12b93d3c73ca5bce82eb78eebcd493d790b669edc2ff4e3,Verified,1,1,1,0,0,0,0,0,Synthetic development/demo dataset
RS-PROP-0487,USR-1046,Harini Murugan,USR-1046,USR-1013,SUR-308/2A,1200.0,"Othakadai, Madurai South, Madurai",Madurai,Tamil Nadu,Encumbrance Certificate,RS-DOC-0487-3,2018-11-25,Saravanan Kumar,1,7ec8b5ac7068489dde3ba65bfe480095a7f890b6f4f16aa45d947b73d426bb12,Verified,1,1,1,0,0,0,0,0,Synthetic development/demo dataset
RS-PROP-0488,USR-1048,Dinesh Krishnan,USR-1048,USR-1015,SUR-298/9B,4800.0,"Padur, Chengalpattu, Chengalpattu",Chengalpattu,Tamil Nadu,Sale Deed,RS-DOC-0488-1,2023-01-09,Venkatesh Subramanian,1,c2b704a834cbdc979e8559ffca9e6a8edf82decca25e12cf468f198277ea31da,Verified,1,0,1,0,0,1,0,1,Synthetic development/demo dataset
RS-PROP-0488,USR-1048,Dinesh Krishnan,USR-1048,USR-1015,SUR-298/9B,4800.0,"Padur, Chengalpattu, Chengalpattu",Chengalpattu,Tamil Nadu,Land Record,RS-DOC-0488-2,2023-01-09,Venkatesh Subramanian,1,9590caf8322f2a572eeedf0081efc859dbaeebd909441ec14b0d6961bf3e5af5,Verified,1,0,1,0,0,1,0,1,Synthetic development/demo dataset
RS-PROP-0488,USR-1048,Dinesh Krishnan,USR-1048,USR-1015,SUR-298/9B,4800.0,"Padur, Chengalpattu, Chengalpattu",Chengalpattu,Tamil Nadu,Encumbrance Certificate,RS-DOC-0488-3,2023-01-09,Venkatesh Subramanian,1,3536e7c2c07d69621fb4ecdf667334a8d92dfe12a70eca842257cd4c99547b1b,Verified,1,0,1,0,0,1,0,1,Synthetic development/demo dataset
RS-PROP-0489,USR-1050,Divya Gopal,USR-1050,USR-1017,SUR-523/21,1500.0,"Madipakkam, Velachery, Chennai",Chennai,Tamil Nadu,Sale Deed,RS-DOC-0489-1,2023-07-13,Rajesh Swaminathan,2,35cf42df5952844652749c81c6fb064b3222df06473f31a5cb5767557f42b7f2,Verified,1,1,0,0,0,0,0,0,Synthetic development/demo dataset
RS-PROP-0489,USR-1050,Divya Gopal,USR-1050,USR-1017,SUR-523/21,1500.0,"Madipakkam, Velachery, Chennai",Chennai,Tamil Nadu,Land Record,RS-DOC-0489-2,2023-07-13,Rajesh Swaminathan,2,8d2c57a82b223201866082991d8f4e3581a342fd42278be827b971dfa16c9651,Verified,1,1,0,0,0,0,0,0,Synthetic development/demo dataset
RS-PROP-0489,USR-1050,Divya Gopal,USR-1050,USR-1017,SUR-523/21,1500.0,"Madipakkam, Velachery, Chennai",Chennai,Tamil Nadu,Encumbrance Certificate,RS-DOC-0489-3,2023-07-13,Rajesh Swaminathan,2,a0e6e157c6b060238f41c643adf2efa2fb4834dd7aeffe6ef9707e20e984047d,Verified,1,1,0,0,0,0,0,0,Synthetic development/demo dataset
RS-PROP-0490,USR-1052,Vignesh Ganesan,USR-1052,USR-1019,SUR-859/5A,2400.0,"Adambakkam, Alandur, Chennai",Chennai,Tamil Nadu,Sale Deed,RS-DOC-0490-1,2018-09-01,Saravanan Iyer,1,f673d2d7273eec8824449ca69527f0b6e768d69d82d8b3f7761e24c7ac04b170,Verified,1,1,1,0,0,0,0,0,Synthetic development/demo dataset
RS-PROP-0490,USR-1052,Vignesh Ganesan,USR-1052,USR-1019,SUR-859/5A,2400.0,"Adambakkam, Alandur, Chennai",Chennai,Tamil Nadu,Land Record,RS-DOC-0490-2,2018-09-01,Saravanan Iyer,1,72f03c42feb7422bbd3216eeaf99cd04d89e2e65099b3891a74fdabf1c8ede43,Verified,1,1,1,0,0,0,0,0,Synthetic development/demo dataset
RS-PROP-0490,USR-1052,Vignesh Ganesan,USR-1052,USR-1019,SUR-859/5A,2400.0,"Adambakkam, Alandur, Chennai",Chennai,Tamil Nadu,Encumbrance Certificate,RS-DOC-0490-3,2018-09-01,Saravanan Iyer,1,e2d153011ea463135f53b4c48a3b4e4985b42a9e52083dcd87ee3316bf82e23f,Verified,1,1,1,0,0,0,0,0,Synthetic development/demo dataset
RS-PROP-0490,USR-1052,Vignesh Ganesan,USR-1052,USR-1019,SUR-859/5A,2400.0,"Adambakkam, Alandur, Chennai",Chennai,Tamil Nadu,Property Tax Receipt,RS-DOC-0490-4,2018-09-01,Saravanan Iyer,1,54686136370dfc355e385baa1c67a11b290602757c6a4e8bbc91cb0a77c36288,Verified,1,1,1,0,0,0,0,0,Synthetic development/demo dataset
RS-PROP-0491,USR-1054,Venkatesh Subramanian,USR-1054,USR-1021,SUR-304/2C,9600.0,"Thandalam, Walajabad, Kanchipuram",Kanchipuram,Tamil Nadu,Sale Deed,RS-DOC-0491-1,2020-08-24,Uma Vaidyanathan,4,948427c6803f73e2fa74cd6fb11bb8ddb7faac3e132ca4897d31ac200e48588b,Verified,1,1,1,0,0,0,0,0,Synthetic development/demo dataset
RS-PROP-0491,USR-1054,Venkatesh Subramanian,USR-1054,USR-1021,SUR-304/2C,9600.0,"Thandalam, Walajabad, Kanchipuram",Kanchipuram,Tamil Nadu,Land Record,RS-DOC-0491-2,2020-08-24,Uma Vaidyanathan,4,967721e02c2f50d3013c4a7eb68d7317ff968c2f713a37f6d411c5933dc7d335,Verified,1,1,1,0,0,0,0,0,Synthetic development/demo dataset
RS-PROP-0491,USR-1054,Venkatesh Subramanian,USR-1054,USR-1021,SUR-304/2C,9600.0,"Thandalam, Walajabad, Kanchipuram",Kanchipuram,Tamil Nadu,Encumbrance Certificate,RS-DOC-0491-3,2020-08-24,Uma Vaidyanathan,4,932da6db31c8059251e5d4565b6a267fbf931b90a6d7fd0c349aaaffd56e5137,Verified,1,1,1,0,0,0,0,0,Synthetic development/demo dataset
RS-PROP-0491,USR-1054,Venkatesh Subramanian,USR-1054,USR-1021,SUR-304/2C,9600.0,"Thandalam, Walajabad, Kanchipuram",Kanchipuram,Tamil Nadu,Property Tax Receipt,RS-DOC-0491-4,2020-08-24,Uma Vaidyanathan,4,88f3c8c003565febfce44afe5c0a6dbc8910dbebe3c2df7fbb3fc8e249019dc9,Verified,1,1,1,0,0,0,0,0,Synthetic development/demo dataset
RS-PROP-0492,USR-1056,Revathi Gopal,USR-1056,USR-1023,SUR-419/3B,5400.0,"Adambakkam, Mylapore, Chennai",Chennai,Tamil Nadu,Sale Deed,RS-DOC-0492-1,2021-07-20,Revathi Rao,1,1fe43f541d5b3795d514d9ad3f3a2500c08e834715da4e65c8ab6e5d1abcae02,Verified,1,1,1,0,0,0,0,0,Synthetic development/demo dataset
RS-PROP-0492,USR-1056,Revathi Gopal,USR-1056,USR-1023,SUR-419/3B,5400.0,"Adambakkam, Mylapore, Chennai",Chennai,Tamil Nadu,Land Record,RS-DOC-0492-2,2021-07-20,Revathi Rao,1,cdb06fd53102462b0b4da094a81a38f3f23986a28875e3662d17ad862a275f02,Verified,1,1,1,0,0,0,0,0,Synthetic development/demo dataset
RS-PROP-0492,USR-1056,Revathi Gopal,USR-1056,USR-1023,SUR-419/3B,5400.0,"Adambakkam, Mylapore, Chennai",Chennai,Tamil Nadu,Encumbrance Certificate,RS-DOC-0492-3,2021-07-20,Revathi Rao,1,bda27e4ae6a755610d06740ba4421fcb34deee4115ba98dee7d3c55478c49486,Verified,1,1,1,0,0,0,0,0,Synthetic development/demo dataset
RS-PROP-0493,USR-1058,Nandhini Sundaram,USR-1058,USR-1025,SUR-623/52,4800.0,"Saravanampatti, Coimbatore North, Coimbatore",Coimbatore,Tamil Nadu,Sale Deed,RS-DOC-0493-1,2022-11-17,Dinesh Gopal,1,1e0259db3bf7bd676b72752e8cdf187c2f9849136667f9880ec4fcdb06c600dd,Verified,1,1,1,0,0,0,1,0,Synthetic development/demo dataset
RS-PROP-0494,USR-1001,Nandhini Reddy,USR-1001,USR-1027,SUR-109/6A,3600.0,"Guduvancheri, Thiruporur, Chengalpattu",Chengalpattu,Tamil Nadu,Sale Deed,RS-DOC-0494-1,2021-10-26,Rajesh Chandran,1,ef7ae16dd62c40316f0fed2c772439126d6f0270f6feb6f1b0da805385adf4dc,Verified,1,1,1,0,0,0,0,0,Synthetic development/demo dataset
RS-PROP-0494,USR-1001,Nandhini Reddy,USR-1001,USR-1027,SUR-109/6A,3600.0,"Guduvancheri, Thiruporur, Chengalpattu",Chengalpattu,Tamil Nadu,Land Record,RS-DOC-0494-2,2021-10-26,Rajesh Chandran,1,964144e19f89a8247385962847c006120b13dc02b5fe0ab5ea23fa4a321cdb2f,Verified,1,1,1,0,0,0,0,0,Synthetic development/demo dataset
RS-PROP-0494,USR-1001,Nandhini Reddy,USR-1001,USR-1027,SUR-109/6A,3600.0,"Guduvancheri, Thiruporur, Chengalpattu",Chengalpattu,Tamil Nadu,Encumbrance Certificate,RS-DOC-0494-3,2021-10-26,Rajesh Chandran,1,a28fcfe20389e9cd1dd4012ab468abb7082254a2f61c60ef72f122903851bf2c,Verified,1,1,1,0,0,0,0,0,Synthetic development/demo dataset
RS-PROP-0494,USR-1001,Nandhini Reddy,USR-1001,USR-1027,SUR-109/6A,3600.0,"Guduvancheri, Thiruporur, Chengalpattu",Chengalpattu,Tamil Nadu,Property Tax Receipt,RS-DOC-0494-4,2021-10-26,Rajesh Chandran,1,8c4ee1f2f998ad392e8cc41ee8b12d223605e76648d5034f568e3b2ae9be8373,Verified,1,1,1,0,0,0,0,0,Synthetic development/demo dataset
RS-PROP-0495,USR-1003,Revathi Sundaram,USR-1003,USR-1029,SUR-425/6B,2400.0,"Thiruparankundram, Melur, Madurai",Madurai,Tamil Nadu,Sale Deed,RS-DOC-0495-1,2024-08-16,Karthik Murugan,1,af1f55d8a84818e57f8248d916156e639eb31342d4a32b593f501155b6d49bf1,Verified,1,1,0,0,0,0,0,0,Synthetic development/demo dataset
RS-PROP-0495,USR-1003,Revathi Sundaram,USR-1003,USR-1029,SUR-425/6B,2400.0,"Thiruparankundram, Melur, Madurai",Madurai,Tamil Nadu,Land Record,RS-DOC-0495-2,2024-08-16,Karthik Murugan,1,52faa4fd461169226445eeba7cb99a1787d84409e843f9e6fdbe5b9d5f53ece0,Verified,1,1,0,0,0,0,0,0,Synthetic development/demo dataset
RS-PROP-0495,USR-1003,Revathi Sundaram,USR-1003,USR-1029,SUR-425/6B,2400.0,"Thiruparankundram, Melur, Madurai",Madurai,Tamil Nadu,Encumbrance Certificate,RS-DOC-0495-3,2024-08-16,Karthik Murugan,1,6e59c95c05ee766aceaea1e5f8fae0b0479a690e476a3d2f3c614905547da426,Verified,1,1,0,0,0,0,0,0,Synthetic development/demo dataset
RS-PROP-0495,USR-1003,Revathi Sundaram,USR-1003,USR-1029,SUR-425/6B,2400.0,"Thiruparankundram, Melur, Madurai",Madurai,Tamil Nadu,Property Tax Receipt,RS-DOC-0495-4,2024-08-16,Karthik Murugan,1,fdc862d31e6683594202225ae016296d476ed6e2f3e0b47cdfe2ca68add7f104,Verified,1,1,0,0,0,0,0,0,Synthetic development/demo dataset
RS-PROP-0496,USR-1005,Arun Swaminathan,USR-1005,USR-1031,SUR-137/92,1200.0,"Thandalam, Kanchipuram, Kanchipuram",Kanchipuram,Tamil Nadu,Sale Deed,RS-DOC-0496-1,2023-01-03,Vignesh Natarajan,3,de1f1748475cf51f892d7ee6073db8513dd7ddf08e164e9286dde7c25fa51132,Verified,1,1,1,0,0,0,1,0,Synthetic development/demo dataset
RS-PROP-0497,USR-1008,Kavitha Swaminathan,USR-1008,USR-1033,SUR-732/2A,2400.0,"Gandhipuram, Coimbatore South, Coimbatore",Coimbatore,Tamil Nadu,Sale Deed,RS-DOC-0497-1,2024-01-05,Ananya Rao,5,5091702111fc58d8d80f8bbc9bf9a5b92c1c7c46d2389a8f2085e3c83f8a801d,Verified,1,1,1,1,1,0,0,1,Synthetic development/demo dataset
RS-PROP-0497,USR-1008,Kavitha Swaminathan,USR-1008,USR-1033,SUR-732/2A,2400.0,"Gandhipuram, Coimbatore South, Coimbatore",Coimbatore,Tamil Nadu,Land Record,RS-DOC-0497-2,2024-01-05,Ananya Rao,5,765c69c0eff058ea5ac73e3938b1071b4449f6d388c66cc0f8b6bd3e4ef3598e,Verified,1,1,1,1,1,0,0,1,Synthetic development/demo dataset
RS-PROP-0497,USR-1008,Kavitha Swaminathan,USR-1008,USR-1033,SUR-732/2A,2400.0,"Gandhipuram, Coimbatore South, Coimbatore",Coimbatore,Tamil Nadu,Encumbrance Certificate,RS-DOC-0497-3,2024-01-05,Ananya Rao,5,a14fe87c5a40f374119bfc7fb74bd64ef4f85fe11bc86407fb3aff42653db477,Verified,1,1,1,1,1,0,0,1,Synthetic development/demo dataset
RS-PROP-0498,USR-1010,Karthik Natarajan,USR-1010,USR-1035,SUR-370/62,4800.0,"Madipakkam, Guindy, Chennai",Chennai,Tamil Nadu,Sale Deed,RS-DOC-0498-1,2023-03-05,Gayathri Natarajan,3,5a92cf76a295f8ac2bb5a2e1bcc1923640ea3ad6a2a94524902a0321b255a375,Verified,1,1,1,0,0,0,0,0,Synthetic development/demo dataset
RS-PROP-0498,USR-1010,Karthik Natarajan,USR-1010,USR-1035,SUR-370/62,4800.0,"Madipakkam, Guindy, Chennai",Chennai,Tamil Nadu,Land Record,RS-DOC-0498-2,2023-03-05,Gayathri Natarajan,3,86241a9e29750a0340d642ea622485438bb90b9607012102977f21d660c60bed,Verified,1,1,1,0,0,0,0,0,Synthetic development/demo dataset
RS-PROP-0498,USR-1010,Karthik Natarajan,USR-1010,USR-1035,SUR-370/62,4800.0,"Madipakkam, Guindy, Chennai",Chennai,Tamil Nadu,Encumbrance Certificate,RS-DOC-0498-3,2023-03-05,Gayathri Natarajan,3,105541866dd472536fc9e01ff7d2741f95462f5858c914fe0fd9145e3cbd81fb,Verified,1,1,1,0,0,0,0,0,Synthetic development/demo dataset
RS-PROP-0499,USR-1012,Ramesh Balasubramanian,USR-1012,USR-1037,SUR-777/8C,3600.0,"Thiruparankundram, Madurai South, Madurai",Madurai,Tamil Nadu,Sale Deed,RS-DOC-0499-1,2021-04-03,Ganesh Pillai,3,89e16dd7cb552b092fd2713530487857aa5dccb1470f7eeaaf6817761b9d0072,Verified,1,1,1,0,0,0,0,0,Synthetic development/demo dataset
RS-PROP-0499,USR-1012,Ramesh Balasubramanian,USR-1012,USR-1037,SUR-777/8C,3600.0,"Thiruparankundram, Madurai South, Madurai",Madurai,Tamil Nadu,Land Record,RS-DOC-0499-2,2021-04-03,Ganesh Pillai,3,4695557ff1d6190416555ecb638912dcf3e9e58dcb4eaffb5bb7954ad3ca8af6,Verified,1,1,1,0,0,0,0,0,Synthetic development/demo dataset
RS-PROP-0499,USR-1012,Ramesh Balasubramanian,USR-1012,USR-1037,SUR-777/8C,3600.0,"Thiruparankundram, Madurai South, Madurai",Madurai,Tamil Nadu,Encumbrance Certificate,RS-DOC-0499-3,2021-04-03,Ganesh Pillai,3,5b3b316a644c820b4683e087b3e59e8a0bd4c797f563c3cb2b66ff89cb97cd8d,Verified,1,1,1,0,0,0,0,0,Synthetic development/demo dataset
RS-PROP-0500,USR-1014,Divya Sundaram,USR-1014,USR-1039,SUR-317/1B,5400.0,"Madipakkam, Velachery, Chennai",Chennai,Tamil Nadu,Sale Deed,RS-DOC-0500-1,2019-08-04,Bhavani Iyer,3,d60491c460edf1bcbc4e8a5231f57e28c44d86881ca3651f7a64188d355be8c6,Verified,1,1,1,0,0,0,0,0,Synthetic development/demo dataset
RS-PROP-0500,USR-1014,Divya Sundaram,USR-1014,USR-1039,SUR-317/1B,5400.0,"Madipakkam, Velachery, Chennai",Chennai,Tamil Nadu,Land Record,RS-DOC-0500-2,2019-08-04,Bhavani Iyer,3,f4742381414c974823a54bc5cd2d639b82162d63f70dc67d0cb0f24bfaed59d5,Verified,1,1,1,0,0,0,0,0,Synthetic development/demo dataset
RS-PROP-0500,USR-1014,Divya Sundaram,USR-1014,USR-1039,SUR-317/1B,5400.0,"Madipakkam, Velachery, Chennai",Chennai,Tamil Nadu,Encumbrance Certificate,RS-DOC-0500-3,2019-08-04,Bhavani Iyer,3,3066192470cfaff48bd8c203a4d3045d839993687ca1d66088b11a05183d7112,Verified,1,1,1,0,0,0,0,0,Synthetic development/demo dataset
RS-PROP-0501,USR-1016,Ananya Subramanian,USR-1016,USR-1041,SUR-563/9B,4800.0,"Siruseri, Thiruporur, Chengalpattu",Chengalpattu,Tamil Nadu,Sale Deed,RS-DOC-0501-1,2018-05-14,Lakshmi Pillai,1,608119e70bfac4770752989f0c586d46e7c453b9301edb6badb86a066919254c,Verified,1,0,1,0,0,0,0,1,Synthetic development/demo dataset
RS-PROP-0501,USR-1016,Ananya Subramanian,USR-1016,USR-1041,SUR-563/9B,4800.0,"Siruseri, Thiruporur, Chengalpattu",Chengalpattu,Tamil Nadu,Land Record,RS-DOC-0501-2,2018-05-14,Lakshmi Pillai,1,e69eebc731dfbb841d3e5530f3b3b9dca9281cb4dfff4ce813bff7fe711e786a,Verified,1,0,1,0,0,0,0,1,Synthetic development/demo dataset
RS-PROP-0501,USR-1016,Ananya Subramanian,USR-1016,USR-1041,SUR-563/9B,4800.0,"Siruseri, Thiruporur, Chengalpattu",Chengalpattu,Tamil Nadu,Encumbrance Certificate,RS-DOC-0501-3,2018-05-14,Lakshmi Pillai,1,278660fbcdaf984577ce2a78f05715cde2635752c48e7c1d923b22f7b1d175e9,Verified,1,0,1,0,0,0,0,1,Synthetic development/demo dataset
RS-PROP-0501,USR-1016,Ananya Subramanian,USR-1016,USR-1041,SUR-563/9B,4800.0,"Siruseri, Thiruporur, Chengalpattu",Chengalpattu,Tamil Nadu,Property Tax Receipt,RS-DOC-0501-4,2018-05-14,Lakshmi Pillai,1,5b2bd55383a6605eb53cee387570771878f0e5d338ba1fed6bb503af49c649e7,Verified,1,0,1,0,0,0,0,1,Synthetic development/demo dataset
RS-PROP-0502,USR-1018,Siddharth Reddy,USR-1018,USR-1043,SUR-186/61,2400.0,"Sunguvarchatram, Sriperumbudur, Kanchipuram",Kanchipuram,Tamil Nadu,Sale Deed,RS-DOC-0502-1,2021-09-14,Bhavani Ramesh,3,b766d458434e176f12fc4869ac584a9ac113d83b7fd4b4ca7d21a0e251b7de66,Verified,1,1,1,0,0,0,0,0,Synthetic development/demo dataset
RS-PROP-0502,USR-1018,Siddharth Reddy,USR-1018,USR-1043,SUR-186/61,2400.0,"Sunguvarchatram, Sriperumbudur, Kanchipuram",Kanchipuram,Tamil Nadu,Land Record,RS-DOC-0502-2,2021-09-14,Bhavani Ramesh,3,7a8479915ede9e0d8dd1a5517dfc795f385409ae7361e62371ea29c24bd6931c,Verified,1,1,1,0,0,0,0,0,Synthetic development/demo dataset
RS-PROP-0502,USR-1018,Siddharth Reddy,USR-1018,USR-1043,SUR-186/61,2400.0,"Sunguvarchatram, Sriperumbudur, Kanchipuram",Kanchipuram,Tamil Nadu,Encumbrance Certificate,RS-DOC-0502-3,2021-09-14,Bhavani Ramesh,3,b60eaad61ac7d861a88e01c31be0a257e66bfa34fc0a87a8b2fb5eca1b427991,Verified,1,1,1,0,0,0,0,0,Synthetic development/demo dataset
RS-PROP-0502,USR-1018,Siddharth Reddy,USR-1018,USR-1043,SUR-186/61,2400.0,"Sunguvarchatram, Sriperumbudur, Kanchipuram",Kanchipuram,Tamil Nadu,Property Tax Receipt,RS-DOC-0502-4,2021-09-14,Bhavani Ramesh,3,867d88258a372c798fb8280622167583fd298d4b0ddb003af838577ba5f89643,Verified,1,1,1,0,0,0,0,0,Synthetic development/demo dataset
RS-PROP-0503,USR-1020,Poornima Iyer,USR-1020,USR-1045,SUR-280/52,5400.0,"Thandalam, Kanchipuram, Kanchipuram",Kanchipuram,Tamil Nadu,Sale Deed,RS-DOC-0503-1,2021-02-22,Suresh Chandran,2,2ddb2174a86b44caa9ef33c8710feb85d4445b125e6af9de39acec6330b9a36f,Verified,0,1,1,0,0,0,0,1,Synthetic development/demo dataset
RS-PROP-0503,USR-1020,Poornima Iyer,USR-1020,USR-1045,SUR-280/52,5400.0,"Thandalam, Kanchipuram, Kanchipuram",Kanchipuram,Tamil Nadu,Land Record,RS-DOC-0503-2,2021-02-22,Suresh Chandran,2,868432cfe3ed13f8882af6a2c43e67f6d4d6c65f49cc1c98e54bb224c64209f3,Verified,0,1,1,0,0,0,0,1,Synthetic development/demo dataset
RS-PROP-0503,USR-1020,Poornima Iyer,USR-1020,USR-1045,SUR-280/52,5400.0,"Thandalam, Kanchipuram, Kanchipuram",Kanchipuram,Tamil Nadu,Encumbrance Certificate,RS-DOC-0503-3,2021-02-22,Suresh Chandran,2,1e6b6030086e0859677b6585769a673272232fd66d74cfcda6db36f377abb14e,Verified,0,1,1,0,0,0,0,1,Synthetic development/demo dataset
RS-PROP-0504,USR-1022,Harini Gopal,USR-1022,USR-1047,SUR-851/51,2400.0,"Peelamedu, Coimbatore South, Coimbatore",Coimbatore,Tamil Nadu,Sale Deed,RS-DOC-0504-1,2024-04-12,Manoj Pillai,1,ad4fe99b5e324380d0f96f91e2e032e04228249e4a893142a3527c614621dc09,Verified,1,1,0,0,0,0,1,1,Synthetic development/demo dataset
RS-PROP-0505,USR-1024,Deepa Krishnan,USR-1024,USR-1049,SUR-245/11,4800.0,"Siruseri, Thiruporur, Chengalpattu",Chengalpattu,Tamil Nadu,Sale Deed,RS-DOC-0505-1,2018-03-09,Deepa Krishnan,3,5fcd1bed7dc2791a85615cfc22f563aba632d6ef5e72c24b0fc9bcfb726f89d5,Verified,1,1,1,0,0,0,0,0,Synthetic development/demo dataset
RS-PROP-0505,USR-1024,Deepa Krishnan,USR-1024,USR-1049,SUR-245/11,4800.0,"Siruseri, Thiruporur, Chengalpattu",Chengalpattu,Tamil Nadu,Land Record,RS-DOC-0505-2,2018-03-09,Deepa Krishnan,3,b9a12846d923d5109d3013237ae1ab4e397c6ec1d79554708c0000a770c9db2b,Verified,1,1,1,0,0,0,0,0,Synthetic development/demo dataset
RS-PROP-0505,USR-1024,Deepa Krishnan,USR-1024,USR-1049,SUR-245/11,4800.0,"Siruseri, Thiruporur, Chengalpattu",Chengalpattu,Tamil Nadu,Encumbrance Certificate,RS-DOC-0505-3,2018-03-09,Deepa Krishnan,3,4c570ea8c181cc730fbfe2e6d31544ddf35d8279e3a01f37dda1490d9c7d992b,Verified,1,1,1,0,0,0,0,0,Synthetic development/demo dataset
RS-PROP-0506,USR-1026,Vignesh Natarajan,USR-1026,USR-1051,SUR-796/5B,9600.0,"Adambakkam, Tambaram, Chennai",Chennai,Tamil Nadu,Sale Deed,RS-DOC-0506-1,2019-03-25,Ananya Natarajan,3,b2f66a85160e4c5f799390c6eaca152b77598ab92578d290a2043a34300babaf,Verified,1,1,1,0,0,0,0,0,Synthetic development/demo dataset
RS-PROP-0506,USR-1026,Vignesh Natarajan,USR-1026,USR-1051,SUR-796/5B,9600.0,"Adambakkam, Tambaram, Chennai",Chennai,Tamil Nadu,Land Record,RS-DOC-0506-2,2019-03-25,Ananya Natarajan,3,6ae262148690e285d443004b2c2a12b25e662ada0494861f65555635dab28567,Verified,1,1,1,0,0,0,0,0,Synthetic development/demo dataset
RS-PROP-0506,USR-1026,Vignesh Natarajan,USR-1026,USR-1051,SUR-796/5B,9600.0,"Adambakkam, Tambaram, Chennai",Chennai,Tamil Nadu,Encumbrance Certificate,RS-DOC-0506-3,2019-03-25,Ananya Natarajan,3,f8b7197c3e99a12ed2d6d3ac7d4b0d179c2ecdfa49f2b228effe9a0f532ed110,Verified,1,1,1,0,0,0,0,0,Synthetic development/demo dataset
RS-PROP-0506,USR-1026,Vignesh Natarajan,USR-1026,USR-1051,SUR-796/5B,9600.0,"Adambakkam, Tambaram, Chennai",Chennai,Tamil Nadu,Property Tax Receipt,RS-DOC-0506-4,2019-03-25,Ananya Natarajan,3,4888e0c94a01d158196d31d2b6a37b7cdc290fd593325411e052c8fa7411c435,Verified,1,1,1,0,0,0,0,0,Synthetic development/demo dataset
RS-PROP-0507,USR-1028,Uma Murugan,USR-1028,USR-1053,SUR-947/6C,3600.0,"Irungattukottai, Kundrathur, Kanchipuram",Kanchipuram,Tamil Nadu,Sale Deed,RS-DOC-0507-1,2024-11-28,Vignesh Natarajan,1,72ae68318c958b647470495d592dc5cf632a4581cb4bc018cad1c91a7e102ced,Verified,0,0,1,0,0,0,0,1,Synthetic development/demo dataset
RS-PROP-0507,USR-1028,Uma Murugan,USR-1028,USR-1053,SUR-947/6C,3600.0,"Irungattukottai, Kundrathur, Kanchipuram",Kanchipuram,Tamil Nadu,Land Record,RS-DOC-0507-2,2024-11-28,Vignesh Natarajan,1,8d955d5f301cdb8f34a89d07a0dc8c4beae15a8528e1ab03697997135549ceb7,Verified,0,0,1,0,0,0,0,1,Synthetic development/demo dataset
RS-PROP-0507,USR-1028,Uma Murugan,USR-1028,USR-1053,SUR-947/6C,3600.0,"Irungattukottai, Kundrathur, Kanchipuram",Kanchipuram,Tamil Nadu,Encumbrance Certificate,RS-DOC-0507-3,2024-11-28,Vignesh Natarajan,1,2404b33e14b2c9fcb8ffd867a3720e6ab284eb005f2fc7804661df1c5f909107,Verified,0,0,1,0,0,0,0,1,Synthetic development/demo dataset
RS-PROP-0507,USR-1028,Uma Murugan,USR-1028,USR-1053,SUR-947/6C,3600.0,"Irungattukottai, Kundrathur, Kanchipuram",Kanchipuram,Tamil Nadu,Property Tax Receipt,RS-DOC-0507-4,2024-11-28,Vignesh Natarajan,1,779b00f39b268942b24d02083bac2b0b773b461f73eabfcf5b925202847dfb57,Verified,0,0,1,0,0,0,0,1,Synthetic development/demo dataset
RS-PROP-0508,USR-1030,Poornima Reddy,USR-1030,USR-1055,SUR-486/2C,9600.0,"Kelambakkam, Vandalur, Chengalpattu",Chengalpattu,Tamil Nadu,Sale Deed,RS-DOC-0508-1,2022-03-09,Dinesh Rao,4,a8bc4610c7d9a4c27cd6a2e9c931938518c1987f9449b4dc682c8e83df05af66,Verified,1,1,1,0,0,0,0,0,Synthetic development/demo dataset
RS-PROP-0508,USR-1030,Poornima Reddy,USR-1030,USR-1055,SUR-486/2C,9600.0,"Kelambakkam, Vandalur, Chengalpattu",Chengalpattu,Tamil Nadu,Land Record,RS-DOC-0508-2,2022-03-09,Dinesh Rao,4,db728e4da9bad87468f382a01f1a038ada44ae5c8e4e0d8c7e153840d750c43c,Verified,1,1,1,0,0,0,0,0,Synthetic development/demo dataset
RS-PROP-0508,USR-1030,Poornima Reddy,USR-1030,USR-1055,SUR-486/2C,9600.0,"Kelambakkam, Vandalur, Chengalpattu",Chengalpattu,Tamil Nadu,Encumbrance Certificate,RS-DOC-0508-3,2022-03-09,Dinesh Rao,4,4bd18223f103b2742950b46c5f9f98168d84a948b80e04aa60e8690f3b957bf5,Verified,1,1,1,0,0,0,0,0,Synthetic development/demo dataset
RS-PROP-0508,USR-1030,Poornima Reddy,USR-1030,USR-1055,SUR-486/2C,9600.0,"Kelambakkam, Vandalur, Chengalpattu",Chengalpattu,Tamil Nadu,Property Tax Receipt,RS-DOC-0508-4,2022-03-09,Dinesh Rao,4,c825b98782140813eba9d680e4b960c15a159882edabc6beb2f27c4c799da850,Verified,1,1,1,0,0,0,0,0,Synthetic development/demo dataset
RS-PROP-0509,USR-1032,Bhavani Natarajan,USR-1032,USR-1057,SUR-911/6C,1500.0,"Singanallur, Sulur, Coimbatore",Coimbatore,Tamil Nadu,Sale Deed,RS-DOC-0509-1,2021-11-05,Gayathri Subramanian,3,eed9645fbe60d5c8b17c3e4fc53c76c47f2c83714494ab8d9fa3ae3276087022,Verified,1,1,1,0,0,0,0,0,Synthetic development/demo dataset
RS-PROP-0509,USR-1032,Bhavani Natarajan,USR-1032,USR-1057,SUR-911/6C,1500.0,"Singanallur, Sulur, Coimbatore",Coimbatore,Tamil Nadu,Land Record,RS-DOC-0509-2,2021-11-05,Gayathri Subramanian,3,5121a109017c67d6ad609ae78f881c63734039f84c2d8b67420673adda896f8a,Verified,1,1,1,0,0,0,0,0,Synthetic development/demo dataset
RS-PROP-0509,USR-1032,Bhavani Natarajan,USR-1032,USR-1057,SUR-911/6C,1500.0,"Singanallur, Sulur, Coimbatore",Coimbatore,Tamil Nadu,Encumbrance Certificate,RS-DOC-0509-3,2021-11-05,Gayathri Subramanian,3,693b523fe8f16c85e4e84c027d0442620190008d66d1847a59d69f9b8b3b5ee2,Verified,1,1,1,0,0,0,0,0,Synthetic development/demo dataset
RS-PROP-0510,USR-1034,Deepa Pillai,USR-1034,USR-1059,SUR-322/52,1500.0,"Madipakkam, Velachery, Chennai",Chennai,Tamil Nadu,Sale Deed,RS-DOC-0510-1,2021-05-01,Poornima Reddy,1,f604da1affa7827c7d68b581bcf18bcdf95007210968dfc6ee1d0ceeb8a10a64,Verified,1,1,1,0,0,0,1,0,Synthetic development/demo dataset
RS-PROP-0511,USR-1036,Revathi Subramanian,USR-1036,USR-1002,SUR-699/2C,2400.0,"Ponmalai, Srirangam, Tiruchirappalli",Tiruchirappalli,Tamil Nadu,Sale Deed,RS-DOC-0511-1,2021-06-08,Aravind Vaidyanathan,1,bf742071514cc973731334ac7b9fc8334369db0b6dc71b4c4e8ec386fffb48d3,Verified,1,1,1,0,0,0,0,0,Synthetic development/demo dataset
RS-PROP-0511,USR-1036,Revathi Subramanian,USR-1036,USR-1002,SUR-699/2C,2400.0,"Ponmalai, Srirangam, Tiruchirappalli",Tiruchirappalli,Tamil Nadu,Land Record,RS-DOC-0511-2,2021-06-08,Aravind Vaidyanathan,1,9623807a26ae2bf4d4076d6a40b15a449c8c17c0552b7443deea968ad6ace481,Verified,1,1,1,0,0,0,0,0,Synthetic development/demo dataset
RS-PROP-0511,USR-1036,Revathi Subramanian,USR-1036,USR-1002,SUR-699/2C,2400.0,"Ponmalai, Srirangam, Tiruchirappalli",Tiruchirappalli,Tamil Nadu,Encumbrance Certificate,RS-DOC-0511-3,2021-06-08,Aravind Vaidyanathan,1,e997a466fbae39bee07a46244cabe396df55bedecf30d4e5fa8f4462a7a0006f,Verified,1,1,1,0,0,0,0,0,Synthetic development/demo dataset
RS-PROP-0511,USR-1036,Revathi Subramanian,USR-1036,USR-1002,SUR-699/2C,2400.0,"Ponmalai, Srirangam, Tiruchirappalli",Tiruchirappalli,Tamil Nadu,Property Tax Receipt,RS-DOC-0511-4,2021-06-08,Aravind Vaidyanathan,1,41f2e556b8805388f9192cc92b94e3460e83932727ab4998b18fada143a2dd64,Verified,1,1,1,0,0,0,0,0,Synthetic development/demo dataset
RS-PROP-0512,USR-1038,Poornima Rao,USR-1038,USR-1004,SUR-356/31,9600.0,"Anna Nagar, Madurai South, Madurai",Madurai,Tamil Nadu,Sale Deed,RS-DOC-0512-1,2020-05-03,Kavitha Srinivasan,2,47c7e6276490e3ea61156aab949503cafcdf908b74c0bb427972e5d1d1f060e7,Verified,1,1,1,0,0,0,0,0,Synthetic development/demo dataset
RS-PROP-0512,USR-1038,Poornima Rao,USR-1038,USR-1004,SUR-356/31,9600.0,"Anna Nagar, Madurai South, Madurai",Madurai,Tamil Nadu,Land Record,RS-DOC-0512-2,2020-05-03,Kavitha Srinivasan,2,322541bcf816f735099fa1819c06eb117d7cc07e26cbeeca1fdb370553a35abc,Verified,1,1,1,0,0,0,0,0,Synthetic development/demo dataset
RS-PROP-0512,USR-1038,Poornima Rao,USR-1038,USR-1004,SUR-356/31,9600.0,"Anna Nagar, Madurai South, Madurai",Madurai,Tamil Nadu,Encumbrance Certificate,RS-DOC-0512-3,2020-05-03,Kavitha Srinivasan,2,27a32b6ed42e8ffb1046e54c8a111c41d3721fd840a19ae84769e6cc345a6e9f,Verified,1,1,1,0,0,0,0,0,Synthetic development/demo dataset
RS-PROP-0512,USR-1038,Poornima Rao,USR-1038,USR-1004,SUR-356/31,9600.0,"Anna Nagar, Madurai South, Madurai",Madurai,Tamil Nadu,Property Tax Receipt,RS-DOC-0512-4,2020-05-03,Kavitha Srinivasan,2,b02c91112603beb76039f5f59c764de26fd06afafd95046980f030c1c2675768,Verified,1,1,1,0,0,0,0,0,Synthetic development/demo dataset
RS-PROP-0513,USR-1040,Siddharth Rao,USR-1040,USR-1006,SUR-462/71,4800.0,"Thiruparankundram, Thirumangalam, Madurai",Madurai,Tamil Nadu,Sale Deed,RS-DOC-0513-1,2021-01-18,Priya Vaidyanathan,2,92c63eb9b3054bcd9f10f1a8f9afa2c5ae91741a8ac3873ad65aad1ffe6602c8,Verified,1,1,1,0,0,0,0,0,Synthetic development/demo dataset
RS-PROP-0513,USR-1040,Siddharth Rao,USR-1040,USR-1006,SUR-462/71,4800.0,"Thiruparankundram, Thirumangalam, Madurai",Madurai,Tamil Nadu,Land Record,RS-DOC-0513-2,2021-01-18,Priya Vaidyanathan,2,ec5017f318e1edaac29e837b8f685cf3c4d0f95cea07a67be028ac5f244e38c2,Verified,1,1,1,0,0,0,0,0,Synthetic development/demo dataset
RS-PROP-0513,USR-1040,Siddharth Rao,USR-1040,USR-1006,SUR-462/71,4800.0,"Thiruparankundram, Thirumangalam, Madurai",Madurai,Tamil Nadu,Encumbrance Certificate,RS-DOC-0513-3,2021-01-18,Priya Vaidyanathan,2,7cdf6c1b459bedc33d01b98e4c52740f0bfe5d03a00571431537c51e8418ae8a,Verified,1,1,1,0,0,0,0,0,Synthetic development/demo dataset
RS-PROP-0514,USR-1042,Nandhini Subramanian,USR-1042,USR-1007,SUR-873/7B,4800.0,"Koodal Nagar, Thirumangalam, Madurai",Madurai,Tamil Nadu,Sale Deed,RS-DOC-0514-1,2018-08-26,Gayathri Ramesh,1,7c6316b3e9f107061a0be42714acd2fbe46c6f97513bdb7fd190b49e44643b88,Verified,1,0,1,0,0,0,0,1,Synthetic development/demo dataset
RS-PROP-0514,USR-1042,Nandhini Subramanian,USR-1042,USR-1007,SUR-873/7B,4800.0,"Koodal Nagar, Thirumangalam, Madurai",Madurai,Tamil Nadu,Land Record,RS-DOC-0514-2,2018-08-26,Gayathri Ramesh,1,377351aa76bc665f475c907543c2f2773711b00a83517757e2eed5a995f21621,Verified,1,0,1,0,0,0,0,1,Synthetic development/demo dataset
RS-PROP-0514,USR-1042,Nandhini Subramanian,USR-1042,USR-1007,SUR-873/7B,4800.0,"Koodal Nagar, Thirumangalam, Madurai",Madurai,Tamil Nadu,Encumbrance Certificate,RS-DOC-0514-3,2018-08-26,Gayathri Ramesh,1,c154b0de4880cf0bc363ad8c7bc456a19f66e1e7ac49fb266e50ef28c6245ca4,Verified,1,0,1,0,0,0,0,1,Synthetic development/demo dataset
RS-PROP-0515,USR-1044,Ramesh Srinivasan,USR-1044,USR-1009,SUR-628/32,5400.0,"Kattur, Tiruchirappalli West, Tiruchirappalli",Tiruchirappalli,Tamil Nadu,Sale Deed,RS-DOC-0515-1,2019-11-21,Saravanan Pillai,1,b9bdf431b320620cf1482085fe3e20ed08409a1adde1e0848134d4f76eb25427,Verified,1,1,1,0,0,0,0,0,Synthetic development/demo dataset
RS-PROP-0515,USR-1044,Ramesh Srinivasan,USR-1044,USR-1009,SUR-628/32,5400.0,"Kattur, Tiruchirappalli West, Tiruchirappalli",Tiruchirappalli,Tamil Nadu,Land Record,RS-DOC-0515-2,2019-11-21,Saravanan Pillai,1,2c6a5bc82ca022b11f31f209705fc018bb81987c2fe84c2dc46091cf4e0e7ea9,Verified,1,1,1,0,0,0,0,0,Synthetic development/demo dataset
RS-PROP-0515,USR-1044,Ramesh Srinivasan,USR-1044,USR-1009,SUR-628/32,5400.0,"Kattur, Tiruchirappalli West, Tiruchirappalli",Tiruchirappalli,Tamil Nadu,Encumbrance Certificate,RS-DOC-0515-3,2019-11-21,Saravanan Pillai,1,bbdba5fa7dc44fde35d732b2d5c27f25106953cb5d2ea50eb8dadd6b446b7dae,Verified,1,1,1,0,0,0,0,0,Synthetic development/demo dataset
RS-PROP-0515,USR-1044,Ramesh Srinivasan,USR-1044,USR-1009,SUR-628/32,5400.0,"Kattur, Tiruchirappalli West, Tiruchirappalli",Tiruchirappalli,Tamil Nadu,Property Tax Receipt,RS-DOC-0515-4,2019-11-21,Saravanan Pillai,1,550079dab4b01a5af430cad714b8474f849d34a0d01ea7b7a464d4cf8e18a752,Verified,1,1,1,0,0,0,0,0,Synthetic development/demo dataset
RS-PROP-0516,USR-1046,Saravanan Natarajan,USR-1046,USR-1011,SUR-309/21,1200.0,"Anna Nagar, Madurai North, Madurai",Madurai,Tamil Nadu,Sale Deed,RS-DOC-0516-1,2021-07-02,Ramesh Pillai,4,f12ccbc594b1e10e5d845f7b61a9e898bbe161f3d15be3019479ebd367e33687,Verified,1,1,1,0,0,0,0,0,Synthetic development/demo dataset
RS-PROP-0516,USR-1046,Saravanan Natarajan,USR-1046,USR-1011,SUR-309/21,1200.0,"Anna Nagar, Madurai North, Madurai",Madurai,Tamil Nadu,Land Record,RS-DOC-0516-2,2021-07-02,Ramesh Pillai,4,af61fd16abff68ed29e7daa316108fc65f4e9095f06b5321637e61013c8def32,Verified,1,1,1,0,0,0,0,0,Synthetic development/demo dataset
RS-PROP-0516,USR-1046,Saravanan Natarajan,USR-1046,USR-1011,SUR-309/21,1200.0,"Anna Nagar, Madurai North, Madurai",Madurai,Tamil Nadu,Encumbrance Certificate,RS-DOC-0516-3,2021-07-02,Ramesh Pillai,4,fd97edaace73c871612fb39c1989a654ea7ab3fad3957b9fe1b8769a7379be97,Verified,1,1,1,0,0,0,0,0,Synthetic development/demo dataset
RS-PROP-0516,USR-1046,Saravanan Natarajan,USR-1046,USR-1011,SUR-309/21,1200.0,"Anna Nagar, Madurai North, Madurai",Madurai,Tamil Nadu,Property Tax Receipt,RS-DOC-0516-4,2021-07-02,Ramesh Pillai,4,56b1ee7a7bc3cd2e94cef312c4cf56f8919c111c1ae526cf314f90e55ce4ca07,Verified,1,1,1,0,0,0,0,0,Synthetic development/demo dataset
RS-PROP-0517,USR-1048,Siddharth Natarajan,USR-1048,USR-1013,SUR-289/3B,1800.0,"Saravanampatti, Coimbatore North, Coimbatore",Coimbatore,Tamil Nadu,Sale Deed,RS-DOC-0517-1,2023-12-18,Vijay Thyagarajan,3,ed91e24f08e4d750520e87f9f0d4d2a07adae02295bdd478c5de278d0256933f,Verified,1,0,1,0,0,0,0,1,Synthetic development/demo dataset
RS-PROP-0517,USR-1048,Siddharth Natarajan,USR-1048,USR-1013,SUR-289/3B,1800.0,"Saravanampatti, Coimbatore North, Coimbatore",Coimbatore,Tamil Nadu,Land Record,RS-DOC-0517-2,2023-12-18,Vijay Thyagarajan,3,eeb6cdcfd566ca478fefb483a6b5e4991d46d15e6358d3ffc286d299eb51ff1f,Verified,1,0,1,0,0,0,0,1,Synthetic development/demo dataset
RS-PROP-0517,USR-1048,Siddharth Natarajan,USR-1048,USR-1013,SUR-289/3B,1800.0,"Saravanampatti, Coimbatore North, Coimbatore",Coimbatore,Tamil Nadu,Encumbrance Certificate,RS-DOC-0517-3,2023-12-18,Vijay Thyagarajan,3,a000bbdaa335e441222b2b9213e6bf63079910190838a05ecb233d1a8ebd4517,Verified,1,0,1,0,0,0,0,1,Synthetic development/demo dataset
RS-PROP-0518,USR-1050,Ananya Swaminathan,USR-1050,USR-1015,SUR-128/51,1500.0,"Peelamedu, Sulur, Coimbatore",Coimbatore,Tamil Nadu,Sale Deed,RS-DOC-0518-1,2021-01-19,Kavitha Ramesh,4,2c2eb15d3e9a8950a966ff2810c95c239779c222ee5bfdb7dd623cb8574689ef,Verified,1,1,1,0,0,0,1,0,Synthetic development/demo dataset
RS-PROP-0519,USR-1052,Lakshmi Reddy,USR-1052,USR-1017,SUR-823/91,9600.0,"Othakadai, Madurai South, Madurai",Madurai,Tamil Nadu,Sale Deed,RS-DOC-0519-1,2019-11-05,Dinesh Srinivasan,4,9e616279a132027d9e9c9abc5ad2459293bd74b63c574d2d45643fa0b70c9701,Verified,1,1,1,0,0,0,0,0,Synthetic development/demo dataset
RS-PROP-0519,USR-1052,Lakshmi Reddy,USR-1052,USR-1017,SUR-823/91,9600.0,"Othakadai, Madurai South, Madurai",Madurai,Tamil Nadu,Land Record,RS-DOC-0519-2,2019-11-05,Dinesh Srinivasan,4,3a801e3236b418ff0a8d48faeb05faa44cf50d867fd2053862391f1aa41d8319,Verified,1,1,1,0,0,0,0,0,Synthetic development/demo dataset
RS-PROP-0519,USR-1052,Lakshmi Reddy,USR-1052,USR-1017,SUR-823/91,9600.0,"Othakadai, Madurai South, Madurai",Madurai,Tamil Nadu,Encumbrance Certificate,RS-DOC-0519-3,2019-11-05,Dinesh Srinivasan,4,775cf9074ce592b87992dca2f759f3ea5797aa2d40ef82e1a1bd320fa1d07d4d,Verified,1,1,1,0,0,0,0,0,Synthetic development/demo dataset
RS-PROP-0520,USR-1054,Kavitha Gopal,USR-1054,USR-1019,SUR-485/82,1800.0,"Keelkattalai, Sholinganallur, Chennai",Chennai,Tamil Nadu,Sale Deed,RS-DOC-0520-1,2023-09-25,Ganesh Subramanian,3,3ddc390ee962bb014039589ae5db46cc3ae9d47e9e208a8584955febf39d6150,Verified,1,1,1,0,0,0,0,0,Synthetic development/demo dataset
RS-PROP-0520,USR-1054,Kavitha Gopal,USR-1054,USR-1019,SUR-485/82,1800.0,"Keelkattalai, Sholinganallur, Chennai",Chennai,Tamil Nadu,Land Record,RS-DOC-0520-2,2023-09-25,Ganesh Subramanian,3,0d1ef37d51a6652e01cb1e20e3f556c5677c413408df9916fa5b1f4fd15230a5,Verified,1,1,1,0,0,0,0,0,Synthetic development/demo dataset
RS-PROP-0520,USR-1054,Kavitha Gopal,USR-1054,USR-1019,SUR-485/82,1800.0,"Keelkattalai, Sholinganallur, Chennai",Chennai,Tamil Nadu,Encumbrance Certificate,RS-DOC-0520-3,2023-09-25,Ganesh Subramanian,3,0b6a8fac5832d8dd6a9de347e94ff18905f1730560492812cb4d5399126ab3ef,Verified,1,1,1,0,0,0,0,0,Synthetic development/demo dataset
RS-PROP-0520,USR-1054,Kavitha Gopal,USR-1054,USR-1019,SUR-485/82,1800.0,"Keelkattalai, Sholinganallur, Chennai",Chennai,Tamil Nadu,Property Tax Receipt,RS-DOC-0520-4,2023-09-25,Ganesh Subramanian,3,fc73119e3bd7cf6b7e204b7cb4d0568f9580df2ef97865592dc99ae71661dc1b,Verified,1,1,1,0,0,0,0,0,Synthetic development/demo dataset
