property_id,owner_id,owner_name,seller_id,buyer_id,survey_number,land_area,location,district,state,registration_date,previous_owner,ownership_transfer_count,document_hash,document_status,owner_match,survey_match,area_match,duplicate_property,ownership_history_conflict,suspicious_transfer_pattern,missing_document,owner_mismatch,survey_mismatch,area_mismatch,hash_mismatch,fraud_label,risk_score,risk_level,dataset_type
RS-PROP-0001,USR-1001,Arun Kumar,USR-1001,USR-1002,SUR-458/2A,2400.0,"Madipakkam, Tambaram, Chennai",Chennai,Tamil Nadu,2022-06-14,Sundar Raman,2,4807549fa96eb90566230de8ce954005a24449e70b14d0280b0ea28cbc55c8a7,Verified,1,1,1,0,0,0,0,0,0,0,0,0,0,Low Risk,Synthetic development/demo dataset
RS-PROP-0002,USR-1003,Lakshmi Swaminathan,USR-1003,USR-1004,SUR-369/9B,9600.0,"Thoraipakkam, Sholinganallur, Chennai",Chennai,Tamil Nadu,2024-11-10,Vijay Subramanian,2,0d0a2d189c82f1512953650f1791f13b47861b9ca707d8be31b5a73df9678a49,Verified,1,1,1,0,0,0,0,0,0,0,0,0,0,Low Risk,Synthetic development/demo dataset
RS-PROP-0003,USR-1005,Uma Kumar,USR-1005,USR-1006,SUR-345/1B,1500.0,"Pallavaram, Guindy, Chennai",Chennai,Tamil Nadu,2023-08-27,Deepa Ganesan,2,9f3c02363c23386d9f5cbe6eaf873161e063742d22a895250da61974b67b44ed,Verified,1,1,1,0,0,0,0,0,0,0,0,0,0,Low Risk,Synthetic development/demo dataset
RS-PROP-0004,USR-1008,Poornima Iyer,USR-1008,USR-1007,SUR-508/61,9600.0,"Othakadai, Madurai South, Madurai",Madurai,Tamil Nadu,2018-04-08,Deepa Rao,2,5fdcf6e484d983c1f7add51d2f22207d917d9e01ce48ce92c3850d16f323e8ac,Verified,1,1,1,0,0,0,0,0,0,0,0,0,0,Low Risk,Synthetic development/demo dataset
RS-PROP-0005,USR-1010,Suresh Chandran,USR-1010,USR-1009,SUR-172/9B,3000.0,"Pallavaram, Tambaram, Chennai",Chennai,Tamil Nadu,2021-04-18,Meenakshi Srinivasan,4,fd6a3cb7bd0a23a291804ee114aadbc3fd2e0206b1f39c1158a783b84828c7af,Verified,1,1,0,0,0,0,1,0,0,1,0,1,25,Low Risk,Synthetic development/demo dataset
RS-PROP-0006,USR-1012,Poornima Vaidyanathan,USR-1012,USR-1011,SUR-162/7C,1500.0,"Saravanampatti, Coimbatore South, Coimbatore",Coimbatore,Tamil Nadu,2019-04-18,Siddharth Subramanian,3,96a8ff9e96bd9412f6e21c247e24d1b7e581bf19bdce25f5202987d1d714ca11,Verified,1,1,1,0,1,0,0,0,0,0,0,1,20,Review Required,Synthetic development/demo dataset
RS-PROP-0007,USR-1014,Arun Kumar,USR-1014,USR-1013,SUR-597/8B,4800.0,"Siruseri, Chengalpattu, Chengalpattu",Chengalpattu,Tamil Nadu,2019-07-01,Aravind Murugan,3,1abad4f2b09542361cb2118efdee9823ec7cd28da981d711da47d10327f65fac,Verified,0,1,1,0,0,0,0,1,0,0,0,1,25,Review Required,Synthetic development/demo dataset
RS-PROP-0008,USR-1016,Uma Subramanian,USR-1016,USR-1015,SUR-159/9A,3600.0,"Kelambakkam, Thiruporur, Chengalpattu",Chengalpattu,Tamil Nadu,2018-10-16,Lakshmi Ramesh,1,fac70800a899f95feb2bbbdaf355c17147dc88732991dc4807be230f8ca3523a,Verified,1,1,1,0,0,0,0,0,0,0,0,0,0,Low Risk,Synthetic development/demo dataset
RS-PROP-0009,USR-1018,Swetha Gopal,USR-1018,USR-1017,SUR-692/12,1500.0,"Velachery East, Mylapore, Chennai",Chennai,Tamil Nadu,2023-10-19,Rajesh Murugan,3,84362c5d3ac70d39d4b186c87dc2ebb23c822ff8e0446e0d6bec3e73bb0fb2cd,Verified,0,0,1,0,0,1,0,1,1,0,0,1,65,High Risk,Synthetic development/demo dataset
RS-PROP-0010,USR-1020,Deepa Ganesan,USR-1020,USR-1019,SUR-457/2B,3600.0,"Kelambakkam, Thiruporur, Chengalpattu",Chengalpattu,Tamil Nadu,2019-08-27,Kavitha Balasubramanian,3,ac503d88cc20c8657d37518938468c45a518c107df1d111e178b2339566c5329,Verified,1,1,1,0,0,0,0,0,0,0,0,0,0,Low Risk,Synthetic development/demo dataset
RS-PROP-0011,USR-1022,Ananya Ganesan,USR-1022,USR-1021,SUR-719/4C,2400.0,"Padur, Thiruporur, Chengalpattu",Chengalpattu,Tamil Nadu,2023-05-17,Uma Murugan,1,070338346941e1d4bc7e5aa4480c3e2b918220cfefe681a22211ba73ac7873b6,Verified,1,1,1,0,0,0,0,0,0,0,0,0,0,Low Risk,Synthetic development/demo dataset
RS-PROP-0012,USR-1024,Meenakshi Murugan,USR-1024,USR-1023,SUR-822/72,1200.0,"Maraimalai Nagar, Maduranthakam, Chengalpattu",Chengalpattu,Tamil Nadu,2018-12-05,Karthik Reddy,2,ddbdd51da59cf9bbda1d0345a0b5dc6b3198e6b8fb944bb5bffc878ee8289d38,Verified,1,1,1,0,0,0,0,0,0,0,0,0,0,Low Risk,Synthetic development/demo dataset
RS-PROP-0013,USR-1026,Karthik Reddy,USR-1026,USR-1025,SUR-462/91,1800.0,"Guduvancheri, Chengalpattu, Chengalpattu",Chengalpattu,Tamil Nadu,2024-03-26,Balaji Vaidyanathan,2,9a588947d7bb40c4710e32ff02d262085ac2de45d0fcc74de1bd35e50437eb59,Verified,1,1,1,0,0,0,0,0,0,0,0,0,0,Low Risk,Synthetic development/demo dataset
RS-PROP-0014,USR-1028,Swetha Murugan,USR-1028,USR-1027,SUR-993/11,2400.0,"Siruseri, Vandalur, Chengalpattu",Chengalpattu,Tamil Nadu,2024-08-12,Kavitha Chandran,1,e1556627a5bea10e80cfc983bf883495a5d67535ada7b7dd17d45d62e2123dea,Verified,1,1,1,0,0,0,0,0,0,0,0,0,0,Low Risk,Synthetic development/demo dataset
RS-PROP-0015,USR-1030,Deepa Murugan,USR-1030,USR-1029,SUR-458/2A,3000.0,"Sunguvarchatram, Kundrathur, Kanchipuram",Kanchipuram,Tamil Nadu,2022-05-02,Ananya Vaidyanathan,3,f4fd7cf5ccdd8fcf99fc3e0da03dbf32e264023a87efba00ae18466ba971db73,Verified,1,0,1,0,0,0,0,0,1,0,0,1,25,Review Required,Synthetic development/demo dataset
RS-PROP-0016,USR-1032,Ramesh Gopal,USR-1032,USR-1031,SUR-145/7A,9600.0,"Othakadai, Madurai South, Madurai",Madurai,Tamil Nadu,2023-12-24,Vijay Reddy,1,da0108d119f0649c5efbe5707993ac31624150e2f878cc0ea52e97a64e315f8d,Verified,1,1,1,0,0,0,0,0,0,0,0,0,0,Low Risk,Synthetic development/demo dataset
RS-PROP-0017,USR-1034,Ramesh Pillai,USR-1034,USR-1033,SUR-434/7C,9600.0,"Thiruparankundram, Thirumangalam, Madurai",Madurai,Tamil Nadu,2019-07-22,Aravind Krishnan,3,7fb24c9ea385f41c0533a0f26ecab13e7242128e50be8d2d5041941ee591e675,Verified,1,1,1,0,0,0,0,0,0,0,0,0,0,Low Risk,Synthetic development/demo dataset
RS-PROP-0018,USR-1036,Poornima Srinivasan,USR-1036,USR-1035,SUR-552/8B,9600.0,"Thiruparankundram, Thirumangalam, Madurai",Madurai,Tamil Nadu,2024-12-06,Venkatesh Pillai,5,d0404de494d6d9e860507a9ee4d2fc41720c82f3f56626c8d4fadb9bcbd9c7ff,Verified,1,1,1,1,1,0,0,0,0,0,0,1,40,Review Required,Synthetic development/demo dataset
RS-PROP-0019,USR-1038,Deepa Swaminathan,USR-1038,USR-1037,SUR-606/7B,1800.0,"Kovaipudur, Coimbatore North, Coimbatore",Coimbatore,Tamil Nadu,2023-01-25,Ananya Vaidyanathan,2,a20a87ba949b8572cce41c53a76e26e77084031130ec7a7b081230a09ab13a34,Verified,1,1,1,0,0,0,0,0,0,0,0,0,0,Low Risk,Synthetic development/demo dataset
RS-PROP-0020,USR-1040,Swetha Natarajan,USR-1040,USR-1039,SUR-783/92,3600.0,"Kovaipudur, Coimbatore North, Coimbatore",Coimbatore,Tamil Nadu,2022-12-17,Poornima Ganesan,2,b4a71845726d8b238e2c8a5723a73f642783c812e86481d29a3c49af7522fa19,Verified,1,1,1,0,0,0,0,0,0,0,0,0,0,Low Risk,Synthetic development/demo dataset
RS-PROP-0021,USR-1042,Swetha Murugan,USR-1042,USR-1041,SUR-381/8A,3000.0,"Anna Nagar, Melur, Madurai",Madurai,Tamil Nadu,2020-06-11,Venkatesh Subramanian,2,62aefc39cda3f98fa5908487d829cf33b3285b12764363d61a8e3880aad994a6,Verified,1,1,1,0,0,0,0,0,0,0,0,0,0,Low Risk,Synthetic development/demo dataset
RS-PROP-0022,USR-1044,Madhavan Rao,USR-1044,USR-1043,SUR-163/41,4800.0,"Thiruparankundram, Melur, Madurai",Madurai,Tamil Nadu,2023-01-28,Aravind Thyagarajan,3,770e5f0ce548203df9fdaa6990d3e47814f1f9b899c319d2f8df90f3f73ba808,Verified,0,0,1,0,0,0,0,1,1,0,0,1,50,Review Required,Synthetic development/demo dataset
RS-PROP-0023,USR-1046,Uma Chandran,USR-1046,USR-1045,SUR-882/4C,2400.0,"Guduvancheri, Vandalur, Chengalpattu",Chengalpattu,Tamil Nadu,2019-08-05,Priya Gopal,1,40a840c357b3c1f96135191a491679ac949bf70c06f6e33cc4cfb648c1bff8b2,Verified,1,1,1,1,0,0,0,0,0,0,0,1,20,Review Required,Synthetic development/demo dataset
RS-PROP-0024,USR-1048,Gayathri Krishnan,USR-1048,USR-1047,SUR-435/41,3600.0,"Keelkattalai, Guindy, Chennai",Chennai,Tamil Nadu,2024-07-09,Madhavan Murugan,4,c53c123aa75b79821a07486fb04e0c4e2d514934c456a0e1acf5b962804a8426,Verified,0,1,1,0,0,0,0,1,0,0,0,1,25,Review Required,Synthetic development/demo dataset
RS-PROP-0025,USR-1050,Vijay Kumar,USR-1050,USR-1049,SUR-229/8A,2400.0,"Anna Nagar, Madurai South, Madurai",Madurai,Tamil Nadu,2023-05-25,Nandhini Krishnan,1,892caa156f42ed15457e84b1d67fa18698c8f335e4b5e5fc25d8645a5e2e3920,Verified,1,1,1,0,0,0,0,0,0,0,0,0,0,Low Risk,Synthetic development/demo dataset
RS-PROP-0026,USR-1052,Priya Pillai,USR-1052,USR-1051,SUR-832/4A,2400.0,"Thiruparankundram, Melur, Madurai",Madurai,Tamil Nadu,2023-05-28,Ramesh Srinivasan,3,29da5ef1229d7f485ef8b0ec60c5247f5ca291b4667c956d10a1d4d2538cb00e,Verified,1,1,1,0,0,0,0,0,0,0,0,0,0,Low Risk,Synthetic development/demo dataset
RS-PROP-0027,USR-1054,Bhavani Kumar,USR-1054,USR-1053,SUR-543/61,1800.0,"Saravanampatti, Sulur, Coimbatore",Coimbatore,Tamil Nadu,2019-12-17,Revathi Ganesan,4,81310cfbb5f8049cd48ea168b3af2079ea9b7e84a3f22c37e6ea46f547d23671,Verified,1,1,1,0,0,0,0,0,0,0,0,0,0,Low Risk,Synthetic development/demo dataset
RS-PROP-0028,USR-1056,Venkatesh Murugan,USR-1056,USR-1055,SUR-683/7C,1200.0,"Kovaipudur, Coimbatore North, Coimbatore",Coimbatore,Tamil Nadu,2024-06-06,Uma Iyer,5,a77810844eea67eb6695906a3ef48616c7eb23bc56f37dc85c210bcfc53541ca,Verified,1,1,1,0,0,1,0,0,0,0,0,0,15,Low Risk,Synthetic development/demo dataset
RS-PROP-0029,USR-1058,Uma Swaminathan,USR-1058,USR-1057,SUR-326/7B,3000.0,"Pallavaram, Tambaram, Chennai",Chennai,Tamil Nadu,2022-06-16,Dinesh Vaidyanathan,3,f37563067fd7c58a798ac127ca5a479e7b80a1db4018f529305ce4c3057df747,Verified,1,1,1,0,0,0,0,0,0,0,0,0,0,Low Risk,Synthetic development/demo dataset
RS-PROP-0030,USR-1001,Sundar Natarajan,USR-1001,USR-1059,SUR-222/9B,2400.0,"Srirangam Central, Srirangam, Tiruchirappalli",Tiruchirappalli,Tamil Nadu,2023-08-09,Manoj Natarajan,3,291cf8bbc05fc3178e3c21c250bc3ef2732caca8c647d11907e3916fbd20c83a,Verified,1,1,0,0,0,0,0,0,0,1,0,0,15,Low Risk,Synthetic development/demo dataset
RS-PROP-0031,USR-1003,Meenakshi Thyagarajan,USR-1003,USR-1002,SUR-391/81,5400.0,"Adambakkam, Tambaram, Chennai",Chennai,Tamil Nadu,2019-01-09,Vignesh Natarajan,4,90a76f946c58a081ab80bf8abf4519061c858398b67346cdafc75089179a748e,Hash Mismatch,1,1,1,0,0,0,0,0,0,0,1,1,30,Review Required,Synthetic development/demo dataset
RS-PROP-0032,USR-1005,Suresh Subramanian,USR-1005,USR-1004,SUR-354/22,4800.0,"Guduvancheri, Thiruporur, Chengalpattu",Chengalpattu,Tamil Nadu,2022-10-08,Aravind Swaminathan,3,fd2e45874a2b6af7d87c61e50079d4e26b2c6b90c74f9dd3672b1fb6294e0f9a,Verified,1,1,1,0,0,0,0,0,0,0,0,0,0,Low Risk,Synthetic development/demo dataset
RS-PROP-0033,USR-1008,Suresh Natarajan,USR-1008,USR-1006,SUR-776/2B,2400.0,"Padur, Chengalpattu, Chengalpattu",Chengalpattu,Tamil Nadu,2022-02-06,Arun Vaidyanathan,5,ebf55c395078c9bbec5cf97a9b8a2e938f970c390540f454fa0dc6cd3af87973,Verified,1,1,1,0,1,0,0,0,0,0,0,1,20,Review Required,Synthetic development/demo dataset
RS-PROP-0034,USR-1010,Vijay Vaidyanathan,USR-1010,USR-1007,SUR-763/3C,1800.0,"Velachery East, Mylapore, Chennai",Chennai,Tamil Nadu,2018-03-26,Kavitha Srinivasan,5,c8e956a3127b45aa40e9ffa33782b08a5348f42dcb2e2f928817934c0f11dd5a,Verified,1,1,1,0,0,1,0,0,0,0,0,0,15,Low Risk,Synthetic development/demo dataset
RS-PROP-0035,USR-1012,Priya Sundaram,USR-1012,USR-1009,SUR-690/1B,5400.0,"Padur, Vandalur, Chengalpattu",Chengalpattu,Tamil Nadu,2023-08-09,Balaji Srinivasan,4,301631c3e334a11760974c32e6f825e90454147ca282632af994646034fb6c4c,Verified,1,1,1,0,0,0,0,0,0,0,0,0,0,Low Risk,Synthetic development/demo dataset
RS-PROP-0036,USR-1014,Rajesh Natarajan,USR-1014,USR-1011,SUR-810/8C,4800.0,"Siruseri, Thiruporur, Chengalpattu",Chengalpattu,Tamil Nadu,2018-08-03,Rajesh Murugan,1,f1cc111de0325430cc4efa4ab1f01c1443cf36b34303bba789a4757a63c7cf5c,Verified,1,1,1,0,0,0,0,0,0,0,0,0,0,Low Risk,Synthetic development/demo dataset
RS-PROP-0037,USR-1016,Arun Ganesan,USR-1016,USR-1013,SUR-292/9C,5400.0,"Saravanampatti, Sulur, Coimbatore",Coimbatore,Tamil Nadu,2021-01-07,Revathi Ganesan,3,a5a7992ae78f3082520523b172507b9a29b818b6659f8c2bfb6499ffca0a1a9f,Verified,1,1,1,0,0,0,0,0,0,0,0,0,0,Low Risk,Synthetic development/demo dataset
RS-PROP-0038,USR-1018,Swetha Krishnan,USR-1018,USR-1015,SUR-517/2B,1500.0,"Sunguvarchatram, Sriperumbudur, Kanchipuram",Kanchipuram,Tamil Nadu,2018-11-27,Saravanan Thyagarajan,3,8aa5c2f378d22fc0168c28b8a3f6f7d9c81c7f45060825155844e52db13bf070,Verified,1,1,1,0,0,0,0,0,0,0,0,0,0,Low Risk,Synthetic development/demo dataset
RS-PROP-0039,USR-1020,Saravanan Gopal,USR-1020,USR-1017,SUR-382/7C,9600.0,"Guduvancheri, Chengalpattu, Chengalpattu",Chengalpattu,Tamil Nadu,2024-01-10,Kavitha Srinivasan,4,9f18c5d7ed8843018c076904b2b598627110e6e96ed96474ede29c76628e777e,Verified,1,1,1,0,0,0,0,0,0,0,0,0,0,Low Risk,Synthetic development/demo dataset
RS-PROP-0040,USR-1022,Bhavani Ganesan,USR-1022,USR-1019,SUR-429/4B,4800.0,"Thiruparankundram, Melur, Madurai",Madurai,Tamil Nadu,2024-07-02,Rajesh Thyagarajan,4,312fa28c0a9b72b7e2ea8a7148d1a0aabae2433e83c1f5d758eb1a7ea3332ed0,Verified,1,1,1,0,0,0,0,0,0,0,0,0,0,Low Risk,Synthetic development/demo dataset
RS-PROP-0041,USR-1024,Meenakshi Balasubramanian,USR-1024,USR-1021,SUR-995/8A,9600.0,"Koodal Nagar, Thirumangalam, Madurai",Madurai,Tamil Nadu,2018-12-05,Madhavan Subramanian,4,6ff6bd2e0f49c02c760f62e8f47a0d00b2453044df74dc5927565a6c2deabd6d,Verified,1,1,1,0,0,0,0,0,0,0,0,0,0,Low Risk,Synthetic development/demo dataset
RS-PROP-0042,USR-1026,Harini Sundaram,USR-1026,USR-1023,SUR-741/82,1200.0,"Mangadu, Kundrathur, Kanchipuram",Kanchipuram,Tamil Nadu,2018-04-21,Manoj Chandran,4,dcfe6967f0bb7d5885847600dee87b5c8cf7eb9e48b637b8b8d5a9ce20aae428,Verified,1,1,1,0,0,0,0,0,0,0,0,0,0,Low Risk,Synthetic development/demo dataset
RS-PROP-0043,USR-1028,Kavitha Kumar,USR-1028,USR-1025,SUR-400/6C,4800.0,"Madipakkam, Guindy, Chennai",Chennai,Tamil Nadu,2019-09-14,Balaji Krishnan,1,eff8196cdc1aa5f6c2a47b7d856f3eafb64b9dd61e83ce368144d0c3bb056266,Verified,1,1,1,0,0,0,0,0,0,0,0,0,0,Low Risk,Synthetic development/demo dataset
RS-PROP-0044,USR-1030,Uma Srinivasan,USR-1030,USR-1027,SUR-753/51,3000.0,"Siruseri, Chengalpattu, Chengalpattu",Chengalpattu,Tamil Nadu,2018-08-10,Lakshmi Sundaram,4,7e461a36fdedc468572ff2046825766a03b05bac1f4bb16c3a59d5df49dea755,Verified,1,1,1,0,1,0,0,0,0,0,0,1,20,Review Required,Synthetic development/demo dataset
RS-PROP-0045,USR-1032,Ganesh Swaminathan,USR-1032,USR-1029,SUR-973/8A,2400.0,"Thandalam, Kanchipuram, Kanchipuram",Kanchipuram,Tamil Nadu,2022-06-19,Manoj Pillai,4,9a4e69526b2c3e02e2aa213d438f748fafc7102466cd6320a1aaed1203837d02,Verified,0,1,1,0,0,0,0,1,0,0,0,1,25,Review Required,Synthetic development/demo dataset
RS-PROP-0046,USR-1034,Dinesh Chandran,USR-1034,USR-1031,SUR-794/3A,1200.0,"Srirangam Central, Srirangam, Tiruchirappalli",Tiruchirappalli,Tamil Nadu,2024-08-02,Nandhini Subramanian,3,14e0d472312ebc2081acda63d4cbfd2a850c9433db44f66859f3b47e876ef44b,Verified,0,0,1,0,0,0,0,1,1,0,0,1,50,Review Required,Synthetic development/demo dataset
RS-PROP-0047,USR-1036,Revathi Krishnan,USR-1036,USR-1033,SUR-864/6A,5400.0,"Mangadu, Kundrathur, Kanchipuram",Kanchipuram,Tamil Nadu,2019-04-28,Harini Ganesan,1,8830928288d96a33afd20fb8aa1d7a27f8dbb851c11d35f127de3231fb9e2a2d,Verified,1,1,1,0,0,0,0,0,0,0,0,0,0,Low Risk,Synthetic development/demo dataset
RS-PROP-0048,USR-1038,Gayathri Reddy,USR-1038,USR-1035,SUR-942/6A,2400.0,"Ponmalai, Lalgudi, Tiruchirappalli",Tiruchirappalli,Tamil Nadu,2018-10-18,Rajesh Chandran,4,a64609de7b1f79eb691d87ad35b25c9513c89cba8b1a45b4e2877750956399cc,Verified,1,1,1,0,0,0,0,0,0,0,0,0,0,Low Risk,Synthetic development/demo dataset
RS-PROP-0049,USR-1040,Meenakshi Ramesh,USR-1040,USR-1037,SUR-218/2B,9600.0,"Keelkattalai, Guindy, Chennai",Chennai,Tamil Nadu,2021-08-12,Madhavan Srinivasan,4,7bbad82760d0ab6c6aeaa06d3d1df994b0904fd7e678c9d49e65528e4b046e3d,Verified,1,1,1,0,0,0,0,0,0,0,0,0,0,Low Risk,Synthetic development/demo dataset
RS-PROP-0050,USR-1042,Revathi Ramesh,USR-1042,USR-1039,SUR-554/8B,3600.0,"Kattur, Lalgudi, Tiruchirappalli",Tiruchirappalli,Tamil Nadu,2023-06-18,Dinesh Ramesh,3,980a735c5bf4f71c56b5fe2ee2eb818157be5205eaa00ff8abb01d8ad426cea9,Verified,1,0,1,0,0,0,0,0,1,0,0,1,25,Review Required,Synthetic development/demo dataset
RS-PROP-0051,USR-1044,Priya Ramesh,USR-1044,USR-1041,SUR-905/4A,9600.0,"Oragadam, Kanchipuram, Kanchipuram",Kanchipuram,Tamil Nadu,2022-04-27,Sundar Rao,1,498c38c346598f979cbebec6bb14c1b559e6c30300d515db6c0c81e79f2922c8,Verified,1,1,0,0,0,0,0,0,0,1,0,0,15,Low Risk,Synthetic development/demo dataset
RS-PROP-0052,USR-1046,Meenakshi Kumar,USR-1046,USR-1043,SUR-431/1B,3000.0,"Sunguvarchatram, Kanchipuram, Kanchipuram",Kanchipuram,Tamil Nadu,2019-12-14,Ramesh Sundaram,4,f7ff93affcd90700e2b3003a232819b4bb3ccc56198325654885cfc92a9c0942,Verified,1,1,1,0,0,0,0,0,0,0,0,0,0,Low Risk,Synthetic development/demo dataset
RS-PROP-0053,USR-1048,Sundar Ramesh,USR-1048,USR-1045,SUR-758/1A,5400.0,"Ponmalai, Lalgudi, Tiruchirappalli",Tiruchirappalli,Tamil Nadu,2021-11-04,Uma Swaminathan,1,8274f5c777fc354f049778682c16b1ef8fe8cf92ffa3b5c99bda1aa7aeb2975a,Verified,1,1,0,0,0,1,0,0,0,1,0,1,30,Review Required,Synthetic development/demo dataset
RS-PROP-0054,USR-1050,Poornima Natarajan,USR-1050,USR-1047,SUR-540/8B,4800.0,"Kattur, Tiruchirappalli West, Tiruchirappalli",Tiruchirappalli,Tamil Nadu,2024-08-13,Madhavan Natarajan,4,62e5587270846d552019c771ce5d2962094a96ccfbd86a2edb67fc127bd5d23b,Verified,1,1,1,0,0,1,0,0,0,0,0,0,15,Low Risk,Synthetic development/demo dataset
RS-PROP-0055,USR-1052,Nandhini Subramanian,USR-1052,USR-1049,SUR-786/21,3600.0,"Othakadai, Madurai North, Madurai",Madurai,Tamil Nadu,2024-07-28,Suresh Pillai,3,227898ff107e048fabd5710f750340f2ad9579d96484f1a1348471cb18c45276,Verified,1,1,1,0,0,0,0,0,0,0,0,0,0,Low Risk,Synthetic development/demo dataset
RS-PROP-0056,USR-1054,Vignesh Chandran,USR-1054,USR-1051,SUR-476/2C,2400.0,"Adambakkam, Guindy, Chennai",Chennai,Tamil Nadu,2024-09-25,Priya Murugan,4,7680267e3eb99ec0e4db397d899fd6cbfe3fb779318903ddfde103a7d696e20d,Verified,1,1,1,0,0,1,0,0,0,0,0,0,15,Low Risk,Synthetic development/demo dataset
RS-PROP-0057,USR-1056,Venkatesh Balasubramanian,USR-1056,USR-1053,SUR-564/6B,3600.0,"Siruseri, Maduranthakam, Chengalpattu",Chengalpattu,Tamil Nadu,2023-06-25,Venkatesh Ramesh,2,5e7615bb4666a5eff8ba12ff17ac481ccdf132e08bfb7e4062d56f307b989f1f,Verified,1,1,1,0,0,0,0,0,0,0,0,0,0,Low Risk,Synthetic development/demo dataset
RS-PROP-0058,USR-1058,Siddharth Vaidyanathan,USR-1058,USR-1055,SUR-379/42,1500.0,"Kovaipudur, Sulur, Coimbatore",Coimbatore,Tamil Nadu,2021-02-10,Uma Balasubramanian,5,3477c834ae32108d5776336f7c574c2f2928cadfa79a26b3cb24dd7b2d1f6261,Hash Mismatch,0,0,1,1,1,0,0,1,1,0,1,1,100,High Risk,Synthetic development/demo dataset
RS-PROP-0059,USR-1001,Suresh Kumar,USR-1001,USR-1057,SUR-885/3C,3000.0,"Kelambakkam, Thiruporur, Chengalpattu",Chengalpattu,Tamil Nadu,2018-01-16,Poornima Krishnan,4,69f442d66790b2e0f4fd22f577bf343c4636765694857f805991d3a741165ed2,Verified,1,1,1,0,0,0,0,0,0,0,0,0,0,Low Risk,Synthetic development/demo dataset
RS-PROP-0060,USR-1003,Dinesh Sundaram,USR-1003,USR-1059,SUR-119/8A,3600.0,"Kovaipudur, Coimbatore South, Coimbatore",Coimbatore,Tamil Nadu,2021-10-13,Madhavan Pillai,4,b5e4364dc2e7f6790f460e1561c6ff927e71f089e9f4552bf5857777193bfdbb,Verified,1,1,1,0,0,0,1,0,0,0,0,0,10,Low Risk,Synthetic development/demo dataset
RS-PROP-0061,USR-1005,Poornima Natarajan,USR-1005,USR-1002,SUR-510/9A,4800.0,"Maraimalai Nagar, Maduranthakam, Chengalpattu",Chengalpattu,Tamil Nadu,2023-06-08,Bhavani Krishnan,1,d6a750228b02982e54b5a2c5ada9944c4c265022cceef1b1daad6eaf94a319ca,Verified,1,1,1,0,0,0,0,0,0,0,0,0,0,Low Risk,Synthetic development/demo dataset
RS-PROP-0062,USR-1008,Saravanan Chandran,USR-1008,USR-1004,SUR-302/32,1800.0,"Pallavaram, Alandur, Chennai",Chennai,Tamil Nadu,2018-03-25,Uma Swaminathan,4,e9e2d556815cca511fbb8ee6d544fd1adffbb7d2c94c25675ae381efb53ea428,Verified,1,1,1,0,0,0,0,0,0,0,0,0,0,Low Risk,Synthetic development/demo dataset
RS-PROP-0063,USR-1010,Siddharth Sundaram,USR-1010,USR-1006,SUR-915/52,1200.0,"Gandhipuram, Sulur, Coimbatore",Coimbatore,Tamil Nadu,2022-02-10,Gayathri Swaminathan,1,5c363eebcd8b5afee96bc11c93ff54364e622154c2cc1dc158a9a9a55077679f,Verified,1,1,1,0,0,0,0,0,0,0,0,0,0,Low Risk,Synthetic development/demo dataset
RS-PROP-0064,USR-1012,Venkatesh Balasubramanian,USR-1012,USR-1007,SUR-667/11,2400.0,"Singanallur, Sulur, Coimbatore",Coimbatore,Tamil Nadu,2022-08-17,Saravanan Ramesh,1,e3ee3302779f314539c5690a566cca556975b6615f6e6778de5962057680379f,Verified,1,1,1,0,0,0,0,0,0,0,0,0,0,Low Risk,Synthetic development/demo dataset
RS-PROP-0065,USR-1014,Balaji Ramesh,USR-1014,USR-1009,SUR-636/92,1800.0,"Siruseri, Maduranthakam, Chengalpattu",Chengalpattu,Tamil Nadu,2020-05-13,Madhavan Rao,1,c6d0e41df7fa357f21b164682c6ae933c0453c18634308b8fdaf072d8ea59d18,Verified,1,1,1,0,0,0,0,0,0,0,0,0,0,Low Risk,Synthetic development/demo dataset
RS-PROP-0066,USR-1016,Aravind Pillai,USR-1016,USR-1011,SUR-183/3C,3000.0,"Mangadu, Kanchipuram, Kanchipuram",Kanchipuram,Tamil Nadu,2023-11-13,Meenakshi Sundaram,4,6c106624fb50c8946367ebd6eba18c74fe5f24225c1fe546e2f3dacb855571b6,Verified,1,1,1,0,0,0,0,0,0,0,0,0,0,Low Risk,Synthetic development/demo dataset
RS-PROP-0067,USR-1018,Venkatesh Vaidyanathan,USR-1018,USR-1013,SUR-471/5B,2400.0,"Koodal Nagar, Thirumangalam, Madurai",Madurai,Tamil Nadu,2024-08-07,Sundar Subramanian,1,b936c71ce559f96956c7dab058a879fee801948ac5380236e70f894bec58a629,Verified,1,0,1,0,0,0,0,0,1,0,0,1,25,Review Required,Synthetic development/demo dataset
RS-PROP-0068,USR-1020,Meenakshi Gopal,USR-1020,USR-1015,SUR-951/31,1200.0,"Kelambakkam, Chengalpattu, Chengalpattu",Chengalpattu,Tamil Nadu,2020-11-24,Swetha Swaminathan,3,ee28bd1b3d630a5ed1550648af4cfa2dd4e1d899b11e74633d73f96d35fe0b60,Verified,1,1,1,0,0,0,0,0,0,0,0,0,0,Low Risk,Synthetic development/demo dataset
RS-PROP-0069,USR-1022,Kavitha Thyagarajan,USR-1022,USR-1017,SUR-551/8C,4800.0,"Maraimalai Nagar, Thiruporur, Chengalpattu",Chengalpattu,Tamil Nadu,2022-07-06,Vijay Subramanian,1,e8f5bb16d8a19e778d272df1752fb5ae733b494e799352ee94bd0d2eed9a0091,Verified,1,1,1,0,0,0,0,0,0,0,0,0,0,Low Risk,Synthetic development/demo dataset
RS-PROP-0070,USR-1024,Ramesh Pillai,USR-1024,USR-1019,SUR-560/9B,4800.0,"Pallavaram, Alandur, Chennai",Chennai,Tamil Nadu,2019-08-12,Priya Vaidyanathan,4,83162c5d3df4f08d878ff0ceb997564913e018c8f61b24d83f23d2d1264bcbe5,Verified,1,1,1,0,0,0,0,0,0,0,0,0,0,Low Risk,Synthetic development/demo dataset
RS-PROP-0071,USR-1026,Nandhini Chandran,USR-1026,USR-1021,SUR-959/6B,1800.0,"Madipakkam, Guindy, Chennai",Chennai,Tamil Nadu,2020-08-23,Meenakshi Thyagarajan,1,34db05d2004360b92989c1e4cfbdeef58f93464b25c39b3254fbe39f2880ff04,Verified,1,1,1,0,0,0,0,0,0,0,0,0,0,Low Risk,Synthetic development/demo dataset
RS-PROP-0072,USR-1028,Saravanan Ganesan,USR-1028,USR-1023,SUR-894/5B,3000.0,"Kallakudi, Thiruverumbur, Tiruchirappalli",Tiruchirappalli,Tamil Nadu,2018-04-14,Gayathri Sundaram,4,5563261f449005fcf464a3d95ed21bdf7085f41961516224efacd8eb035dc6b8,Verified,1,1,1,0,0,0,1,0,0,0,0,0,10,Low Risk,Synthetic development/demo dataset
RS-PROP-0073,USR-1030,Swetha Subramanian,USR-1030,USR-1025,SUR-729/6B,4800.0,"Irungattukottai, Kundrathur, Kanchipuram",Kanchipuram,Tamil Nadu,2023-11-03,Nandhini Sundaram,1,4fb760b2c5e84af0d250b99dea7df65450ccefabb15fe7347302e0aa75b9c4ce,Verified,1,1,1,0,0,0,0,0,0,0,0,0,0,Low Risk,Synthetic development/demo dataset
RS-PROP-0074,USR-1032,Nandhini Murugan,USR-1032,USR-1027,SUR-907/2C,2400.0,"Srirangam Central, Tiruchirappalli West, Tiruchirappalli",Tiruchirappalli,Tamil Nadu,2023-11-04,Bhavani Subramanian,3,2d54cb3986da9e8e9816fdbbcc8b364ab8dbca65555fce2fb2a5926741c642dd,Verified,1,1,1,0,0,0,0,0,0,0,0,0,0,Low Risk,Synthetic development/demo dataset
RS-PROP-0075,USR-1034,Vignesh Krishnan,USR-1034,USR-1029,SUR-137/5B,1200.0,"Siruseri, Vandalur, Chengalpattu",Chengalpattu,Tamil Nadu,2018-06-10,Harini Ganesan,5,170fbba6977e507f610e94d8b2d982b1b9326428418139098b117a809f0ddd84,Verified,1,1,1,0,1,0,0,0,0,0,0,1,20,Review Required,Synthetic development/demo dataset
RS-PROP-0076,USR-1036,Nandhini Vaidyanathan,USR-1036,USR-1031,SUR-447/31,5400.0,"Kovaipudur, Sulur, Coimbatore",Coimbatore,Tamil Nadu,2024-09-09,Venkatesh Vaidyanathan,4,1f2ae253c2ae54b44fd5271f169f227e663878edee09b308fedd48c388c4844b,Verified,1,1,1,0,0,0,0,0,0,0,0,0,0,Low Risk,Synthetic development/demo dataset
RS-PROP-0077,USR-1038,Ananya Sundaram,USR-1038,USR-1033,SUR-556/7B,5400.0,"Mangadu, Walajabad, Kanchipuram",Kanchipuram,Tamil Nadu,2021-01-24,Dinesh Vaidyanathan,1,2f362f6e67b75a7eae87a036457e9e75d58855e92e5d6bf6d2c58657c8191956,Verified,0,0,1,0,0,0,0,1,1,0,0,1,50,Review Required,Synthetic development/demo dataset
RS-PROP-0078,USR-1040,Siddharth Ramesh,USR-1040,USR-1035,SUR-897/6C,4800.0,"Kelambakkam, Vandalur, Chengalpattu",Chengalpattu,Tamil Nadu,2018-10-05,Siddharth Reddy,4,02e412a329b8b092b1a3ffeea3f1ef11eb19327570151611df4c940ad2a08056,Verified,1,1,1,0,0,0,0,0,0,0,0,0,0,Low Risk,Synthetic development/demo dataset
RS-PROP-0079,USR-1042,Rajesh Murugan,USR-1042,USR-1037,SUR-853/31,9600.0,"Guduvancheri, Vandalur, Chengalpattu",Chengalpattu,Tamil Nadu,2022-02-09,Ganesh Swaminathan,3,ba01db918b1c14e2e34c3a57f413cac83327158798e1f1c097b09f07e95a70f1,Verified,1,1,1,0,0,0,0,0,0,0,0,0,0,Low Risk,Synthetic development/demo dataset
RS-PROP-0080,USR-1044,Deepa Swaminathan,USR-1044,USR-1039,SUR-929/6C,1500.0,"Guduvancheri, Maduranthakam, Chengalpattu",Chengalpattu,Tamil Nadu,2022-05-10,Lakshmi Krishnan,4,4f6f0a8c37166d4c49e118125e2ad363b27aaaa40a43f81c05b7dcefa77c46fc,Verified,1,1,1,0,1,0,0,0,0,0,0,1,20,Review Required,Synthetic development/demo dataset
RS-PROP-0081,USR-1046,Meenakshi Sundaram,USR-1046,USR-1041,SUR-834/82,4800.0,"Keelkattalai, Guindy, Chennai",Chennai,Tamil Nadu,2024-10-03,Meenakshi Rao,4,c759f66d1ee16136d1b87956bfbce01f433aa44b1e37a22fd4c6d6f8153f52c2,Verified,1,1,1,0,0,0,0,0,0,0,0,0,0,Low Risk,Synthetic development/demo dataset
RS-PROP-0082,USR-1048,Balaji Subramanian,USR-1048,USR-1043,SUR-630/3C,1800.0,"Saravanampatti, Coimbatore South, Coimbatore",Coimbatore,Tamil Nadu,2020-12-08,Dinesh Balasubramanian,3,d317826376b373b5693c115aeed218dff276fdeb3e86baaff306c04a9b7d70f1,Verified,1,1,1,0,0,1,0,0,0,0,0,0,15,Low Risk,Synthetic development/demo dataset
RS-PROP-0083,USR-1050,Bhavani Srinivasan,USR-1050,USR-1045,SUR-146/5B,4800.0,"Madipakkam, Tambaram, Chennai",Chennai,Tamil Nadu,2023-01-16,Manoj Pillai,2,365e8f3cba161de9d3849334a8e43ccac80cb5f0025f5d34e50a5f075fd8a0c6,Verified,1,1,1,0,0,0,0,0,0,0,0,0,0,Low Risk,Synthetic development/demo dataset
RS-PROP-0084,USR-1052,Suresh Krishnan,USR-1052,USR-1047,SUR-575/4C,1800.0,"Kovaipudur, Sulur, Coimbatore",Coimbatore,Tamil Nadu,2024-12-11,Dinesh Gopal,3,5c56ad35726e19819ece3fd3c41439fabb70b8d0e1cf793e3cd359a1eb257d54,Verified,1,1,1,0,0,0,0,0,0,0,0,0,0,Low Risk,Synthetic development/demo dataset
RS-PROP-0085,USR-1054,Ramesh Murugan,USR-1054,USR-1049,SUR-199/1C,4800.0,"Peelamedu, Coimbatore North, Coimbatore",Coimbatore,Tamil Nadu,2021-04-28,Lakshmi Rao,3,4c1f618583896d4134d633677f1b2b287d63362ecdbd93a457d3886c5c3bfcb7,Verified,1,1,0,0,0,0,0,0,0,1,0,0,15,Low Risk,Synthetic development/demo dataset
RS-PROP-0086,USR-1056,Harini Balasubramanian,USR-1056,USR-1051,SUR-697/6A,1200.0,"Peelamedu, Coimbatore North, Coimbatore",Coimbatore,Tamil Nadu,2021-10-27,Vignesh Pillai,1,b9bc0eb4b52bec44725af426f1014060d1cc5df29b11888a1888fae5682c5e81,Verified,1,1,1,0,0,0,0,0,0,0,0,0,0,Low Risk,Synthetic development/demo dataset
RS-PROP-0087,USR-1058,Nandhini Gopal,USR-1058,USR-1053,SUR-882/4C,2400.0,"Guduvancheri, Vandalur, Chengalpattu",Chengalpattu,Tamil Nadu,2020-02-13,Siddharth Ganesan,1,7a8747bc5a04e0319b6ab7f3d290ca5e146967f133ecc2f0f90ed06ab96ef7d7,Verified,1,1,1,1,0,0,0,0,0,0,0,1,20,Review Required,Synthetic development/demo dataset
RS-PROP-0088,USR-1001,Bhavani Ganesan,USR-1001,USR-1055,SUR-716/91,9600.0,"Oragadam, Kanchipuram, Kanchipuram",Kanchipuram,Tamil Nadu,2018-01-05,Bhavani Thyagarajan,4,7e9ab16d1ca727c510bad7621ef28906f3dc6d1abff56b30415e4ed55f477f38,Verified,1,1,0,0,0,0,0,0,0,1,0,0,15,Low Risk,Synthetic development/demo dataset
RS-PROP-0089,USR-1003,Uma Srinivasan,USR-1003,USR-1057,SUR-477/6A,4800.0,"Irungattukottai, Kundrathur, Kanchipuram",Kanchipuram,Tamil Nadu,2020-12-28,Priya Thyagarajan,2,22df2842923a6e57a1368abfd63bfcc70fe0b4edb540684ee7b978ab45e46dfd,Verified,1,1,1,0,0,0,0,0,0,0,0,0,0,Low Risk,Synthetic development/demo dataset
RS-PROP-0090,USR-1005,Aravind Subramanian,USR-1005,USR-1059,SUR-686/2B,1200.0,"Kallakudi, Srirangam, Tiruchirappalli",Tiruchirappalli,Tamil Nadu,2020-07-05,Madhavan Iyer,4,c6a8332878427e565f63c220e83d1c3853e57f6f8bbf943dfcb2a6ae2263c5c6,Verified,1,1,1,0,0,0,0,0,0,0,0,0,0,Low Risk,Synthetic development/demo dataset
RS-PROP-0091,USR-1008,Rajesh Thyagarajan,USR-1008,USR-1002,SUR-277/82,3600.0,"Othakadai, Melur, Madurai",Madurai,Tamil Nadu,2020-11-25,Ganesh Thyagarajan,4,1c1afcb7c2f280bc4e12184543af2a3ae590d924de41c60fe0f511048c309010,Verified,1,1,1,0,0,1,0,0,0,0,0,0,15,Low Risk,Synthetic development/demo dataset
RS-PROP-0092,USR-1010,Uma Rao,USR-1010,USR-1004,SUR-914/5C,1500.0,"Singanallur, Pollachi, Coimbatore",Coimbatore,Tamil Nadu,2023-09-13,Harini Reddy,3,b664133d71db794bb5d55bf8cf96843ff4f843ae5b29e1fbd637f1416ef0e129,Verified,1,0,1,0,0,0,0,0,1,0,0,1,25,Review Required,Synthetic development/demo dataset
RS-PROP-0093,USR-1012,Revathi Ganesan,USR-1012,USR-1006,SUR-211/4B,1200.0,"Kattur, Lalgudi, Tiruchirappalli",Tiruchirappalli,Tamil Nadu,2022-04-21,Sundar Ramesh,4,41e377d131eb93635893afc1552114c0d5247795c342c7bc04bdf34d7ed53d30,Verified,1,1,0,1,0,1,1,0,0,1,0,1,60,High Risk,Synthetic development/demo dataset
RS-PROP-0094,USR-1014,Vijay Pillai,USR-1014,USR-1007,SUR-887/22,2400.0,"Irungattukottai, Walajabad, Kanchipuram",Kanchipuram,Tamil Nadu,2023-12-28,Karthik Krishnan,2,6d8c8325abb165abd18951022bdfc1f977ad01ebdb40dc042b003852bfd5eeaf,Verified,1,1,1,0,0,0,0,0,0,0,0,0,0,Low Risk,Synthetic development/demo dataset
RS-PROP-0095,USR-1016,Balaji Pillai,USR-1016,USR-1009,SUR-681/2C,3000.0,"Pallavaram, Tambaram, Chennai",Chennai,Tamil Nadu,2023-09-17,Uma Subramanian,4,574621a9128f5721e5168995fdbcc2452bf6896c2ea899042aa0dcbde6c978fe,Verified,1,0,1,0,0,0,0,0,1,0,0,1,25,Review Required,Synthetic development/demo dataset
RS-PROP-0096,USR-1018,Manoj Srinivasan,USR-1018,USR-1011,SUR-725/71,9600.0,"Kattur, Srirangam, Tiruchirappalli",Tiruchirappalli,Tamil Nadu,2018-07-22,Ananya Krishnan,3,4b9ffe31df31f9f9a7beec7339078bdd1b4c6590c3704095aaf654c31e1f0956,Verified,1,1,1,0,1,0,0,0,0,0,0,1,20,Review Required,Synthetic development/demo dataset
RS-PROP-0097,USR-1020,Arun Murugan,USR-1020,USR-1013,SUR-163/21,3000.0,"Kattur, Lalgudi, Tiruchirappalli",Tiruchirappalli,Tamil Nadu,2021-11-17,Kavitha Natarajan,3,a147cc4faa29cd1d2b389f6436d2ad66e912b3c93f00d3ffcaaf58a91a87a16a,Verified,1,1,1,0,0,0,0,0,0,0,0,0,0,Low Risk,Synthetic development/demo dataset
RS-PROP-0098,USR-1022,Gayathri Reddy,USR-1022,USR-1015,SUR-921/4B,1500.0,"Singanallur, Sulur, Coimbatore",Coimbatore,Tamil Nadu,2021-09-23,Nandhini Sundaram,4,52e931c96f103d58abcedea0cf18febbd81276c7fa6d3a929cd6521d69177d5c,Verified,1,1,1,0,1,0,0,0,0,0,0,1,20,Review Required,Synthetic development/demo dataset
RS-PROP-0099,USR-1024,Siddharth Ramesh,USR-1024,USR-1017,SUR-525/82,1200.0,"Singanallur, Coimbatore North, Coimbatore",Coimbatore,Tamil Nadu,2021-11-26,Kavitha Kumar,3,abc35fe6b73996fd5282319ca4959c4909e7aff20e6cac21e1f8a480c71217df,Verified,1,1,1,0,0,0,0,0,0,0,0,0,0,Low Risk,Synthetic development/demo dataset
RS-PROP-0100,USR-1002,Priya Ramesh,USR-1002,USR-1004,SUR-102/3B,1800.0,"Madipakkam, Alandur, Chennai",Chennai,Tamil Nadu,2023-01-10,Madhavan Reddy,1,9025a89755b9de0523614f1963693ebf96937a7b6aecbf9d15091f9431b0b63c,Verified,1,1,1,0,0,0,0,0,0,0,0,0,0,Low Risk,Synthetic development/demo dataset
RS-PROP-0101,USR-1028,Meenakshi Reddy,USR-1028,USR-1021,SUR-502/9B,2400.0,"Adambakkam, Alandur, Chennai",Chennai,Tamil Nadu,2024-01-10,Gayathri Ganesan,4,bb47fb552bcd45b4130a3da4af78c97f18a03f38129779f10faf5624e0dfeadd,Verified,1,1,1,0,0,0,0,0,0,0,0,0,0,Low Risk,Synthetic development/demo dataset
RS-PROP-0102,USR-1030,Revathi Iyer,USR-1030,USR-1023,SUR-928/72,1200.0,"Kallakudi, Tiruchirappalli West, Tiruchirappalli",Tiruchirappalli,Tamil Nadu,2019-02-04,Karthik Swaminathan,1,3f33cf60d52d63b90202d914b25ddccd05f4464bd6a828e3e70ec37ce8144253,Verified,0,1,1,0,0,0,0,1,0,0,0,1,25,Review Required,Synthetic development/demo dataset
RS-PROP-0103,USR-1032,Manoj Chandran,USR-1032,USR-1025,SUR-342/5B,9600.0,"Srirangam Central, Lalgudi, Tiruchirappalli",Tiruchirappalli,Tamil Nadu,2021-05-09,Suresh Ganesan,2,f0790a05b585b3c2eded7d59d96c22257e9f040d71fc7c9a28d5b2eb21ad3dd1,Verified,1,1,1,0,0,0,0,0,0,0,0,0,0,Low Risk,Synthetic development/demo dataset
RS-PROP-0104,USR-1034,Dinesh Gopal,USR-1034,USR-1027,SUR-518/3C,4800.0,"Thiruparankundram, Thirumangalam, Madurai",Madurai,Tamil Nadu,2024-09-16,Swetha Chandran,2,58002e25edb84c37034d7ecc36fb3bf139a6c2b681ea608c9d8a21b9b5e238d9,Verified,1,1,1,0,0,0,0,0,0,0,0,0,0,Low Risk,Synthetic development/demo dataset
RS-PROP-0105,USR-1036,Madhavan Ganesan,USR-1036,USR-1029,SUR-348/5B,3600.0,"Thiruparankundram, Madurai South, Madurai",Madurai,Tamil Nadu,2018-08-28,Nandhini Sundaram,2,2b16accba97b2eea666cb58a268842c96d8ea0d5c116e87fd2bd90956f848c98,Verified,0,0,1,0,0,0,0,1,1,0,0,1,50,Review Required,Synthetic development/demo dataset
RS-PROP-0106,USR-1038,Divya Thyagarajan,USR-1038,USR-1031,SUR-115/4B,1500.0,"Padur, Thiruporur, Chengalpattu",Chengalpattu,Tamil Nadu,2024-08-08,Divya Gopal,3,212a0fe5690303e7f2e6d2aa3ba18ebaa77c4fc3147798d020767579fb75b342,Verified,1,1,1,0,0,0,0,0,0,0,0,0,0,Low Risk,Synthetic development/demo dataset
RS-PROP-0107,USR-1040,Dinesh Pillai,USR-1040,USR-1033,SUR-609/8A,5400.0,"Sunguvarchatram, Walajabad, Kanchipuram",Kanchipuram,Tamil Nadu,2019-06-11,Madhavan Ramesh,2,b17a72a2674028834c2f2a87ff61892dab1ac9d2f33f87df8f3bf96d5cbb8984,Verified,1,1,1,0,0,0,0,0,0,0,0,0,0,Low Risk,Synthetic development/demo dataset
RS-PROP-0108,USR-1042,Madhavan Pillai,USR-1042,USR-1035,SUR-335/72,2400.0,"Padur, Chengalpattu, Chengalpattu",Chengalpattu,Tamil Nadu,2022-11-22,Bhavani Murugan,4,7d7d4a6536a8d9e8d04b18cfbbc725b552a74ce173b04e21cc2ef31bf6666a15,Verified,1,1,1,0,0,0,0,0,0,0,0,0,0,Low Risk,Synthetic development/demo dataset
RS-PROP-0109,USR-1044,Uma Krishnan,USR-1044,USR-1037,SUR-959/2A,1200.0,"Koodal Nagar, Madurai North, Madurai",Madurai,Tamil Nadu,2019-11-08,Deepa Subramanian,2,5b2252a834546794455aac61b784d9b89b28a3888d36fb74a9d52369191e58ba,Verified,1,1,1,0,0,0,0,0,0,0,0,0,0,Low Risk,Synthetic development/demo dataset
RS-PROP-0110,USR-1046,Vignesh Thyagarajan,USR-1046,USR-1039,SUR-664/7A,1200.0,"Adambakkam, Tambaram, Chennai",Chennai,Tamil Nadu,2023-05-18,Manoj Kumar,4,8ebd34bbdd73bfb901f3b4505a2415703ce87899455cff14e9d3566f4abf7ae3,Verified,1,1,1,0,0,0,0,0,0,0,0,0,0,Low Risk,Synthetic development/demo dataset
RS-PROP-0111,USR-1048,Saravanan Chandran,USR-1048,USR-1041,SUR-373/7A,3600.0,"Padur, Thiruporur, Chengalpattu",Chengalpattu,Tamil Nadu,2021-10-08,Sundar Pillai,1,08b94fcca58209205afa57a4815acb716ad0685b0bebeb58a3dd266a609c4523,Verified,0,0,1,0,0,0,0,1,1,0,0,1,50,Review Required,Synthetic development/demo dataset
RS-PROP-0112,USR-1050,Poornima Rao,USR-1050,USR-1043,SUR-335/42,5400.0,"Koodal Nagar, Madurai North, Madurai",Madurai,Tamil Nadu,2018-02-22,Revathi Ganesan,1,e2beab567f76f3a351a406f715010cbb5b665bca6df0a81058f7b2a99ef3d86e,Verified,1,1,1,0,0,1,1,0,0,0,0,1,25,Low Risk,Synthetic development/demo dataset
RS-PROP-0113,USR-1052,Swetha Srinivasan,USR-1052,USR-1045,SUR-873/3A,9600.0,"Kovaipudur, Pollachi, Coimbatore",Coimbatore,Tamil Nadu,2020-01-04,Poornima Chandran,3,ec164be71e82095191841af1e4c5473b0a78d6b811a212209214f1cffb7e467b,Verified,1,1,1,0,0,0,0,0,0,0,0,0,0,Low Risk,Synthetic development/demo dataset
RS-PROP-0114,USR-1054,Revathi Swaminathan,USR-1054,USR-1047,SUR-666/71,1800.0,"Gandhipuram, Coimbatore North, Coimbatore",Coimbatore,Tamil Nadu,2022-11-13,Venkatesh Pillai,1,e9914334735fb7fe83cb7120c8bd658c1c7f7cb35e8628bd26e94634a2268ee6,Verified,1,1,0,0,0,0,0,0,0,1,0,0,15,Low Risk,Synthetic development/demo dataset
RS-PROP-0115,USR-1056,Venkatesh Kumar,USR-1056,USR-1049,SUR-879/5A,1800.0,"Mangadu, Kundrathur, Kanchipuram",Kanchipuram,Tamil Nadu,2019-07-15,Madhavan Natarajan,1,a2264006efbe8fdf55f437a5acfea55049bdb3042ed485c4e18b7b34a5886783,Verified,1,1,1,0,0,0,0,0,0,0,0,0,0,Low Risk,Synthetic development/demo dataset
RS-PROP-0116,USR-1058,Rajesh Gopal,USR-1058,USR-1051,SUR-497/22,2400.0,"Keelkattalai, Guindy, Chennai",Chennai,Tamil Nadu,2022-03-22,Aravind Krishnan,3,02ad578dec115068bb8343ebb97f354cbcc5df4379523b56e292e024daca1fb6,Verified,1,1,0,0,0,1,1,0,0,1,0,1,40,Review Required,Synthetic development/demo dataset
RS-PROP-0117,USR-1001,Swetha Thyagarajan,USR-1001,USR-1053,SUR-209/3C,1200.0,"Thiruparankundram, Madurai South, Madurai",Madurai,Tamil Nadu,2020-10-13,Bhavani Swaminathan,4,167707375ae6f952e93128d78ae0dba3ab8d038c575aecd143d86cc06a9ee079,Verified,1,1,1,0,0,0,0,0,0,0,0,0,0,Low Risk,Synthetic development/demo dataset
RS-PROP-0118,USR-1003,Vijay Thyagarajan,USR-1003,USR-1055,SUR-426/51,2400.0,"Thandalam, Kanchipuram, Kanchipuram",Kanchipuram,Tamil Nadu,2021-05-27,Harini Reddy,2,f79f06bd25d23aef68a4100b8c74df4e63ec87f3bcbaa25632b7568c9bc6d3ea,Verified,1,1,1,0,0,0,0,0,0,0,0,0,0,Low Risk,Synthetic development/demo dataset
RS-PROP-0119,USR-1005,Priya Swaminathan,USR-1005,USR-1057,SUR-916/5A,4800.0,"Ponmalai, Srirangam, Tiruchirappalli",Tiruchirappalli,Tamil Nadu,2021-03-21,Kavitha Chandran,2,a5f44f3cbfe2c308f11c80ac3781ca2aa74d31662221fbf9dc55fbb9d0606abb,Verified,1,1,1,0,0,0,0,0,0,0,0,0,0,Low Risk,Synthetic development/demo dataset
RS-PROP-0120,USR-1008,Vignesh Srinivasan,USR-1008,USR-1059,SUR-137/62,1500.0,"Singanallur, Sulur, Coimbatore",Coimbatore,Tamil Nadu,2024-04-22,Dinesh Krishnan,1,e8eef94bc7ed476cf2b2c84958593f498a87def35559c44922b9d8c3051723a8,Verified,1,1,1,0,0,0,0,0,0,0,0,0,0,Low Risk,Synthetic development/demo dataset
RS-PROP-0121,USR-1010,Poornima Natarajan,USR-1010,USR-1002,SUR-327/92,9600.0,"Pallavaram, Tambaram, Chennai",Chennai,Tamil Nadu,2023-10-08,Siddharth Reddy,4,d5866ea37259ae107a07fff7d6dc1a06fe6b1c144a15849f12c36ee3b9333af4,Verified,1,1,1,0,0,0,0,0,0,0,0,0,0,Low Risk,Synthetic development/demo dataset
RS-PROP-0122,USR-1012,Priya Thyagarajan,USR-1012,USR-1004,SUR-187/2B,3600.0,"Keelkattalai, Guindy, Chennai",Chennai,Tamil Nadu,2020-08-26,Divya Balasubramanian,3,bc7a4f8d23a589197ed074386a66c93d5cdbff93be2b5e13af1faebd82befee4,Verified,1,1,1,0,0,0,0,0,0,0,0,0,0,Low Risk,Synthetic development/demo dataset
RS-PROP-0123,USR-1014,Kavitha Ramesh,USR-1014,USR-1006,SUR-969/6A,1800.0,"Kallakudi, Tiruchirappalli West, Tiruchirappalli",Tiruchirappalli,Tamil Nadu,2019-09-06,Lakshmi Rao,4,2320e1b12146ce844e26b0f77cd692adcb7d256808a9a53c95023dca8e923da5,Verified,1,1,1,0,0,0,0,0,0,0,0,0,0,Low Risk,Synthetic development/demo dataset
RS-PROP-0124,USR-1016,Balaji Vaidyanathan,USR-1016,USR-1007,SUR-302/82,4800.0,"Singanallur, Coimbatore South, Coimbatore",Coimbatore,Tamil Nadu,2018-12-07,Divya Murugan,1,6e10a8201878064b436eb408ba3c883bbdbaea735840fa17343fbfbece04e0b1,Verified,1,1,1,0,0,0,0,0,0,0,0,0,0,Low Risk,Synthetic development/demo dataset
RS-PROP-0125,USR-1018,Vijay Swaminathan,USR-1018,USR-1009,SUR-983/82,3600.0,"Thoraipakkam, Guindy, Chennai",Chennai,Tamil Nadu,2021-10-13,Ramesh Reddy,4,d4583e28408c32bf8da42667525a61473ab0a4b3b5be8f3cb9f080c42ed99735,Verified,1,1,1,0,0,0,0,0,0,0,0,0,0,Low Risk,Synthetic development/demo dataset
RS-PROP-0126,USR-1020,Meenakshi Rao,USR-1020,USR-1011,SUR-219/3C,1800.0,"Pallavaram, Alandur, Chennai",Chennai,Tamil Nadu,2021-07-20,Meenakshi Srinivasan,4,095235f0a546ace821cf93728715bbb8a5c17c52fc3e6c8ab68371937959ef27,Verified,1,1,0,0,0,0,0,0,0,1,0,0,15,Low Risk,Synthetic development/demo dataset
RS-PROP-0127,USR-1022,Dinesh Kumar,USR-1022,USR-1013,SUR-934/72,9600.0,"Peelamedu, Coimbatore North, Coimbatore",Coimbatore,Tamil Nadu,2021-07-22,Uma Vaidyanathan,4,5c78575814f5d85efa24c7c177e8b9e32199a0358bc3cc2f2e64761da8f3dcd3,Verified,0,1,1,1,0,0,0,1,0,0,0,1,45,Review Required,Synthetic development/demo dataset
RS-PROP-0128,USR-1024,Gayathri Srinivasan,USR-1024,USR-1015,SUR-686/2C,9600.0,"Kallakudi, Thiruverumbur, Tiruchirappalli",Tiruchirappalli,Tamil Nadu,2022-01-25,Siddharth Ganesan,5,2bd7df398a3e41262aa189c253a5b8dc94d1e1ef5354436074c0a5a950f17f46,Hash Mismatch,1,1,1,0,1,0,0,0,0,0,1,1,50,Review Required,Synthetic development/demo dataset
RS-PROP-0129,USR-1026,Ramesh Chandran,USR-1026,USR-1017,SUR-747/7B,1800.0,"Maraimalai Nagar, Thiruporur, Chengalpattu",Chengalpattu,Tamil Nadu,2024-04-26,Suresh Srinivasan,3,4af88cef0bc200554f5b682d54274911cb771ab3e184fb26b0f7c6f12a1b37a1,Verified,1,1,1,0,0,0,0,0,0,0,0,0,0,Low Risk,Synthetic development/demo dataset
RS-PROP-0130,USR-1028,Manoj Pillai,USR-1028,USR-1019,SUR-238/7A,3000.0,"Koodal Nagar, Thirumangalam, Madurai",Madurai,Tamil Nadu,2019-12-28,Meenakshi Chandran,3,b0caed9ad049b361f60574d5fb99cce9a423f09e051411fd15baacfbbfb2d025,Verified,1,1,1,0,0,0,0,0,0,0,0,0,0,Low Risk,Synthetic development/demo dataset
RS-PROP-0131,USR-1030,Revathi Vaidyanathan,USR-1030,USR-1021,SUR-748/21,9600.0,"Saravanampatti, Sulur, Coimbatore",Coimbatore,Tamil Nadu,2020-12-12,Gayathri Thyagarajan,1,f15fd852dce10456c08206e825c9769dcf7373b809a792be74e6f2289a4eeb8f,Verified,1,1,1,0,0,0,0,0,0,0,0,0,0,Low Risk,Synthetic development/demo dataset
RS-PROP-0132,USR-1032,Dinesh Sundaram,USR-1032,USR-1023,SUR-539/41,3000.0,"Anna Nagar, Melur, Madurai",Madurai,Tamil Nadu,2024-05-11,Meenakshi Srinivasan,3,696ba0da45fc3fac0311f5474288ef57d7a2b55e66e12cc2ce3c81fcd8def7a6,Verified,1,1,1,0,0,0,0,0,0,0,0,0,0,Low Risk,Synthetic development/demo dataset
RS-PROP-0133,USR-1034,Gayathri Kumar,USR-1034,USR-1025,SUR-567/11,2400.0,"Keelkattalai, Alandur, Chennai",Chennai,Tamil Nadu,2019-11-10,Lakshmi Murugan,3,9d97e6ab0db5c8b4b3c1f7f39290905c0fe19bfa8e8708296593150bf536fb56,Verified,1,1,1,1,0,0,1,0,0,0,0,1,30,Review Required,Synthetic development/demo dataset
RS-PROP-0134,USR-1036,Poornima Sundaram,USR-1036,USR-1027,SUR-318/8A,1800.0,"Kallakudi, Tiruchirappalli West, Tiruchirappalli",Tiruchirappalli,Tamil Nadu,2019-09-22,Siddharth Kumar,3,fb1d7666ccc4c776018721a9a7f64c5b9f22cb9127f903ddf756cac473968f62,Verified,1,1,1,0,0,0,0,0,0,0,0,0,0,Low Risk,Synthetic development/demo dataset
RS-PROP-0135,USR-1038,Sundar Gopal,USR-1038,USR-1029,SUR-205/6C,3000.0,"Madipakkam, Sholinganallur, Chennai",Chennai,Tamil Nadu,2021-03-21,Saravanan Sundaram,1,d4a39fc305397a413318872ecefbaa044300c10e151acb610958aff576a9b2de,Verified,1,1,1,0,0,0,0,0,0,0,0,0,0,Low Risk,Synthetic development/demo dataset
RS-PROP-0136,USR-1040,Divya Subramanian,USR-1040,USR-1031,SUR-188/2B,1500.0,"Peelamedu, Sulur, Coimbatore",Coimbatore,Tamil Nadu,2023-07-12,Poornima Rao,2,712c0aadfa13644cb8d5560b1a18367a384f5b44a418e8c7cc730d857f935e1c,Verified,1,0,1,0,0,0,0,0,1,0,0,1,25,Review Required,Synthetic development/demo dataset
RS-PROP-0137,USR-1042,Kavitha Iyer,USR-1042,USR-1033,SUR-402/1B,5400.0,"Thiruparankundram, Madurai South, Madurai",Madurai,Tamil Nadu,2018-04-16,Deepa Balasubramanian,3,3c06690745412fd963d5cc5b5f677c643af0f52f2609bd94d7b605d3ca926530,Verified,1,1,1,0,0,0,0,0,0,0,0,0,0,Low Risk,Synthetic development/demo dataset
RS-PROP-0138,USR-1044,Madhavan Reddy,USR-1044,USR-1035,SUR-888/2A,1500.0,"Thiruparankundram, Madurai South, Madurai",Madurai,Tamil Nadu,2020-04-02,Suresh Gopal,3,2dd381c1c0acfeb18c94ca74cc2270865826398ac35d437349e179fbe5146328,Verified,1,1,1,0,0,0,0,0,0,0,0,0,0,Low Risk,Synthetic development/demo dataset
RS-PROP-0139,USR-1046,Harini Sundaram,USR-1046,USR-1037,SUR-185/5A,9600.0,"Srirangam Central, Srirangam, Tiruchirappalli",Tiruchirappalli,Tamil Nadu,2024-03-18,Rajesh Gopal,1,84201745ab8283b6311adacf9d2d253897fe0434edb77bb3da7bac10f47f52a7,Verified,0,0,1,1,0,0,0,1,1,0,0,1,70,High Risk,Synthetic development/demo dataset
RS-PROP-0140,USR-1048,Suresh Pillai,USR-1048,USR-1039,SUR-112/3A,1800.0,"Kallakudi, Srirangam, Tiruchirappalli",Tiruchirappalli,Tamil Nadu,2020-09-17,Ganesh Krishnan,2,837440971ccb18a0d8440df96c7a626d4044b8b01883de4df65aa7ddc4171c28,Verified,1,1,1,0,0,0,0,0,0,0,0,0,0,Low Risk,Synthetic development/demo dataset
RS-PROP-0141,USR-1050,Priya Rao,USR-1050,USR-1041,SUR-165/52,1500.0,"Singanallur, Pollachi, Coimbatore",Coimbatore,Tamil Nadu,2021-09-12,Suresh Thyagarajan,2,3813c86070aade8b34cc0af56adc107dce2fc9c38cedcaa056f01577c5de6501,Verified,1,1,1,0,0,0,0,0,0,0,0,0,0,Low Risk,Synthetic development/demo dataset
RS-PROP-0142,USR-1052,Ramesh Chandran,USR-1052,USR-1043,SUR-979/1B,1200.0,"Kallakudi, Tiruchirappalli West, Tiruchirappalli",Tiruchirappalli,Tamil Nadu,2020-07-05,Balaji Ramesh,6,52bbd3b915bda512f7c239ead963801d488cb53e418d30e21b9963e1486a8405,Verified,1,1,1,0,1,0,0,0,0,0,0,1,20,Review Required,Synthetic development/demo dataset
RS-PROP-0143,USR-1054,Suresh Krishnan,USR-1054,USR-1045,SUR-170/8C,3000.0,"Siruseri, Vandalur, Chengalpattu",Chengalpattu,Tamil Nadu,2018-09-15,Arun Reddy,3,9eb0e5ee6872bc88648c8299a2cc2cca20d337dd20b0ae47cb69a8847a2c9233,Verified,1,1,1,0,0,0,0,0,0,0,0,0,0,Low Risk,Synthetic development/demo dataset
RS-PROP-0144,USR-1056,Nandhini Srinivasan,USR-1056,USR-1047,SUR-878/4B,1200.0,"Singanallur, Coimbatore North, Coimbatore",Coimbatore,Tamil Nadu,2018-04-18,Dinesh Kumar,1,10ffafd5c1c61263b16dd0315d66f9f7b18c09213f6b702c9983abca8a99da6d,Verified,1,1,1,0,0,0,0,0,0,0,0,0,0,Low Risk,Synthetic development/demo dataset
RS-PROP-0145,USR-1058,Swetha Vaidyanathan,USR-1058,USR-1049,SUR-828/5A,1200.0,"Peelamedu, Coimbatore South, Coimbatore",Coimbatore,Tamil Nadu,2024-09-14,Nandhini Swaminathan,1,8079bba3193bfddb2f7a14646f67ac81c477c21c85411cae6433395726289f06,Verified,1,1,1,0,0,0,0,0,0,0,0,0,0,Low Risk,Synthetic development/demo dataset
RS-PROP-0146,USR-1001,Suresh Vaidyanathan,USR-1001,USR-1051,SUR-398/5C,4800.0,"Kattur, Srirangam, Tiruchirappalli",Tiruchirappalli,Tamil Nadu,2024-12-11,Rajesh Swaminathan,4,9530c8664d3d53e138ef1b96fedd3d4156afa5e317217d345025e22d68a7e77e,Verified,1,1,1,0,1,0,0,0,0,0,0,1,20,Review Required,Synthetic development/demo dataset
RS-PROP-0147,USR-1003,Madhavan Natarajan,USR-1003,USR-1053,SUR-562/51,3000.0,"Anna Nagar, Thirumangalam, Madurai",Madurai,Tamil Nadu,2018-03-26,Kavitha Ramesh,5,0c7f7834a9ae023b57284f8c5442b32a43fd4dadc89c242302e83d4da8ded76e,Hash Mismatch,1,1,1,0,1,0,0,0,0,0,1,1,50,Review Required,Synthetic development/demo dataset
RS-PROP-0148,USR-1005,Siddharth Ganesan,USR-1005,USR-1055,SUR-573/2B,1500.0,"Kallakudi, Srirangam, Tiruchirappalli",Tiruchirappalli,Tamil Nadu,2018-04-05,Vijay Gopal,1,f124b8d1ae2763f0646a3e4540e1367a2d3b2d1724bde26f2a21770c427624ce,Verified,1,1,1,0,0,0,0,0,0,0,0,0,0,Low Risk,Synthetic development/demo dataset
RS-PROP-0149,USR-1008,Deepa Iyer,USR-1008,USR-1057,SUR-194/6A,1200.0,"Kattur, Thiruverumbur, Tiruchirappalli",Tiruchirappalli,Tamil Nadu,2018-03-19,Poornima Gopal,1,94e3a0338cf359869e2ac9dc1166b2b0715d74ff3a2d770b8681d42b8113732d,Verified,1,1,1,0,0,0,0,0,0,0,0,0,0,Low Risk,Synthetic development/demo dataset
RS-PROP-0150,USR-1010,Balaji Murugan,USR-1010,USR-1059,SUR-135/4C,5400.0,"Oragadam, Kundrathur, Kanchipuram",Kanchipuram,Tamil Nadu,2022-08-02,Venkatesh Murugan,2,85ac2c603d0a7d2238a80e37e62532814824bf748ece984de6e17d25ba620636,Verified,1,1,1,0,0,0,0,0,0,0,0,0,0,Low Risk,Synthetic development/demo dataset
RS-PROP-0151,USR-1012,Priya Gopal,USR-1012,USR-1002,SUR-657/8C,9600.0,"Ponmalai, Lalgudi, Tiruchirappalli",Tiruchirappalli,Tamil Nadu,2021-05-06,Priya Rao,3,98a262579725e2c81502245c5b53e045e59bb69de3684dc414cd4fd12d2a58f2,Verified,1,1,1,0,0,1,0,0,0,0,0,0,15,Low Risk,Synthetic development/demo dataset
RS-PROP-0152,USR-1014,Suresh Chandran,USR-1014,USR-1004,SUR-959/3B,2400.0,"Othakadai, Melur, Madurai",Madurai,Tamil Nadu,2020-12-23,Dinesh Srinivasan,3,0c2066f23b2a8261b4e50b8c0e235e086872a212bfb539609eed67e40a5e718b,Verified,1,1,1,0,0,0,0,0,0,0,0,0,0,Low Risk,Synthetic development/demo dataset
RS-PROP-0153,USR-1016,Uma Ganesan,USR-1016,USR-1006,SUR-138/2A,2400.0,"Thandalam, Kanchipuram, Kanchipuram",Kanchipuram,Tamil Nadu,2019-01-17,Vignesh Kumar,2,f9229a2757fb864796da3a1181626d11d706b14321b301ec26601ef294956a3e,Verified,1,1,1,0,0,0,0,0,0,0,0,0,0,Low Risk,Synthetic development/demo dataset
RS-PROP-0154,USR-1018,Rajesh Ramesh,USR-1018,USR-1007,SUR-821/3A,9600.0,"Adambakkam, Alandur, Chennai",Chennai,Tamil Nadu,2018-06-23,Harini Srinivasan,3,26710efd893dcafbbff58c519175f2961c094fd6ded03fb2cf36d6f9a568ecc5,Verified,1,1,0,0,0,0,0,0,0,1,0,0,15,Low Risk,Synthetic development/demo dataset
RS-PROP-0155,USR-1020,Dinesh Chandran,USR-1020,USR-1009,SUR-414/5B,1800.0,"Ponmalai, Srirangam, Tiruchirappalli",Tiruchirappalli,Tamil Nadu,2018-12-19,Harini Srinivasan,2,1f55829a9a46c8f73c0623f501da5bf9d92facf8544f5b208a1b67df8b4f8a84,Verified,1,1,1,0,0,0,0,0,0,0,0,0,0,Low Risk,Synthetic development/demo dataset
RS-PROP-0156,USR-1022,Uma Subramanian,USR-1022,USR-1011,SUR-455/6B,1500.0,"Oragadam, Sriperumbudur, Kanchipuram",Kanchipuram,Tamil Nadu,2023-11-24,Bhavani Swaminathan,3,cae29062a515a9bb84f765e69f1b99aa9b5dadaff207a85c8a34c2a42f92451e,Verified,1,0,1,0,0,0,0,0,1,0,0,1,25,Review Required,Synthetic development/demo dataset
RS-PROP-0157,USR-1024,Madhavan Krishnan,USR-1024,USR-1013,SUR-459/91,1500.0,"Kovaipudur, Sulur, Coimbatore",Coimbatore,Tamil Nadu,2024-10-21,Sundar Krishnan,1,2db5d38a648ccd84efa06c5340c46c111cffcf9f421c358f5e813c0bf8c10cd5,Verified,1,1,1,0,0,0,0,0,0,0,0,0,0,Low Risk,Synthetic development/demo dataset
RS-PROP-0158,USR-1026,Ganesh Natarajan,USR-1026,USR-1015,SUR-484/3A,9600.0,"Velachery East, Guindy, Chennai",Chennai,Tamil Nadu,2020-10-20,Vignesh Kumar,2,9e1d7a367b53adbc3f13c6a36c8439e876d24b21d0792f2fbb00d46dcb1acdb7,Verified,1,1,1,0,0,0,0,0,0,0,0,0,0,Low Risk,Synthetic development/demo dataset
RS-PROP-0159,USR-1028,Bhavani Iyer,USR-1028,USR-1017,SUR-839/9C,3000.0,"Maraimalai Nagar, Maduranthakam, Chengalpattu",Chengalpattu,Tamil Nadu,2019-02-02,Harini Srinivasan,4,80d6e014fbed71eff29cb59e67da11d2d15b9b50db03bcf5502f72b65f57710c,Verified,1,1,1,0,0,1,1,0,0,0,0,1,25,Low Risk,Synthetic development/demo dataset
RS-PROP-0160,USR-1030,Lakshmi Pillai,USR-1030,USR-1019,SUR-415/71,5400.0,"Madipakkam, Velachery, Chennai",Chennai,Tamil Nadu,2020-02-21,Aravind Krishnan,4,f3235d81e19fa9aca0b390477407969dfebe08d49ebcdd6bcef262863fd84f46,Verified,1,1,1,0,0,0,0,0,0,0,0,0,0,Low Risk,Synthetic development/demo dataset
RS-PROP-0161,USR-1032,Gayathri Murugan,USR-1032,USR-1021,SUR-163/3A,1500.0,"Maraimalai Nagar, Thiruporur, Chengalpattu",Chengalpattu,Tamil Nadu,2020-09-14,Sundar Ganesan,4,f13a729916ad3addbf99f5146dbb9cedee6e93f9ce1bafbaffb6501086722ef3,Verified,1,1,1,0,0,0,0,0,0,0,0,0,0,Low Risk,Synthetic development/demo dataset
RS-PROP-0162,USR-1034,Vignesh Srinivasan,USR-1034,USR-1023,SUR-180/7A,9600.0,"Padur, Maduranthakam, Chengalpattu",Chengalpattu,Tamil Nadu,2022-10-22,Saravanan Natarajan,2,f4e2e43e0c2fcf2e4a3b31fd169e875f5f18886d6a0eb4243727a29b0d2c5f48,Verified,1,1,1,0,0,0,0,0,0,0,0,0,0,Low Risk,Synthetic development/demo dataset
RS-PROP-0163,USR-1036,Meenakshi Ramesh,USR-1036,USR-1025,SUR-306/32,3000.0,"Kovaipudur, Coimbatore South, Coimbatore",Coimbatore,Tamil Nadu,2023-02-03,Aravind Ganesan,3,d112aff6a0c1ec51ab0fc8126fa3759038e34422fd577115cabc31bc183f2c6b,Verified,1,1,1,0,0,0,0,0,0,0,0,0,0,Low Risk,Synthetic development/demo dataset
RS-PROP-0164,USR-1038,Arun Srinivasan,USR-1038,USR-1027,SUR-524/3B,1500.0,"Koodal Nagar, Melur, Madurai",Madurai,Tamil Nadu,2022-02-26,Manoj Ganesan,4,814a8f0f1758010596a3fe868671333f4e8396620ab6166857729dddf733a115,Verified,1,1,0,0,0,0,1,0,0,1,0,1,25,Low Risk,Synthetic development/demo dataset
RS-PROP-0165,USR-1040,Harini Ramesh,USR-1040,USR-1029,SUR-150/8C,3600.0,"Peelamedu, Pollachi, Coimbatore",Coimbatore,Tamil Nadu,2020-05-10,Revathi Thyagarajan,2,6fdddfdb431ce4325617764dc0f585bc43c00eda2bdd6837fe538be661eff9ac,Verified,1,1,0,0,0,0,1,0,0,1,0,1,25,Low Risk,Synthetic development/demo dataset
RS-PROP-0166,USR-1042,Siddharth Iyer,USR-1042,USR-1031,SUR-988/6A,9600.0,"Singanallur, Sulur, Coimbatore",Coimbatore,Tamil Nadu,2018-05-23,Harini Subramanian,3,94ef98e309a6432ebc64cda152f047ba5d5b15a5cac96e58c8c1e44ad4201219,Verified,1,1,1,0,1,0,0,0,0,0,0,1,20,Review Required,Synthetic development/demo dataset
RS-PROP-0167,USR-1044,Gayathri Balasubramanian,USR-1044,USR-1033,SUR-347/61,5400.0,"Saravanampatti, Coimbatore South, Coimbatore",Coimbatore,Tamil Nadu,2024-08-19,Dinesh Reddy,3,ca52b5141e9502aeb54bc9d6a8383816f43e37137a8a5316267abb35a2544d3d,Verified,1,1,1,0,0,0,0,0,0,0,0,0,0,Low Risk,Synthetic development/demo dataset
RS-PROP-0168,USR-1046,Suresh Krishnan,USR-1046,USR-1035,SUR-762/4B,3000.0,"Anna Nagar, Madurai South, Madurai",Madurai,Tamil Nadu,2021-09-01,Arun Thyagarajan,2,ff5aab86dba7a12efaa8356096a127b2959e22a7a3317d05e8a889cbe685633d,Verified,1,1,1,0,0,0,0,0,0,0,0,0,0,Low Risk,Synthetic development/demo dataset
RS-PROP-0169,USR-1048,Kavitha Murugan,USR-1048,USR-1037,SUR-570/5B,5400.0,"Gandhipuram, Sulur, Coimbatore",Coimbatore,Tamil Nadu,2023-09-27,Harini Srinivasan,1,756b354954311c28c02936d7f210918429a601f371cb5ba29db2d1ba8b1b1c50,Verified,1,1,1,0,0,0,0,0,0,0,0,0,0,Low Risk,Synthetic development/demo dataset
RS-PROP-0170,USR-1050,Manoj Pillai,USR-1050,USR-1039,SUR-165/6C,3600.0,"Ponmalai, Tiruchirappalli West, Tiruchirappalli",Tiruchirappalli,Tamil Nadu,2020-11-23,Kavitha Iyer,2,da7608974ea9d8f465a96b3f0e14f96ea426a8feb7e30256e2b5542fd8f385dc,Verified,1,1,1,0,0,0,0,0,0,0,0,0,0,Low Risk,Synthetic development/demo dataset
RS-PROP-0171,USR-1052,Meenakshi Kumar,USR-1052,USR-1041,SUR-365/71,4800.0,"Srirangam Central, Thiruverumbur, Tiruchirappalli",Tiruchirappalli,Tamil Nadu,2018-10-23,Vijay Rao,4,a29effadef0811d9b0d67dc4d2757a4ab3471a4d5a433ab2218021a214952d5a,Verified,1,1,1,0,0,0,0,0,0,0,0,0,0,Low Risk,Synthetic development/demo dataset
RS-PROP-0172,USR-1054,Lakshmi Ganesan,USR-1054,USR-1043,SUR-582/3C,9600.0,"Guduvancheri, Thiruporur, Chengalpattu",Chengalpattu,Tamil Nadu,2023-06-21,Venkatesh Chandran,2,1c6e6a0b5697c918c5f323f898b48bf114e36de87459793a2a7197e8238dbba1,Verified,1,1,1,0,0,0,0,0,0,0,0,0,0,Low Risk,Synthetic development/demo dataset
RS-PROP-0173,USR-1056,Bhavani Reddy,USR-1056,USR-1045,SUR-971/21,1200.0,"Thandalam, Walajabad, Kanchipuram",Kanchipuram,Tamil Nadu,2022-10-20,Deepa Thyagarajan,1,1545b47f81062cd9d3fc4ca8a486b45dc194d34da1d99b7900cd527f4ef82fe3,Verified,1,1,1,0,0,0,0,0,0,0,0,0,0,Low Risk,Synthetic development/demo dataset
RS-PROP-0174,USR-1058,Suresh Subramanian,USR-1058,USR-1047,SUR-519/8B,3600.0,"Padur, Chengalpattu, Chengalpattu",Chengalpattu,Tamil Nadu,2019-02-16,Bhavani Krishnan,3,c388f3c39643bfaace9795770824358f71ffc2c3aba3416f86a964b7a68cb65d,Verified,1,1,1,0,0,1,0,0,0,0,0,0,15,Low Risk,Synthetic development/demo dataset
RS-PROP-0175,USR-1001,Harini Vaidyanathan,USR-1001,USR-1049,SUR-138/9B,3600.0,"Saravanampatti, Sulur, Coimbatore",Coimbatore,Tamil Nadu,2020-09-07,Priya Kumar,2,311e5addb09667694df63b66540368d948db25070a166b383ababe4315276cde,Verified,1,1,1,0,0,0,0,0,0,0,0,0,0,Low Risk,Synthetic development/demo dataset
RS-PROP-0176,USR-1003,Aravind Balasubramanian,USR-1003,USR-1051,SUR-166/1C,3000.0,"Anna Nagar, Thirumangalam, Madurai",Madurai,Tamil Nadu,2023-09-20,Bhavani Vaidyanathan,3,ea730fbc5814a7adf705e6bd93d05672f910115ee4829d82eae65bfe577e6e28,Verified,1,1,1,0,0,0,0,0,0,0,0,0,0,Low Risk,Synthetic development/demo dataset
RS-PROP-0177,USR-1005,Lakshmi Gopal,USR-1005,USR-1053,SUR-844/3B,1200.0,"Velachery East, Alandur, Chennai",Chennai,Tamil Nadu,2022-03-04,Nandhini Ramesh,3,40242861ccdfbab119826720015d0ebcd30e6d91a07c7a8c5f1bea5d82bc7abf,Verified,1,1,1,0,0,0,0,0,0,0,0,0,0,Low Risk,Synthetic development/demo dataset
RS-PROP-0178,USR-1008,Ananya Kumar,USR-1008,USR-1055,SUR-526/81,1500.0,"Madipakkam, Sholinganallur, Chennai",Chennai,Tamil Nadu,2020-08-23,Saravanan Iyer,3,3436f910c3bf25e4ad4f73d77042002ef1a28913ded91c391720c082a762c900,Verified,1,1,1,0,0,0,0,0,0,0,0,0,0,Low Risk,Synthetic development/demo dataset
RS-PROP-0179,USR-1010,Meenakshi Vaidyanathan,USR-1010,USR-1057,SUR-732/2C,1500.0,"Thoraipakkam, Mylapore, Chennai",Chennai,Tamil Nadu,2021-04-20,Vijay Murugan,2,7c027af5ead654827f830c15af66f38ad65a0d4fad9287e9671afe29b7e258ae,Verified,1,1,1,0,0,0,0,0,0,0,0,0,0,Low Risk,Synthetic development/demo dataset
RS-PROP-0180,USR-1012,Uma Iyer,USR-1012,USR-1059,SUR-340/1A,1500.0,"Srirangam Central, Thiruverumbur, Tiruchirappalli",Tiruchirappalli,Tamil Nadu,2024-10-22,Uma Subramanian,1,1af0b390b2bd11d717c6e06876ea305bc7bbf898d508184aab83eb33b38c45bd,Verified,1,1,1,0,0,0,0,0,0,0,0,0,0,Low Risk,Synthetic development/demo dataset
RS-PROP-0181,USR-1014,Gayathri Pillai,USR-1014,USR-1002,SUR-202/3A,3000.0,"Irungattukottai, Kundrathur, Kanchipuram",Kanchipuram,Tamil Nadu,2024-11-11,Poornima Natarajan,1,bfe5b5d010ce610dcc0987289b32664c741f7f123c9eeed226cf2c4d0ed0a9da,Verified,1,1,0,0,0,0,0,0,0,1,0,0,15,Low Risk,Synthetic development/demo dataset
RS-PROP-0182,USR-1016,Venkatesh Reddy,USR-1016,USR-1004,SUR-510/71,3000.0,"Irungattukottai, Kanchipuram, Kanchipuram",Kanchipuram,Tamil Nadu,2023-08-26,Madhavan Krishnan,2,bb29057e866f79029cbf3701d0924cdca0ef328deda057456fdeb7da3a255b79,Verified,1,1,1,0,0,0,0,0,0,0,0,0,0,Low Risk,Synthetic development/demo dataset
RS-PROP-0183,USR-1018,Vignesh Srinivasan,USR-1018,USR-1006,SUR-725/7C,1200.0,"Kattur, Thiruverumbur, Tiruchirappalli",Tiruchirappalli,Tamil Nadu,2024-12-05,Vignesh Thyagarajan,4,88df940d3f676b9707b64093d385142c795fb5a0b0d71f9fec2096d7b3327016,Verified,1,1,1,0,0,0,0,0,0,0,0,0,0,Low Risk,Synthetic development/demo dataset
RS-PROP-0184,USR-1020,Arun Balasubramanian,USR-1020,USR-1007,SUR-631/92,1500.0,"Srirangam Central, Srirangam, Tiruchirappalli",Tiruchirappalli,Tamil Nadu,2023-12-08,Vignesh Reddy,2,b33b14ee45c3bdefc197f1c8e0e921b92fd9a88a788c5a1ffb8f509551c739ad,Verified,1,1,1,0,0,0,0,0,0,0,0,0,0,Low Risk,Synthetic development/demo dataset
RS-PROP-0185,USR-1022,Lakshmi Balasubramanian,USR-1022,USR-1009,SUR-176/8C,2400.0,"Peelamedu, Sulur, Coimbatore",Coimbatore,Tamil Nadu,2020-01-17,Sundar Ganesan,4,30bdb99436797eb9dbbce899bdad7a195955d4bc19710d1d13e6e8a92ec96547,Verified,1,1,1,0,0,0,0,0,0,0,0,0,0,Low Risk,Synthetic development/demo dataset
RS-PROP-0186,USR-1024,Siddharth Sundaram,USR-1024,USR-1011,SUR-221/8A,1500.0,"Gandhipuram, Sulur, Coimbatore",Coimbatore,Tamil Nadu,2021-01-18,Arun Sundaram,3,17cee4be79e20ca3997fc4c9bbb035a9a85b284ca2601c6dc53352521a0fb878,Verified,1,1,1,0,0,0,0,0,0,0,0,0,0,Low Risk,Synthetic development/demo dataset
RS-PROP-0187,USR-1026,Bhavani Reddy,USR-1026,USR-1013,SUR-439/92,5400.0,"Keelkattalai, Alandur, Chennai",Chennai,Tamil Nadu,2023-06-23,Siddharth Natarajan,2,8cad61ad43a06bef0a68a529de2458c9500292b1b469b663380e06bc899d02f7,Verified,1,1,1,0,0,0,1,0,0,0,0,0,10,Low Risk,Synthetic development/demo dataset
RS-PROP-0188,USR-1028,Ananya Ramesh,USR-1028,USR-1015,SUR-941/7A,3000.0,"Kelambakkam, Maduranthakam, Chengalpattu",Chengalpattu,Tamil Nadu,2019-04-04,Harini Iyer,2,0e0855dc0567a5b5f22408b4653064592e99b9037058d57202042ec0a030e382,Verified,1,1,1,0,0,0,0,0,0,0,0,0,0,Low Risk,Synthetic development/demo dataset
RS-PROP-0189,USR-1030,Ramesh Swaminathan,USR-1030,USR-1017,SUR-104/9A,9600.0,"Kovaipudur, Coimbatore North, Coimbatore",Coimbatore,Tamil Nadu,2024-10-16,Balaji Srinivasan,2,fe6bdaa4a43ef6e61463c165a2c4ac574c149008749f0be8d5f5047aaf1b0607,Verified,1,1,1,0,0,0,1,0,0,0,0,0,10,Low Risk,Synthetic development/demo dataset
RS-PROP-0190,USR-1032,Harini Rao,USR-1032,USR-1019,SUR-241/72,9600.0,"Oragadam, Kundrathur, Kanchipuram",Kanchipuram,Tamil Nadu,2024-12-18,Rajesh Ganesan,5,b79a33dbd056d04d5e8e26694ce96780d622ca0ddc8c8885888cd1aae1553c54,Verified,1,1,1,0,0,1,0,0,0,0,0,0,15,Low Risk,Synthetic development/demo dataset
RS-PROP-0191,USR-1034,Madhavan Ganesan,USR-1034,USR-1021,SUR-635/2A,4800.0,"Irungattukottai, Kundrathur, Kanchipuram",Kanchipuram,Tamil Nadu,2018-11-02,Vijay Murugan,3,dc896afa9c97593c688f18f1c7849aa414d32336c5a5b0f60778a66c88028eb4,Verified,1,1,1,0,0,0,0,0,0,0,0,0,0,Low Risk,Synthetic development/demo dataset
RS-PROP-0192,USR-1036,Manoj Iyer,USR-1036,USR-1023,SUR-933/8A,9600.0,"Othakadai, Madurai North, Madurai",Madurai,Tamil Nadu,2023-11-18,Aravind Chandran,3,d97cc7126091ad82c1794a51caf7b447989a3124a30e53e30e9469f74b50a5fe,Verified,1,1,1,0,0,0,0,0,0,0,0,0,0,Low Risk,Synthetic development/demo dataset
RS-PROP-0193,USR-1038,Rajesh Ganesan,USR-1038,USR-1025,SUR-357/42,5400.0,"Thoraipakkam, Tambaram, Chennai",Chennai,Tamil Nadu,2023-12-23,Nandhini Srinivasan,2,d485f655ef2b59a8a526e6c8721ad14301c02f901a2a36ad7a234bf42fb5416f,Verified,1,1,1,0,0,0,0,0,0,0,0,0,0,Low Risk,Synthetic development/demo dataset
RS-PROP-0194,USR-1040,Deepa Krishnan,USR-1040,USR-1027,SUR-141/7C,9600.0,"Siruseri, Vandalur, Chengalpattu",Chengalpattu,Tamil Nadu,2019-03-19,Ganesh Kumar,4,dc31535574317fc71c972e3f66be2803809b5245af8d77b6008a8b6a2f1e4b51,Verified,1,1,1,0,0,0,0,0,0,0,0,0,0,Low Risk,Synthetic development/demo dataset
RS-PROP-0195,USR-1042,Rajesh Ramesh,USR-1042,USR-1029,SUR-908/9C,1500.0,"Ponmalai, Lalgudi, Tiruchirappalli",Tiruchirappalli,Tamil Nadu,2020-09-08,Balaji Balasubramanian,2,051c6710407ef8eff3fad99f807b6f0359f352e197073eaeadb64a1c007c2692,Verified,1,1,1,0,0,0,0,0,0,0,0,0,0,Low Risk,Synthetic development/demo dataset
RS-PROP-0196,USR-1044,Sundar Iyer,USR-1044,USR-1031,SUR-469/5B,9600.0,"Srirangam Central, Lalgudi, Tiruchirappalli",Tiruchirappalli,Tamil Nadu,2022-11-01,Ramesh Reddy,2,fa0577e6e838b214a8e9fa8ff02df860ade7a37c67f267d6da13301131635e33,Verified,1,1,1,0,0,0,0,0,0,0,0,0,0,Low Risk,Synthetic development/demo dataset
RS-PROP-0197,USR-1046,Rajesh Gopal,USR-1046,USR-1033,SUR-653/5A,9600.0,"Pallavaram, Velachery, Chennai",Chennai,Tamil Nadu,2022-09-15,Uma Ramesh,2,b4d9f44601c70a0de6adae397240d98a8ea87955e41fd518de5c34b3e1a6a43d,Verified,1,0,1,0,0,0,0,0,1,0,0,1,25,Review Required,Synthetic development/demo dataset
RS-PROP-0198,USR-1048,Deepa Iyer,USR-1048,USR-1035,SUR-955/2B,9600.0,"Ponmalai, Srirangam, Tiruchirappalli",Tiruchirappalli,Tamil Nadu,2023-07-21,Deepa Subramanian,4,c54bb60dc2ef261066dd39d6cfe8642fcd577b6ab818a88ced80f7ca7ed8e890,Verified,1,1,1,0,0,0,0,0,0,0,0,0,0,Low Risk,Synthetic development/demo dataset
RS-PROP-0199,USR-1050,Balaji Murugan,USR-1050,USR-1037,SUR-364/71,5400.0,"Anna Nagar, Madurai North, Madurai",Madurai,Tamil Nadu,2021-07-11,Priya Gopal,1,5fb4746de43a32e1c63b800e061365ff88f7464fbab08d2e53deaf255c0e88c9,Verified,1,1,1,0,0,0,0,0,0,0,0,0,0,Low Risk,Synthetic development/demo dataset
RS-PROP-0200,USR-1052,Deepa Reddy,USR-1052,USR-1039,SUR-905/52,1500.0,"Othakadai, Madurai North, Madurai",Madurai,Tamil Nadu,2024-08-13,Harini Kumar,2,19ba52112b3c1ccfbdb4e4eaf2b4089082e3b352a5520f28b96d65dcc1807417,Verified,1,1,1,0,0,0,0,0,0,0,0,0,0,Low Risk,Synthetic development/demo dataset
RS-PROP-0201,USR-1054,Manoj Subramanian,USR-1054,USR-1041,SUR-666/9B,1500.0,"Irungattukottai, Walajabad, Kanchipuram",Kanchipuram,Tamil Nadu,2018-10-20,Harini Ganesan,1,132e1cc3da656bd5020ea3285e627849b203da7cb89d244e9766a69e531023ff,Verified,1,1,1,0,0,0,1,0,0,0,0,0,10,Low Risk,Synthetic development/demo dataset
RS-PROP-0202,USR-1056,Balaji Chandran,USR-1056,USR-1043,SUR-217/32,1200.0,"Anna Nagar, Thirumangalam, Madurai",Madurai,Tamil Nadu,2021-11-18,Deepa Pillai,3,e3796741f2514c2fb4534640dbe5b2e6c458795414788137d2b4520ceeefe20e,Verified,1,1,0,0,0,0,1,0,0,1,0,1,25,Low Risk,Synthetic development/demo dataset
RS-PROP-0203,USR-1058,Manoj Sundaram,USR-1058,USR-1045,SUR-561/62,3000.0,"Siruseri, Thiruporur, Chengalpattu",Chengalpattu,Tamil Nadu,2022-03-19,Nandhini Rao,4,894fead32a7af36d355ff0bed11fbc3130952a3790bd69a4acadc3d193d7c1f3,Verified,1,1,1,0,1,0,0,0,0,0,0,1,20,Review Required,Synthetic development/demo dataset
RS-PROP-0204,USR-1001,Bhavani Thyagarajan,USR-1001,USR-1047,SUR-893/51,9600.0,"Gandhipuram, Sulur, Coimbatore",Coimbatore,Tamil Nadu,2019-11-20,Venkatesh Murugan,2,93744608e9443a50ff565c70e1a5e50185351fa6534f9aee2896a744ec8b87d6,Verified,1,0,1,0,0,0,0,0,1,0,0,1,25,Review Required,Synthetic development/demo dataset
RS-PROP-0205,USR-1003,Divya Ramesh,USR-1003,USR-1049,SUR-769/3C,4800.0,"Thiruparankundram, Thirumangalam, Madurai",Madurai,Tamil Nadu,2024-10-24,Manoj Subramanian,1,ccafaa2b62b41a7b24f50511eddec3d87eeeb22640472fa62edee88ddc980229,Verified,1,1,1,0,0,0,0,0,0,0,0,0,0,Low Risk,Synthetic development/demo dataset
RS-PROP-0206,USR-1005,Lakshmi Balasubramanian,USR-1005,USR-1051,SUR-283/31,3600.0,"Kelambakkam, Maduranthakam, Chengalpattu",Chengalpattu,Tamil Nadu,2019-08-08,Deepa Murugan,5,7e9facafbd3df19babf515354ab5534aa70766debc1561c6f07724eb7f15033a,Verified,1,1,1,0,1,0,0,0,0,0,0,1,20,Review Required,Synthetic development/demo dataset
RS-PROP-0207,USR-1008,Revathi Murugan,USR-1008,USR-1053,SUR-769/7C,1500.0,"Thiruparankundram, Madurai South, Madurai",Madurai,Tamil Nadu,2020-07-08,Harini Reddy,4,3160b197183f667401b81bd134eeb7c2d39164a791065360f833d82ff699914f,Verified,1,1,1,0,0,0,0,0,0,0,0,0,0,Low Risk,Synthetic development/demo dataset
RS-PROP-0208,USR-1010,Siddharth Krishnan,USR-1010,USR-1055,SUR-758/5B,1800.0,"Maraimalai Nagar, Vandalur, Chengalpattu",Chengalpattu,Tamil Nadu,2019-06-20,Ramesh Chandran,3,8d0db827b7e4098e4c05cfc1acc792ebacf1cf05d2c6e8facd2d76cf97e725f4,Verified,1,1,1,0,0,0,0,0,0,0,0,0,0,Low Risk,Synthetic development/demo dataset
RS-PROP-0209,USR-1012,Divya Srinivasan,USR-1012,USR-1057,SUR-349/1B,1800.0,"Guduvancheri, Maduranthakam, Chengalpattu",Chengalpattu,Tamil Nadu,2023-09-02,Saravanan Ramesh,3,6b286f57f31157c5da67da8a63feea5fc8ed4381b5dd7d464da1939d2e8ec6ba,Verified,1,1,1,0,0,0,0,0,0,0,0,0,0,Low Risk,Synthetic development/demo dataset
RS-PROP-0210,USR-1014,Priya Pillai,USR-1014,USR-1059,SUR-721/81,1800.0,"Keelkattalai, Alandur, Chennai",Chennai,Tamil Nadu,2024-07-20,Saravanan Srinivasan,3,bfc0b76bcd49d9df83d266a5a0419b93bfa84adac395a02f5187638c65a38785,Verified,1,1,1,1,0,0,1,0,0,0,0,1,30,Review Required,Synthetic development/demo dataset
RS-PROP-0211,USR-1016,Meenakshi Natarajan,USR-1016,USR-1002,SUR-980/91,1800.0,"Adambakkam, Alandur, Chennai",Chennai,Tamil Nadu,2018-03-16,Karthik Ganesan,1,483e228f91d80f6ecef8277201f3a4de1c7edb7e238cc8a38e912ebec43edc9f,Verified,1,1,0,1,0,0,0,0,0,1,0,1,35,Review Required,Synthetic development/demo dataset
RS-PROP-0212,USR-1018,Karthik Balasubramanian,USR-1018,USR-1004,SUR-908/7C,1500.0,"Kovaipudur, Coimbatore North, Coimbatore",Coimbatore,Tamil Nadu,2019-05-16,Sundar Sundaram,4,0799eb26f71e2d14aa6b2519c2901c7b35bc6948707e9ffd00e7254d08eed9bb,Verified,0,1,1,0,0,0,0,1,0,0,0,1,25,Review Required,Synthetic development/demo dataset
RS-PROP-0213,USR-1020,Divya Rao,USR-1020,USR-1006,SUR-258/72,3000.0,"Saravanampatti, Pollachi, Coimbatore",Coimbatore,Tamil Nadu,2024-09-14,Nandhini Murugan,2,4e3914f23997f3b386eefa93dc2bebeb27dec421c38a52c8857e08f07042d7f5,Verified,1,1,1,0,0,0,0,0,0,0,0,0,0,Low Risk,Synthetic development/demo dataset
RS-PROP-0214,USR-1022,Vignesh Murugan,USR-1022,USR-1007,SUR-853/3A,2400.0,"Thandalam, Walajabad, Kanchipuram",Kanchipuram,Tamil Nadu,2024-12-06,Ananya Iyer,4,64c517bd723f10fcb0c5b5c30a5136b6b45ed50088e979353271b9fdf261b420,Verified,1,1,1,0,0,0,0,0,0,0,0,0,0,Low Risk,Synthetic development/demo dataset
RS-PROP-0215,USR-1024,Arun Sundaram,USR-1024,USR-1009,SUR-545/2A,3000.0,"Maraimalai Nagar, Maduranthakam, Chengalpattu",Chengalpattu,Tamil Nadu,2020-02-20,Karthik Gopal,3,ffd0a33f46a31302617b9ec1acd45ef162f04319c85cabf25a3aad49adedac1d,Verified,1,1,1,0,0,0,0,0,0,0,0,0,0,Low Risk,Synthetic development/demo dataset
RS-PROP-0216,USR-1026,Siddharth Kumar,USR-1026,USR-1011,SUR-134/92,2400.0,"Kelambakkam, Thiruporur, Chengalpattu",Chengalpattu,Tamil Nadu,2019-11-02,Nandhini Chandran,4,a1b01ba1b4a96c0410471aa6f72bbed09981126adaabc6639c4ed1858a50fb35,Verified,1,1,1,0,0,1,0,0,0,0,0,0,15,Low Risk,Synthetic development/demo dataset
RS-PROP-0217,USR-1028,Dinesh Reddy,USR-1028,USR-1013,SUR-299/81,1200.0,"Sunguvarchatram, Kanchipuram, Kanchipuram",Kanchipuram,Tamil Nadu,2019-07-17,Ananya Ganesan,3,eaae3e2dd0db37042e1855909bed631052f624230960eb1857b47df94ed1568b,Verified,1,0,1,0,0,0,0,0,1,0,0,1,25,Review Required,Synthetic development/demo dataset
RS-PROP-0218,USR-1030,Vignesh Chandran,USR-1030,USR-1015,SUR-700/11,1500.0,"Thandalam, Kundrathur, Kanchipuram",Kanchipuram,Tamil Nadu,2018-07-21,Sundar Chandran,4,c09f911b6e0846760b73e926960da690dd677be0d7a2f849a1a839aac4f47eeb,Verified,1,1,1,0,0,0,0,0,0,0,0,0,0,Low Risk,Synthetic development/demo dataset
RS-PROP-0219,USR-1032,Ganesh Chandran,USR-1032,USR-1017,SUR-789/6A,9600.0,"Thandalam, Sriperumbudur, Kanchipuram",Kanchipuram,Tamil Nadu,2021-06-12,Divya Srinivasan,2,984b0cd6ecb72435ccc64696bc50c7409fcdff8ef67bc09747f6bdfb9bc9b0cf,Verified,1,1,1,0,0,0,0,0,0,0,0,0,0,Low Risk,Synthetic development/demo dataset
RS-PROP-0220,USR-1034,Swetha Chandran,USR-1034,USR-1019,SUR-307/42,3600.0,"Oragadam, Kanchipuram, Kanchipuram",Kanchipuram,Tamil Nadu,2024-02-04,Venkatesh Thyagarajan,1,3bfcd8f987ce86bd87acff219d7ceecd312ee4afb3a2e0f806e0e6a62ceb6884,Verified,1,1,1,0,0,0,0,0,0,0,0,0,0,Low Risk,Synthetic development/demo dataset
RS-PROP-0221,USR-1036,Nandhini Rao,USR-1036,USR-1021,SUR-287/9C,4800.0,"Kovaipudur, Pollachi, Coimbatore",Coimbatore,Tamil Nadu,2024-10-05,Suresh Balasubramanian,4,31f5af13a3bafc420b3a8a390827a11979b1c00983f569efc38775646071bdcc,Verified,1,1,1,0,0,0,0,0,0,0,0,0,0,Low Risk,Synthetic development/demo dataset
RS-PROP-0222,USR-1038,Balaji Swaminathan,USR-1038,USR-1023,SUR-571/6A,1200.0,"Adambakkam, Sholinganallur, Chennai",Chennai,Tamil Nadu,2019-07-19,Ananya Rao,3,6e8b7c1272abf9c5701f01d8500108ebf38ac9dbe6ac97071c6ed3c53584b82b,Verified,1,1,1,0,0,1,0,0,0,0,0,0,15,Low Risk,Synthetic development/demo dataset
RS-PROP-0223,USR-1040,Nandhini Reddy,USR-1040,USR-1025,SUR-284/32,2400.0,"Kovaipudur, Pollachi, Coimbatore",Coimbatore,Tamil Nadu,2023-05-26,Swetha Ganesan,4,ecb920bc64032307373cdf409f112572623d4e06a8c8474686cdad3e324986a9,Hash Mismatch,1,1,0,0,0,0,0,0,0,1,1,1,45,Review Required,Synthetic development/demo dataset
RS-PROP-0224,USR-1042,Rajesh Thyagarajan,USR-1042,USR-1027,SUR-979/11,1500.0,"Sunguvarchatram, Walajabad, Kanchipuram",Kanchipuram,Tamil Nadu,2019-01-07,Ganesh Thyagarajan,4,fb8aeb229678cb02b47cdb5c5978003a08301816468ed5de45f97667c41c1d79,Verified,1,1,1,0,0,0,0,0,0,0,0,0,0,Low Risk,Synthetic development/demo dataset
RS-PROP-0225,USR-1044,Ganesh Reddy,USR-1044,USR-1029,SUR-459/42,9600.0,"Madipakkam, Velachery, Chennai",Chennai,Tamil Nadu,2024-05-12,Rajesh Balasubramanian,4,66b38787e993c221c9ecc4073134febf8bb2c084b09e4aec619510f3eee83d1b,Verified,1,1,1,0,0,0,0,0,0,0,0,0,0,Low Risk,Synthetic development/demo dataset
RS-PROP-0226,USR-1046,Saravanan Krishnan,USR-1046,USR-1031,SUR-746/7A,1500.0,"Ponmalai, Lalgudi, Tiruchirappalli",Tiruchirappalli,Tamil Nadu,2020-04-11,Rajesh Pillai,4,6f36d0384382f061b68d8b6ae523ca893bac0897d86e3446561719d8d217437b,Verified,1,1,0,0,0,0,1,0,0,1,0,1,25,Low Risk,Synthetic development/demo dataset
RS-PROP-0227,USR-1048,Madhavan Krishnan,USR-1048,USR-1033,SUR-845/4C,1500.0,"Kelambakkam, Vandalur, Chengalpattu",Chengalpattu,Tamil Nadu,2019-07-04,Ananya Sundaram,1,93a959bc94b2aae2cf7b579b14eb07cbbf803750d64b02fb689542423626f8cd,Verified,0,0,1,0,0,0,0,1,1,0,0,1,50,Review Required,Synthetic development/demo dataset
RS-PROP-0228,USR-1050,Aravind Pillai,USR-1050,USR-1035,SUR-553/3B,9600.0,"Padur, Chengalpattu, Chengalpattu",Chengalpattu,Tamil Nadu,2018-01-22,Dinesh Rao,4,2cc582819d4b9e62219aa6e31daf9a8b24760ef77f19f0a42380ec2e4b6e9892,Verified,1,1,1,0,0,0,0,0,0,0,0,0,0,Low Risk,Synthetic development/demo dataset
RS-PROP-0229,USR-1052,Meenakshi Ganesan,USR-1052,USR-1037,SUR-545/92,3000.0,"Maraimalai Nagar, Maduranthakam, Chengalpattu",Chengalpattu,Tamil Nadu,2021-09-08,Venkatesh Swaminathan,3,c0010a72ecfd026d317c53e2ed416a5b7b89835030436a140a064c2b04e3c8e5,Verified,1,1,1,0,0,0,0,0,0,0,0,0,0,Low Risk,Synthetic development/demo dataset
RS-PROP-0230,USR-1054,Meenakshi Reddy,USR-1054,USR-1039,SUR-108/81,3000.0,"Sunguvarchatram, Kundrathur, Kanchipuram",Kanchipuram,Tamil Nadu,2024-07-26,Manoj Chandran,3,cfd86d02f8a2f5508e31e099b60f9bf2305c4f1bdf8048d5000a3373deb5a8e0,Verified,0,0,1,0,0,0,0,1,1,0,0,1,50,Review Required,Synthetic development/demo dataset
RS-PROP-0231,USR-1056,Venkatesh Vaidyanathan,USR-1056,USR-1041,SUR-391/9C,4800.0,"Srirangam Central, Srirangam, Tiruchirappalli",Tiruchirappalli,Tamil Nadu,2024-02-06,Meenakshi Pillai,4,3829be08b41d7b5652f94ef7f475df80d6c603a126357371211a83edd59631b2,Verified,1,1,1,0,0,0,0,0,0,0,0,0,0,Low Risk,Synthetic development/demo dataset
RS-PROP-0232,USR-1058,Rajesh Kumar,USR-1058,USR-1043,SUR-122/3A,3000.0,"Maraimalai Nagar, Vandalur, Chengalpattu",Chengalpattu,Tamil Nadu,2019-12-15,Arun Chandran,5,ca64820604d73c9b58413c8d68ae8f38ccde32fd747ce35fd163f666d7e79d83,Verified,1,1,1,0,1,0,0,0,0,0,0,1,20,Review Required,Synthetic development/demo dataset
RS-PROP-0233,USR-1001,Karthik Rao,USR-1001,USR-1045,SUR-372/7A,9600.0,"Madipakkam, Alandur, Chennai",Chennai,Tamil Nadu,2019-04-27,Ganesh Gopal,1,d992f374335dad295070bda575319ef49938b654fd8ed668d7ff00fee226a26c,Verified,1,1,1,0,0,0,0,0,0,0,0,0,0,Low Risk,Synthetic development/demo dataset
RS-PROP-0234,USR-1003,Siddharth Chandran,USR-1003,USR-1047,SUR-571/22,2400.0,"Kattur, Tiruchirappalli West, Tiruchirappalli",Tiruchirappalli,Tamil Nadu,2021-11-10,Rajesh Krishnan,3,7b027b9f6f6768881c23a58b1c7a5a6f0d0b3faa91ed19da286047c4ac9ecd1c,Hash Mismatch,1,1,1,0,0,1,0,0,0,0,1,1,45,Review Required,Synthetic development/demo dataset
RS-PROP-0235,USR-1005,Revathi Srinivasan,USR-1005,USR-1049,SUR-109/12,5400.0,"Velachery East, Velachery, Chennai",Chennai,Tamil Nadu,2022-03-12,Venkatesh Chandran,4,e883c034da7139a55f348c5fb4ff7f97fbc0f9380fae74da1f4a0583d1284981,Verified,1,1,1,0,0,0,1,0,0,0,0,0,10,Low Risk,Synthetic development/demo dataset
RS-PROP-0236,USR-1008,Saravanan Ganesan,USR-1008,USR-1051,SUR-338/62,3600.0,"Keelkattalai, Alandur, Chennai",Chennai,Tamil Nadu,2023-04-01,Aravind Reddy,3,151a62de4d36f6e6dd083cff983b5adabb2688b22b842a2f1d2fa113ee1bc354,Verified,1,1,1,0,0,0,0,0,0,0,0,0,0,Low Risk,Synthetic development/demo dataset
RS-PROP-0237,USR-1010,Uma Iyer,USR-1010,USR-1053,SUR-431/8C,9600.0,"Othakadai, Madurai South, Madurai",Madurai,Tamil Nadu,2018-09-05,Siddharth Pillai,3,4852c5fd898fa40630b96f971df9b669ab8d6c6488289b90eb59150b923dcd48,Verified,1,1,1,0,0,0,0,0,0,0,0,0,0,Low Risk,Synthetic development/demo dataset
RS-PROP-0238,USR-1012,Priya Reddy,USR-1012,USR-1055,SUR-838/22,4800.0,"Othakadai, Madurai South, Madurai",Madurai,Tamil Nadu,2022-11-16,Saravanan Pillai,4,b62ab073b49d16e7deec1f2e063c61c24809536b4b72847298b57c3c5aefef44,Verified,1,1,1,0,0,0,0,0,0,0,0,0,0,Low Risk,Synthetic development/demo dataset
RS-PROP-0239,USR-1014,Deepa Ramesh,USR-1014,USR-1057,SUR-306/21,2400.0,"Guduvancheri, Chengalpattu, Chengalpattu",Chengalpattu,Tamil Nadu,2018-10-21,Aravind Thyagarajan,3,04cd08ff8fb8cc2cd7e6a4eac56c0d1dd983e4367aa26661a90d6f55dff292d9,Verified,1,1,1,0,1,1,0,0,0,0,0,1,35,Review Required,Synthetic development/demo dataset
RS-PROP-0240,USR-1016,Madhavan Reddy,USR-1016,USR-1059,SUR-641/1A,3000.0,"Srirangam Central, Tiruchirappalli West, Tiruchirappalli",Tiruchirappalli,Tamil Nadu,2019-09-04,Ananya Chandran,4,7b9086c7adcf2e27fea7ac38f73df51e7f07cd0f52cd277c4bbef86b34f728e9,Verified,1,1,1,0,1,0,0,0,0,0,0,1,20,Review Required,Synthetic development/demo dataset
RS-PROP-0241,USR-1018,Poornima Natarajan,USR-1018,USR-1002,SUR-511/9C,1800.0,"Maraimalai Nagar, Chengalpattu, Chengalpattu",Chengalpattu,Tamil Nadu,2022-08-12,Rajesh Ganesan,3,b66ad4992d97e91abe9f153988344c91ca6944da7a0b927084c7a361f68ef397,Verified,1,1,1,0,0,0,0,0,0,0,0,0,0,Low Risk,Synthetic development/demo dataset
RS-PROP-0242,USR-1020,Divya Gopal,USR-1020,USR-1004,SUR-563/81,1200.0,"Othakadai, Thirumangalam, Madurai",Madurai,Tamil Nadu,2018-05-20,Priya Balasubramanian,4,8e084ff332b8efc510acb4e3242cacf826813727dd9bcc393777947feb9e80ab,Hash Mismatch,1,1,1,0,1,0,0,0,0,0,1,1,50,Review Required,Synthetic development/demo dataset
RS-PROP-0243,USR-1022,Saravanan Natarajan,USR-1022,USR-1006,SUR-259/3C,3600.0,"Pallavaram, Velachery, Chennai",Chennai,Tamil Nadu,2019-04-09,Kavitha Sundaram,4,14ff52b31bea681b81e14bf911c961b80a760c62fc2fe33cbe61dc3bf2d38ad2,Verified,1,1,1,0,0,0,0,0,0,0,0,0,0,Low Risk,Synthetic development/demo dataset
RS-PROP-0244,USR-1024,Vignesh Krishnan,USR-1024,USR-1007,SUR-757/5A,4800.0,"Singanallur, Coimbatore South, Coimbatore",Coimbatore,Tamil Nadu,2024-01-25,Bhavani Reddy,4,de04df6dc4ff35e000e93ea9a07faf7490f26a5f9c6c811b9c7056ef235ffbd1,Verified,1,1,1,0,0,0,0,0,0,0,0,0,0,Low Risk,Synthetic development/demo dataset
RS-PROP-0245,USR-1026,Arun Gopal,USR-1026,USR-1009,SUR-142/62,1800.0,"Adambakkam, Guindy, Chennai",Chennai,Tamil Nadu,2022-12-08,Saravanan Ramesh,4,a595e7d266a90df7a08f73d772057122c150d01f778deb3e036f30fa96c16a05,Verified,1,1,1,0,0,0,0,0,0,0,0,0,0,Low Risk,Synthetic development/demo dataset
RS-PROP-0246,USR-1028,Manoj Gopal,USR-1028,USR-1011,SUR-184/82,1200.0,"Padur, Chengalpattu, Chengalpattu",Chengalpattu,Tamil Nadu,2021-05-03,Harini Balasubramanian,2,3001b49309b90fa284754247b912b719056c2eabb1e90091ba6efc690801e254,Verified,1,1,1,0,0,0,0,0,0,0,0,0,0,Low Risk,Synthetic development/demo dataset
RS-PROP-0247,USR-1030,Harini Srinivasan,USR-1030,USR-1013,SUR-173/51,3600.0,"Kelambakkam, Chengalpattu, Chengalpattu",Chengalpattu,Tamil Nadu,2022-02-04,Madhavan Vaidyanathan,3,03ea1d4c368805fca8f32613a7d6d799dca08b012d2c1c9a0beb63b28716c507,Hash Mismatch,1,1,1,0,0,0,1,0,0,0,1,1,40,Review Required,Synthetic development/demo dataset
RS-PROP-0248,USR-1032,Siddharth Subramanian,USR-1032,USR-1015,SUR-304/6B,1500.0,"Peelamedu, Coimbatore South, Coimbatore",Coimbatore,Tamil Nadu,2023-01-08,Saravanan Pillai,3,8c479394ea1a288d89e7c7c527c0ed51b89632554164890f680d96d2f91e3281,Verified,1,1,1,0,0,0,0,0,0,0,0,0,0,Low Risk,Synthetic development/demo dataset
RS-PROP-0249,USR-1034,Priya Rao,USR-1034,USR-1017,SUR-659/9C,9600.0,"Kelambakkam, Chengalpattu, Chengalpattu",Chengalpattu,Tamil Nadu,2022-12-05,Priya Gopal,1,5da47f48b76fdf6bf2b4917fc94cca1dd1c5ba323852975f5ec28e081cc74859,Verified,0,1,1,0,0,0,0,1,0,0,0,1,25,Review Required,Synthetic development/demo dataset
RS-PROP-0250,USR-1036,Arun Sundaram,USR-1036,USR-1019,SUR-985/2A,3000.0,"Gandhipuram, Pollachi, Coimbatore",Coimbatore,Tamil Nadu,2021-04-13,Ananya Rao,1,f22492bd0165cd22202a6c3eb1d8a0890ae8cf2d62b971972b475dffecfb5458,Verified,1,1,0,1,0,0,1,0,0,1,0,1,45,Review Required,Synthetic development/demo dataset
RS-PROP-0251,USR-1038,Bhavani Thyagarajan,USR-1038,USR-1021,SUR-455/6C,3000.0,"Saravanampatti, Coimbatore North, Coimbatore",Coimbatore,Tamil Nadu,2022-05-26,Suresh Murugan,1,ed856433173e7400922f28a4cac599a32fe23263fe87b64debb29337cb4a8433,Verified,1,1,1,0,0,0,0,0,0,0,0,0,0,Low Risk,Synthetic development/demo dataset
RS-PROP-0252,USR-1040,Harini Subramanian,USR-1040,USR-1023,SUR-633/41,2400.0,"Keelkattalai, Sholinganallur, Chennai",Chennai,Tamil Nadu,2019-07-10,Bhavani Swaminathan,2,127e2b9a552a711d3f69a2aefd93e6be4525424964fe3f9069b354c88cbd2a01,Verified,1,1,0,0,0,0,0,0,0,1,0,0,15,Low Risk,Synthetic development/demo dataset
RS-PROP-0253,USR-1042,Meenakshi Vaidyanathan,USR-1042,USR-1025,SUR-169/92,1500.0,"Padur, Chengalpattu, Chengalpattu",Chengalpattu,Tamil Nadu,2020-03-24,Priya Rao,3,902162028ea3a8fe620e65dbc1229499dbd4268d64736e3346afcbaa0fc20fe9,Verified,1,1,1,0,0,1,0,0,0,0,0,0,15,Low Risk,Synthetic development/demo dataset
RS-PROP-0254,USR-1044,Vignesh Subramanian,USR-1044,USR-1027,SUR-288/71,5400.0,"Othakadai, Melur, Madurai",Madurai,Tamil Nadu,2019-04-08,Karthik Vaidyanathan,3,e9427e46284beb0e926ebf855557d31a0305d20d2a529cbbc4ab602f87ed3799,Verified,1,1,1,0,0,0,0,0,0,0,0,0,0,Low Risk,Synthetic development/demo dataset
RS-PROP-0255,USR-1046,Divya Sundaram,USR-1046,USR-1029,SUR-601/61,2400.0,"Maraimalai Nagar, Maduranthakam, Chengalpattu",Chengalpattu,Tamil Nadu,2021-01-20,Aravind Rao,1,0dffa035e10b133969492a0f3aa403e9d646d69d9b069520156e00bec6e5ab59,Verified,1,1,1,0,0,0,0,0,0,0,0,0,0,Low Risk,Synthetic development/demo dataset
RS-PROP-0256,USR-1048,Karthik Chandran,USR-1048,USR-1031,SUR-671/72,1200.0,"Koodal Nagar, Melur, Madurai",Madurai,Tamil Nadu,2020-08-13,Kavitha Pillai,2,95c3e457a6d8fd66adca584fd8ec71782716de969c771793fcfda3feb1b3fd93,Verified,1,1,1,0,0,0,0,0,0,0,0,0,0,Low Risk,Synthetic development/demo dataset
RS-PROP-0257,USR-1050,Gayathri Swaminathan,USR-1050,USR-1033,SUR-215/32,9600.0,"Adambakkam, Sholinganallur, Chennai",Chennai,Tamil Nadu,2021-07-11,Siddharth Kumar,4,e0dcb967984e270af4af4660aaa43bf4870f4a90da64bad6e2ec3cb2386bb2fe,Verified,1,1,1,0,0,0,0,0,0,0,0,0,0,Low Risk,Synthetic development/demo dataset
RS-PROP-0258,USR-1052,Rajesh Krishnan,USR-1052,USR-1035,SUR-216/8C,1500.0,"Kallakudi, Tiruchirappalli West, Tiruchirappalli",Tiruchirappalli,Tamil Nadu,2023-07-24,Lakshmi Gopal,4,faffa47575487712ba353ab0d159bbff698e59e714aba6aeb6fb3e42dda2e7e8,Verified,1,1,0,0,0,0,0,0,0,1,0,0,15,Low Risk,Synthetic development/demo dataset
RS-PROP-0259,USR-1054,Balaji Ramesh,USR-1054,USR-1037,SUR-847/8C,1800.0,"Gandhipuram, Pollachi, Coimbatore",Coimbatore,Tamil Nadu,2019-04-01,Ganesh Kumar,4,7e18ad5139b43695814e889b731246594170755fd85245793f31986f7fb15e6e,Verified,1,1,1,0,0,0,0,0,0,0,0,0,0,Low Risk,Synthetic development/demo dataset
RS-PROP-0260,USR-1056,Uma Chandran,USR-1056,USR-1039,SUR-519/8A,1200.0,"Siruseri, Maduranthakam, Chengalpattu",Chengalpattu,Tamil Nadu,2022-05-20,Divya Ramesh,2,54702bd570b4ef8078a11ec126b2f65f8d5a8080bde18b49e2f75fa67ae2161b,Verified,1,1,1,0,0,1,1,0,0,0,0,1,25,Low Risk,Synthetic development/demo dataset
RS-PROP-0261,USR-1058,Madhavan Krishnan,USR-1058,USR-1041,SUR-776/9B,5400.0,"Maraimalai Nagar, Thiruporur, Chengalpattu",Chengalpattu,Tamil Nadu,2022-06-02,Venkatesh Pillai,3,72aade7b7a707a3d4a9165cb9168754196b76c79913f3664fd60720714f38ccd,Verified,1,1,1,0,0,0,0,0,0,0,0,0,0,Low Risk,Synthetic development/demo dataset
RS-PROP-0262,USR-1001,Deepa Pillai,USR-1001,USR-1043,SUR-811/5C,9600.0,"Saravanampatti, Coimbatore North, Coimbatore",Coimbatore,Tamil Nadu,2022-04-23,Divya Ramesh,1,3006bd4a13dce62ff886f480535365bebc20fcd3f35bb311dcf565ec2f9b875e,Verified,1,1,1,0,0,0,0,0,0,0,0,0,0,Low Risk,Synthetic development/demo dataset
RS-PROP-0263,USR-1003,Rajesh Murugan,USR-1003,USR-1045,SUR-729/82,5400.0,"Anna Nagar, Thirumangalam, Madurai",Madurai,Tamil Nadu,2024-03-20,Sundar Pillai,1,d55d9633d2648f2e8de61c3f04ff7bb893eaec2714839512c44d5a3b6a3913c7,Verified,1,1,0,0,0,0,1,0,0,1,0,1,25,Low Risk,Synthetic development/demo dataset
RS-PROP-0264,USR-1005,Karthik Rao,USR-1005,USR-1047,SUR-755/4C,3000.0,"Irungattukottai, Kanchipuram, Kanchipuram",Kanchipuram,Tamil Nadu,2020-05-17,Rajesh Kumar,3,ec8b4dae0e74a31925a668b9ade433be92ee760b375b597cafab2e23e3339e3c,Verified,0,1,1,0,0,0,0,1,0,0,0,1,25,Review Required,Synthetic development/demo dataset
RS-PROP-0265,USR-1008,Meenakshi Thyagarajan,USR-1008,USR-1049,SUR-443/81,1200.0,"Maraimalai Nagar, Maduranthakam, Chengalpattu",Chengalpattu,Tamil Nadu,2020-10-24,Rajesh Ganesan,1,56df933712ed17104c55766f81cc97f2e55732861a328d29f0a2d262bb3c727d,Verified,1,1,1,0,0,0,1,0,0,0,0,0,10,Low Risk,Synthetic development/demo dataset
RS-PROP-0266,USR-1010,Priya Rao,USR-1010,USR-1051,SUR-720/7B,1500.0,"Singanallur, Coimbatore North, Coimbatore",Coimbatore,Tamil Nadu,2023-06-23,Karthik Murugan,1,ee5bba5f3c63511bd062ef43489a86df597436a027865ccbb1cb5e2bc50fd484,Verified,1,1,1,0,0,0,0,0,0,0,0,0,0,Low Risk,Synthetic development/demo dataset
RS-PROP-0267,USR-1012,Kavitha Iyer,USR-1012,USR-1053,SUR-214/6A,2400.0,"Anna Nagar, Thirumangalam, Madurai",Madurai,Tamil Nadu,2021-09-01,Vignesh Balasubramanian,2,f1c8387618d5218e27b2e382114cb5f2e9bb2a1acabfc8e149a5ef5bde112d32,Verified,1,1,0,0,0,0,1,0,0,1,0,1,25,Low Risk,Synthetic development/demo dataset
RS-PROP-0268,USR-1014,Meenakshi Iyer,USR-1014,USR-1055,SUR-496/9A,1200.0,"Ponmalai, Tiruchirappalli West, Tiruchirappalli",Tiruchirappalli,Tamil Nadu,2018-11-28,Venkatesh Rao,3,4d4af5178f118777c8a617f337728245f20349de891b0d028078a30fe1ea2f4e,Verified,1,1,1,0,0,1,0,0,0,0,0,0,15,Low Risk,Synthetic development/demo dataset
RS-PROP-0269,USR-1016,Siddharth Natarajan,USR-1016,USR-1057,SUR-380/2A,9600.0,"Oragadam, Kanchipuram, Kanchipuram",Kanchipuram,Tamil Nadu,2018-04-18,Dinesh Ganesan,5,cd19ff5296b5aab573d5f5fbb6c536768fff8cdf1d81094be0425aad2554534b,Hash Mismatch,1,1,1,0,0,1,0,0,0,0,1,1,45,Review Required,Synthetic development/demo dataset
RS-PROP-0270,USR-1018,Suresh Natarajan,USR-1018,USR-1059,SUR-536/7B,5400.0,"Saravanampatti, Coimbatore South, Coimbatore",Coimbatore,Tamil Nadu,2020-05-11,Vijay Ganesan,4,d6e6f73b237732fb13c0fdccc2f81422e74ce794807c8394a379202e8ff09793,Verified,1,1,1,0,0,0,0,0,0,0,0,0,0,Low Risk,Synthetic development/demo dataset
RS-PROP-0271,USR-1020,Kavitha Swaminathan,USR-1020,USR-1002,SUR-247/5C,4800.0,"Peelamedu, Coimbatore North, Coimbatore",Coimbatore,Tamil Nadu,2023-11-11,Rajesh Swaminathan,1,7eef1e411bb86ba339f70f2b9db01f84895abc8933b8c4bc50d300b8becd7c33,Verified,1,0,1,0,0,0,0,0,1,0,0,1,25,Review Required,Synthetic development/demo dataset
RS-PROP-0272,USR-1022,Ananya Gopal,USR-1022,USR-1004,SUR-669/2C,9600.0,"Srirangam Central, Tiruchirappalli West, Tiruchirappalli",Tiruchirappalli,Tamil Nadu,2021-10-14,Swetha Chandran,2,f88e3d19808501d595f98e1ad45204d7911bbe98d876b79a37ea11ee2232b525,Verified,1,1,1,0,0,0,0,0,0,0,0,0,0,Low Risk,Synthetic development/demo dataset
RS-PROP-0273,USR-1024,Poornima Vaidyanathan,USR-1024,USR-1006,SUR-277/22,5400.0,"Anna Nagar, Thirumangalam, Madurai",Madurai,Tamil Nadu,2022-10-15,Rajesh Ganesan,4,b8240d772eb83b736dfc3ca2f6f1bea9ec895e6b8d9e3d32a02b930b576a2b06,Verified,0,0,1,0,0,1,0,1,1,0,0,1,65,High Risk,Synthetic development/demo dataset
RS-PROP-0274,USR-1026,Divya Subramanian,USR-1026,USR-1007,SUR-776/31,9600.0,"Anna Nagar, Madurai North, Madurai",Madurai,Tamil Nadu,2021-10-19,Siddharth Iyer,4,deeed12777d6e339537a6c40df645fb9b4dccd741d842d2375df381ff577cb89,Verified,1,1,1,0,0,1,0,0,0,0,0,0,15,Low Risk,Synthetic development/demo dataset
RS-PROP-0275,USR-1028,Suresh Kumar,USR-1028,USR-1009,SUR-981/5A,2400.0,"Kallakudi, Lalgudi, Tiruchirappalli",Tiruchirappalli,Tamil Nadu,2023-10-13,Rajesh Gopal,4,84e29e2900ac70611cea625fbda30ffe6f1e5198185ec27ad35e37bb2967f010,Verified,1,1,1,0,0,0,0,0,0,0,0,0,0,Low Risk,Synthetic development/demo dataset
RS-PROP-0276,USR-1030,Meenakshi Iyer,USR-1030,USR-1011,SUR-960/7B,3000.0,"Othakadai, Melur, Madurai",Madurai,Tamil Nadu,2019-03-01,Deepa Kumar,4,c84dff8ada06458f2bf5d7e5a51798a1cd227837575e7d54de7e22b2921201da,Verified,1,1,1,0,0,0,0,0,0,0,0,0,0,Low Risk,Synthetic development/demo dataset
RS-PROP-0277,USR-1032,Madhavan Swaminathan,USR-1032,USR-1013,SUR-565/91,9600.0,"Kattur, Thiruverumbur, Tiruchirappalli",Tiruchirappalli,Tamil Nadu,2021-06-08,Balaji Vaidyanathan,1,fac4738414aae1fabb30fd3b02bd20f98fef479693487d835e3911bae4087c53,Verified,1,1,1,0,0,0,0,0,0,0,0,0,0,Low Risk,Synthetic development/demo dataset
RS-PROP-0278,USR-1034,Nandhini Ramesh,USR-1034,USR-1015,SUR-821/6A,5400.0,"Keelkattalai, Mylapore, Chennai",Chennai,Tamil Nadu,2018-03-24,Revathi Swaminathan,1,1d7c11dea56770b1c5d1cac85b2f90b1ef9ad32fade73f77b56bfd50bc1bbe48,Verified,1,1,1,0,0,0,0,0,0,0,0,0,0,Low Risk,Synthetic development/demo dataset
RS-PROP-0279,USR-1036,Deepa Ganesan,USR-1036,USR-1017,SUR-451/9A,5400.0,"Koodal Nagar, Thirumangalam, Madurai",Madurai,Tamil Nadu,2022-08-19,Bhavani Vaidyanathan,3,6971b81d0c469f788d3141350835a4f25959bc7eebaef9410b9f83a228cee698,Verified,0,1,1,0,0,0,0,1,0,0,0,1,25,Review Required,Synthetic development/demo dataset
RS-PROP-0280,USR-1038,Lakshmi Srinivasan,USR-1038,USR-1019,SUR-928/1C,5400.0,"Pallavaram, Sholinganallur, Chennai",Chennai,Tamil Nadu,2019-09-03,Revathi Murugan,3,b3836deadae541e030ac8cb75bdeed36e19ed6779e1cc75653ccb6bee2e9c62b,Verified,1,1,1,0,0,1,0,0,0,0,0,0,15,Low Risk,Synthetic development/demo dataset
RS-PROP-0281,USR-1040,Swetha Thyagarajan,USR-1040,USR-1021,SUR-186/32,1800.0,"Padur, Vandalur, Chengalpattu",Chengalpattu,Tamil Nadu,2024-07-25,Aravind Chandran,2,c2d2c9c7441190085bc55226cd9dbd4a952a4a80c8a3fb6fef2a668014a6726f,Verified,1,1,1,0,0,1,1,0,0,0,0,1,25,Low Risk,Synthetic development/demo dataset
RS-PROP-0282,USR-1042,Kavitha Thyagarajan,USR-1042,USR-1023,SUR-799/71,3000.0,"Ponmalai, Srirangam, Tiruchirappalli",Tiruchirappalli,Tamil Nadu,2022-07-01,Manoj Swaminathan,3,a8a36028ef4ae266052e700d2c71e854bf41431c2a0ad2edaf941b61f86932c4,Verified,1,1,1,0,0,0,0,0,0,0,0,0,0,Low Risk,Synthetic development/demo dataset
RS-PROP-0283,USR-1044,Dinesh Vaidyanathan,USR-1044,USR-1025,SUR-376/5A,3000.0,"Othakadai, Thirumangalam, Madurai",Madurai,Tamil Nadu,2022-07-15,Swetha Srinivasan,3,8405584dd69a98b8a130705b7c5430327aa949ff0ceba4ada6eb0ff08f33008d,Verified,1,1,1,0,0,0,0,0,0,0,0,0,0,Low Risk,Synthetic development/demo dataset
RS-PROP-0284,USR-1046,Arun Sundaram,USR-1046,USR-1027,SUR-637/21,3600.0,"Madipakkam, Velachery, Chennai",Chennai,Tamil Nadu,2023-05-09,Vijay Ramesh,3,8f48769806b56d777648f45f576a9a836e976163569901a2966e205cd0ebcea2,Verified,1,1,1,0,1,0,0,0,0,0,0,1,20,Review Required,Synthetic development/demo dataset
RS-PROP-0285,USR-1048,Balaji Natarajan,USR-1048,USR-1029,SUR-401/8A,5400.0,"Srirangam Central, Srirangam, Tiruchirappalli",Tiruchirappalli,Tamil Nadu,2024-07-23,Rajesh Murugan,1,6355a193d83b65cfff653fe44fe80d20f2191cfa0712c0d17eead4292a899b79,Verified,0,1,1,1,0,0,0,1,0,0,0,1,45,Review Required,Synthetic development/demo dataset
RS-PROP-0286,USR-1050,Uma Iyer,USR-1050,USR-1031,SUR-760/8A,1800.0,"Anna Nagar, Melur, Madurai",Madurai,Tamil Nadu,2024-07-07,Ananya Swaminathan,1,2155f85a0f7a3160e89ea85f5b3785b50a8655f8f4b48e862ca741248a2c334b,Verified,1,0,1,0,0,0,0,0,1,0,0,1,25,Review Required,Synthetic development/demo dataset
RS-PROP-0287,USR-1052,Arun Ramesh,USR-1052,USR-1033,SUR-255/61,1200.0,"Srirangam Central, Thiruverumbur, Tiruchirappalli",Tiruchirappalli,Tamil Nadu,2023-08-16,Poornima Gopal,2,67b0bca0d39402aa1de7c27832011ad1643a0534528626daeefb5e117da2442d,Verified,1,1,0,0,0,1,1,0,0,1,0,1,40,Review Required,Synthetic development/demo dataset
RS-PROP-0288,USR-1054,Venkatesh Reddy,USR-1054,USR-1035,SUR-961/8C,2400.0,"Koodal Nagar, Thirumangalam, Madurai",Madurai,Tamil Nadu,2022-01-13,Vijay Pillai,1,7a390d095d1ac658e0f44c8404d87c7306917a5b44acd97c70f6ea20dbbc387a,Verified,1,1,1,0,0,0,0,0,0,0,0,0,0,Low Risk,Synthetic development/demo dataset
RS-PROP-0289,USR-1056,Siddharth Iyer,USR-1056,USR-1037,SUR-125/41,4800.0,"Kelambakkam, Vandalur, Chengalpattu",Chengalpattu,Tamil Nadu,2024-09-21,Kavitha Thyagarajan,4,2a1db4fe7a132c32f9bcdc5a257dce4f95638523c677ba47fe81ae02863c041a,Verified,1,1,1,0,0,0,0,0,0,0,0,0,0,Low Risk,Synthetic development/demo dataset
RS-PROP-0290,USR-1058,Bhavani Ramesh,USR-1058,USR-1039,SUR-926/91,9600.0,"Peelamedu, Coimbatore South, Coimbatore",Coimbatore,Tamil Nadu,2023-10-08,Deepa Ramesh,4,76bcab16761d6a65a52088bf4c88cee93dffb94785b113bfa519a36cf25ec332,Verified,1,1,1,0,0,0,0,0,0,0,0,0,0,Low Risk,Synthetic development/demo dataset
RS-PROP-0291,USR-1001,Meenakshi Kumar,USR-1001,USR-1041,SUR-940/21,1800.0,"Padur, Vandalur, Chengalpattu",Chengalpattu,Tamil Nadu,2018-02-04,Uma Chandran,2,4df5a046acb75096cebceadf400c986037adba97f6b66b2a04f464aa05446ee8,Verified,1,1,1,0,0,0,0,0,0,0,0,0,0,Low Risk,Synthetic development/demo dataset
RS-PROP-0292,USR-1003,Meenakshi Rao,USR-1003,USR-1043,SUR-277/6A,1500.0,"Maraimalai Nagar, Vandalur, Chengalpattu",Chengalpattu,Tamil Nadu,2019-07-06,Nandhini Ganesan,4,19a35925534f5df69d5f3e579fa9bf764a4169279842f36c4b6cb9dc9f8fa996,Verified,0,1,1,0,0,1,0,1,0,0,0,1,40,Review Required,Synthetic development/demo dataset
RS-PROP-0293,USR-1005,Balaji Sundaram,USR-1005,USR-1045,SUR-810/8B,2400.0,"Ponmalai, Lalgudi, Tiruchirappalli",Tiruchirappalli,Tamil Nadu,2023-05-17,Siddharth Vaidyanathan,2,4b8042247a488901864c862eff1a52b3244107cd16c101e73e5a11e53353849d,Verified,1,1,1,0,0,0,0,0,0,0,0,0,0,Low Risk,Synthetic development/demo dataset
RS-PROP-0294,USR-1008,Uma Sundaram,USR-1008,USR-1047,SUR-528/12,2400.0,"Srirangam Central, Lalgudi, Tiruchirappalli",Tiruchirappalli,Tamil Nadu,2018-09-04,Nandhini Ganesan,2,f9d0143ec47d3bf5fd1cd56c7f32673012f985d81784a0312e4d927929ffb260,Verified,1,1,1,0,0,0,0,0,0,0,0,0,0,Low Risk,Synthetic development/demo dataset
RS-PROP-0295,USR-1010,Ramesh Subramanian,USR-1010,USR-1049,SUR-280/3A,1200.0,"Ponmalai, Thiruverumbur, Tiruchirappalli",Tiruchirappalli,Tamil Nadu,2020-05-07,Poornima Murugan,4,7a9ae2a3fffb397adeacafc47e9a92a7502fdc1f96bef276c74fcec3b1a133bb,Verified,0,1,1,0,0,0,0,1,0,0,0,1,25,Review Required,Synthetic development/demo dataset
RS-PROP-0296,USR-1012,Swetha Swaminathan,USR-1012,USR-1051,SUR-303/6B,1500.0,"Thiruparankundram, Thirumangalam, Madurai",Madurai,Tamil Nadu,2019-02-08,Madhavan Iyer,2,4fd38312b58e159302487204e49e2f258cfb5eca9b6b1ce950aedc41ee480bee,Verified,1,1,0,0,0,1,1,0,0,1,0,1,40,Review Required,Synthetic development/demo dataset
RS-PROP-0297,USR-1014,Gayathri Iyer,USR-1014,USR-1053,SUR-307/6B,1200.0,"Srirangam Central, Lalgudi, Tiruchirappalli",Tiruchirappalli,Tamil Nadu,2022-01-09,Meenakshi Natarajan,4,1f99b9b9009d9f5b9d86c703df473255240c136d540f3d2f6c16180836348816,Verified,1,1,1,0,0,0,0,0,0,0,0,0,0,Low Risk,Synthetic development/demo dataset
RS-PROP-0298,USR-1016,Lakshmi Krishnan,USR-1016,USR-1055,SUR-521/91,2400.0,"Koodal Nagar, Madurai South, Madurai",Madurai,Tamil Nadu,2021-08-09,Arun Vaidyanathan,4,aaddac6a51304ce123e8c9337673cf506665c450513523b747b58c66f235c1b5,Verified,1,1,1,0,1,0,0,0,0,0,0,1,20,Review Required,Synthetic development/demo dataset
RS-PROP-0299,USR-1018,Karthik Vaidyanathan,USR-1018,USR-1057,SUR-929/21,5400.0,"Thiruparankundram, Melur, Madurai",Madurai,Tamil Nadu,2018-09-25,Arun Vaidyanathan,2,201b12783b52ffd69cf112596f51b52ffa0c0858b5f2117d55c313131a46a8a3,Verified,1,1,1,0,0,0,0,0,0,0,0,0,0,Low Risk,Synthetic development/demo dataset
RS-PROP-0300,USR-1020,Priya Thyagarajan,USR-1020,USR-1059,SUR-820/82,1200.0,"Kattur, Lalgudi, Tiruchirappalli",Tiruchirappalli,Tamil Nadu,2021-03-28,Harini Krishnan,4,9fefce041f46a1cee6ebad91b2ceabd7c8deb63c611594df623c57bd99e5024b,Verified,1,1,1,0,0,0,0,0,0,0,0,0,0,Low Risk,Synthetic development/demo dataset
RS-PROP-0301,USR-1022,Bhavani Balasubramanian,USR-1022,USR-1002,SUR-870/52,9600.0,"Keelkattalai, Guindy, Chennai",Chennai,Tamil Nadu,2024-04-26,Venkatesh Rao,3,934bbe762b2f0185677b0916039a84c53d78434cf5b83527efa08f11eca23a1d,Verified,1,1,1,0,0,0,0,0,0,0,0,0,0,Low Risk,Synthetic development/demo dataset
RS-PROP-0302,USR-1024,Karthik Reddy,USR-1024,USR-1004,SUR-821/22,2400.0,"Sunguvarchatram, Kanchipuram, Kanchipuram",Kanchipuram,Tamil Nadu,2020-04-18,Ramesh Thyagarajan,2,1b225a42c031718673ff95e4e42ea36c41c9939b6227cde392b903ddcb59961f,Verified,1,1,1,0,0,0,0,0,0,0,0,0,0,Low Risk,Synthetic development/demo dataset
RS-PROP-0303,USR-1026,Revathi Balasubramanian,USR-1026,USR-1006,SUR-155/2C,3600.0,"Srirangam Central, Thiruverumbur, Tiruchirappalli",Tiruchirappalli,Tamil Nadu,2021-09-17,Ramesh Thyagarajan,3,cbdb640e879b9cad9971aed1449b1979885cf92b865a66f668b62335a372cae8,Verified,1,1,1,0,0,0,0,0,0,0,0,0,0,Low Risk,Synthetic development/demo dataset
RS-PROP-0304,USR-1028,Deepa Iyer,USR-1028,USR-1007,SUR-500/3C,1500.0,"Saravanampatti, Coimbatore South, Coimbatore",Coimbatore,Tamil Nadu,2019-05-04,Saravanan Thyagarajan,2,8cc7e404dcd22d03029046f0a70a12e61a8b37ef00f72b7e40d6449168552fe1,Verified,1,1,1,0,0,0,0,0,0,0,0,0,0,Low Risk,Synthetic development/demo dataset
RS-PROP-0305,USR-1030,Meenakshi Thyagarajan,USR-1030,USR-1009,SUR-855/1C,2400.0,"Thandalam, Kundrathur, Kanchipuram",Kanchipuram,Tamil Nadu,2018-04-27,Bhavani Vaidyanathan,3,6d5f470ba5adb72fc3405ae8bc2d09796381d0d805ef6ed402f8aef38cc23073,Verified,1,1,1,0,0,0,0,0,0,0,0,0,0,Low Risk,Synthetic development/demo dataset
RS-PROP-0306,USR-1032,Siddharth Swaminathan,USR-1032,USR-1011,SUR-275/5B,5400.0,"Mangadu, Kanchipuram, Kanchipuram",Kanchipuram,Tamil Nadu,2020-01-05,Dinesh Pillai,2,93dc8c6737074f5dd561865cbc7b561e768e76d247b5f5df25705c3d5473666b,Verified,1,1,1,0,0,0,0,0,0,0,0,0,0,Low Risk,Synthetic development/demo dataset
RS-PROP-0307,USR-1034,Balaji Subramanian,USR-1034,USR-1013,SUR-142/62,1800.0,"Guduvancheri, Chengalpattu, Chengalpattu",Chengalpattu,Tamil Nadu,2020-06-06,Divya Ganesan,3,15bd5ce1cb2fb1156197d66f159fa3cc98e4cfdf2a19fa21f42831e6a87d9b87,Verified,1,1,1,0,0,0,0,0,0,0,0,0,0,Low Risk,Synthetic development/demo dataset
RS-PROP-0308,USR-1036,Lakshmi Ganesan,USR-1036,USR-1015,SUR-514/8B,5400.0,"Irungattukottai, Sriperumbudur, Kanchipuram",Kanchipuram,Tamil Nadu,2019-01-24,Bhavani Pillai,3,1ded8b4f5b2e7a6b4a44fb837948e9ecf20372d3ed094bd3f571b167914afdcf,Verified,1,1,1,0,0,0,0,0,0,0,0,0,0,Low Risk,Synthetic development/demo dataset
RS-PROP-0309,USR-1038,Siddharth Rao,USR-1038,USR-1017,SUR-141/32,1500.0,"Ponmalai, Tiruchirappalli West, Tiruchirappalli",Tiruchirappalli,Tamil Nadu,2018-07-20,Sundar Swaminathan,4,bcf753ecfde390352219e8c0f943d43823a47e9d1cde3adff607738413f136bc,Verified,1,1,1,0,1,0,0,0,0,0,0,1,20,Review Required,Synthetic development/demo dataset
RS-PROP-0310,USR-1040,Venkatesh Balasubramanian,USR-1040,USR-1019,SUR-425/9A,3600.0,"Kovaipudur, Coimbatore North, Coimbatore",Coimbatore,Tamil Nadu,2019-12-28,Poornima Reddy,3,334b193a6da622619db3b42a2e2c4158464664a0048c1dd2424704094340a3d3,Verified,1,1,1,0,0,0,1,0,0,0,0,0,10,Low Risk,Synthetic development/demo dataset
RS-PROP-0311,USR-1042,Siddharth Vaidyanathan,USR-1042,USR-1021,SUR-925/71,1800.0,"Peelamedu, Pollachi, Coimbatore",Coimbatore,Tamil Nadu,2022-02-05,Divya Pillai,3,97fe0253c9a0cc6ac76d0fe920aff374c2bf68a26a85696345ff3409fc8ee501,Verified,0,0,1,0,0,1,0,1,1,0,0,1,65,High Risk,Synthetic development/demo dataset
RS-PROP-0312,USR-1044,Meenakshi Iyer,USR-1044,USR-1023,SUR-667/8A,3000.0,"Padur, Maduranthakam, Chengalpattu",Chengalpattu,Tamil Nadu,2020-08-18,Gayathri Chandran,5,0b4f69f3f1f8b0c72a7cf39c65335aa91046dea9d756c35e5a736ce93e01a20d,Verified,1,1,1,0,0,1,0,0,0,0,0,0,15,Low Risk,Synthetic development/demo dataset
RS-PROP-0313,USR-1046,Ramesh Murugan,USR-1046,USR-1025,SUR-863/62,5400.0,"Singanallur, Coimbatore South, Coimbatore",Coimbatore,Tamil Nadu,2021-05-21,Vignesh Natarajan,1,526153c472cf92d221a59f0a49459f8c74a38c58ddf1bc646aaa0abc8c4e6fd3,Verified,1,1,1,0,0,0,0,0,0,0,0,0,0,Low Risk,Synthetic development/demo dataset
RS-PROP-0314,USR-1048,Rajesh Swaminathan,USR-1048,USR-1027,SUR-267/1C,3600.0,"Srirangam Central, Srirangam, Tiruchirappalli",Tiruchirappalli,Tamil Nadu,2023-06-02,Manoj Pillai,1,b9fe82b66167a07e494ca3f4c37985c1f059ac0dd8abe6e42268ecc23560b386,Verified,1,1,1,0,0,0,0,0,0,0,0,0,0,Low Risk,Synthetic development/demo dataset
RS-PROP-0315,USR-1050,Lakshmi Ganesan,USR-1050,USR-1029,SUR-377/6A,9600.0,"Mangadu, Walajabad, Kanchipuram",Kanchipuram,Tamil Nadu,2020-03-01,Meenakshi Balasubramanian,3,3b9b87298407a089c2c79e30233da311277a50190b5af6a082a1969f92dce56c,Verified,1,1,1,0,0,0,0,0,0,0,0,0,0,Low Risk,Synthetic development/demo dataset
RS-PROP-0316,USR-1052,Lakshmi Natarajan,USR-1052,USR-1031,SUR-326/42,9600.0,"Maraimalai Nagar, Chengalpattu, Chengalpattu",Chengalpattu,Tamil Nadu,2023-09-23,Ramesh Vaidyanathan,1,1f4402d80e8cc3137117bcfe8b6a21612273c951c6776cfd419a45f7f27313ef,Verified,1,1,0,0,0,0,0,0,0,1,0,0,15,Low Risk,Synthetic development/demo dataset
RS-PROP-0317,USR-1054,Bhavani Krishnan,USR-1054,USR-1033,SUR-862/2B,1800.0,"Kallakudi, Lalgudi, Tiruchirappalli",Tiruchirappalli,Tamil Nadu,2019-12-08,Kavitha Subramanian,2,59f5a7a6c678d729fb9165446ec730fe973cd2c1e657c081347b51caa3a78b40,Verified,1,1,1,0,0,0,0,0,0,0,0,0,0,Low Risk,Synthetic development/demo dataset
RS-PROP-0318,USR-1056,Vignesh Vaidyanathan,USR-1056,USR-1035,SUR-133/92,1200.0,"Madipakkam, Alandur, Chennai",Chennai,Tamil Nadu,2018-05-02,Deepa Pillai,1,ae72945933562854ec5758ba6c10013033b75903c5caa39951885e9e0146c15b,Verified,1,1,1,0,0,0,0,0,0,0,0,0,0,Low Risk,Synthetic development/demo dataset
RS-PROP-0319,USR-1058,Balaji Reddy,USR-1058,USR-1037,SUR-966/52,3600.0,"Velachery East, Tambaram, Chennai",Chennai,Tamil Nadu,2019-09-25,Swetha Balasubramanian,1,802c78ea8ed923b823b6a33676041f64346dcfee10eed2ac4be2297debed2ba8,Verified,0,1,1,0,0,0,0,1,0,0,0,1,25,Review Required,Synthetic development/demo dataset
RS-PROP-0320,USR-1001,Ananya Iyer,USR-1001,USR-1039,SUR-814/31,1500.0,"Othakadai, Melur, Madurai",Madurai,Tamil Nadu,2024-06-13,Poornima Iyer,2,1e2dd2a7f93f99d85e474a191251a380152ffc70296aedb1fdbfc87813b1d439,Verified,1,1,1,0,0,0,0,0,0,0,0,0,0,Low Risk,Synthetic development/demo dataset
RS-PROP-0321,USR-1003,Meenakshi Thyagarajan,USR-1003,USR-1041,SUR-839/1A,3600.0,"Sunguvarchatram, Walajabad, Kanchipuram",Kanchipuram,Tamil Nadu,2018-07-10,Gayathri Pillai,2,22d8e28bfae2cdd3467b8dbf81af02294586c0ef52f9d9a44558d11059f0575e,Verified,1,1,1,0,0,0,0,0,0,0,0,0,0,Low Risk,Synthetic development/demo dataset
RS-PROP-0322,USR-1005,Deepa Thyagarajan,USR-1005,USR-1043,SUR-113/8A,4800.0,"Kattur, Lalgudi, Tiruchirappalli",Tiruchirappalli,Tamil Nadu,2022-11-22,Venkatesh Natarajan,4,fb24cc4456e5853967389c8145b1e5dd8e24237d9b31a6f33db8a4bba7d0fae3,Verified,1,1,1,0,0,0,0,0,0,0,0,0,0,Low Risk,Synthetic development/demo dataset
RS-PROP-0323,USR-1008,Vijay Rao,USR-1008,USR-1045,SUR-338/71,3000.0,"Guduvancheri, Maduranthakam, Chengalpattu",Chengalpattu,Tamil Nadu,2024-10-19,Revathi Gopal,4,5e922ceb2ac5e329898fc983bb727a8c48812ee378dc38b74f84e8aea061edd9,Verified,1,1,1,0,0,0,0,0,0,0,0,0,0,Low Risk,Synthetic development/demo dataset
RS-PROP-0324,USR-1010,Saravanan Swaminathan,USR-1010,USR-1047,SUR-601/8B,1800.0,"Pallavaram, Tambaram, Chennai",Chennai,Tamil Nadu,2018-12-02,Deepa Thyagarajan,2,86a588a62ac59eb899686aae8081c15800bc5fb664e9d33b6a62bf0b7b6f091b,Verified,1,1,1,0,0,0,0,0,0,0,0,0,0,Low Risk,Synthetic development/demo dataset
RS-PROP-0325,USR-1012,Ananya Sundaram,USR-1012,USR-1049,SUR-306/51,5400.0,"Ponmalai, Thiruverumbur, Tiruchirappalli",Tiruchirappalli,Tamil Nadu,2020-09-11,Priya Ramesh,1,8bd4c077090e813745e7cfb4a3cb5f495bd52307a209cf0d36e5a0a1db9b9b2c,Verified,1,1,1,0,0,0,0,0,0,0,0,0,0,Low Risk,Synthetic development/demo dataset
RS-PROP-0326,USR-1014,Karthik Ramesh,USR-1014,USR-1051,SUR-603/7B,3000.0,"Kelambakkam, Thiruporur, Chengalpattu",Chengalpattu,Tamil Nadu,2021-08-25,Ramesh Srinivasan,4,e4ea4e99aa8ec2dc73f9d0789e606d184cf8d5fc90759bf398b8e8388274b5cc,Verified,1,1,1,0,0,0,0,0,0,0,0,0,0,Low Risk,Synthetic development/demo dataset
RS-PROP-0327,USR-1016,Ganesh Thyagarajan,USR-1016,USR-1053,SUR-884/5C,1200.0,"Othakadai, Melur, Madurai",Madurai,Tamil Nadu,2022-01-05,Nandhini Reddy,1,d2c0d45d4ac41ef19eb0dec3eebc068980bcc36f9be617c3ea9e42bff31dbbeb,Verified,1,1,1,0,0,0,0,0,0,0,0,0,0,Low Risk,Synthetic development/demo dataset
RS-PROP-0328,USR-1018,Dinesh Reddy,USR-1018,USR-1055,SUR-777/4B,2400.0,"Saravanampatti, Pollachi, Coimbatore",Coimbatore,Tamil Nadu,2020-10-03,Deepa Pillai,3,2b356347a722e08ae2e69c17823620d6c27439643ae011f1f4932d6eb2d87216,Verified,1,1,1,0,0,1,1,0,0,0,0,1,25,Low Risk,Synthetic development/demo dataset
RS-PROP-0329,USR-1020,Priya Rao,USR-1020,USR-1057,SUR-686/21,1500.0,"Gandhipuram, Sulur, Coimbatore",Coimbatore,Tamil Nadu,2023-04-11,Uma Balasubramanian,2,0ca23d792c1ad9bd98fedfebb4beecf57e183f65567522261d6d3c97095ada49,Verified,1,1,1,0,0,0,0,0,0,0,0,0,0,Low Risk,Synthetic development/demo dataset
RS-PROP-0330,USR-1022,Deepa Ganesan,USR-1022,USR-1059,SUR-148/52,4800.0,"Padur, Thiruporur, Chengalpattu",Chengalpattu,Tamil Nadu,2022-12-03,Ananya Srinivasan,3,2789c4f7dc89b2897448439561200809ffcde35bfee3f1117beedc98cb99a600,Verified,1,1,0,1,0,0,1,0,0,1,0,1,45,Review Required,Synthetic development/demo dataset
RS-PROP-0331,USR-1024,Kavitha Vaidyanathan,USR-1024,USR-1002,SUR-524/7C,9600.0,"Kattur, Lalgudi, Tiruchirappalli",Tiruchirappalli,Tamil Nadu,2023-09-06,Priya Balasubramanian,4,0c0f17718a9609ba2a7b200ac958bc5f2d400c72939ba264faa0837be9d60200,Verified,1,1,0,0,0,0,1,0,0,1,0,1,25,Low Risk,Synthetic development/demo dataset
RS-PROP-0332,USR-1026,Suresh Balasubramanian,USR-1026,USR-1004,SUR-251/4B,3000.0,"Siruseri, Thiruporur, Chengalpattu",Chengalpattu,Tamil Nadu,2021-06-28,Deepa Iyer,3,87493162dc18ce475db3da916ee02f79c7b812038a24a3e916368515252023c2,Verified,1,1,1,0,0,0,0,0,0,0,0,0,0,Low Risk,Synthetic development/demo dataset
RS-PROP-0333,USR-1028,Swetha Gopal,USR-1028,USR-1006,SUR-296/1B,3000.0,"Kelambakkam, Vandalur, Chengalpattu",Chengalpattu,Tamil Nadu,2021-09-14,Poornima Ramesh,2,9d93f37605ff667bf1419c885c73ca415b47849ca7c1c56bdd66ac959295796d,Verified,0,1,1,0,0,0,0,1,0,0,0,1,25,Review Required,Synthetic development/demo dataset
RS-PROP-0334,USR-1030,Uma Kumar,USR-1030,USR-1007,SUR-716/5A,4800.0,"Pallavaram, Tambaram, Chennai",Chennai,Tamil Nadu,2023-11-03,Harini Subramanian,1,adc6949bbb43e0670ef437d12063c899f300024b2b95af0d227adc085c62a11f,Verified,1,1,1,0,0,0,0,0,0,0,0,0,0,Low Risk,Synthetic development/demo dataset
RS-PROP-0335,USR-1032,Ganesh Thyagarajan,USR-1032,USR-1009,SUR-225/6C,4800.0,"Adambakkam, Alandur, Chennai",Chennai,Tamil Nadu,2023-04-14,Divya Subramanian,4,9e7bd0fa75bc17a26558c9ebc4de4b980cbdc9d5d016c870306df1d4cfe2504c,Verified,1,1,1,1,0,1,0,0,0,0,0,1,35,Review Required,Synthetic development/demo dataset
RS-PROP-0336,USR-1034,Swetha Murugan,USR-1034,USR-1011,SUR-832/6C,1200.0,"Siruseri, Thiruporur, Chengalpattu",Chengalpattu,Tamil Nadu,2022-01-27,Suresh Chandran,4,4e9c259be22e9de476e6a86438fa4077a35bbc9146195cc1105906f87c4c8aaf,Verified,1,1,1,0,0,0,1,0,0,0,0,0,10,Low Risk,Synthetic development/demo dataset
RS-PROP-0337,USR-1036,Aravind Kumar,USR-1036,USR-1013,SUR-192/4C,2400.0,"Gandhipuram, Pollachi, Coimbatore",Coimbatore,Tamil Nadu,2021-11-11,Madhavan Ramesh,1,2f0a96f7ef30e5da6ca0d41a8670288b1f72c9ccc644fbeaebfdf07470b5a581,Verified,1,1,1,0,0,0,0,0,0,0,0,0,0,Low Risk,Synthetic development/demo dataset
RS-PROP-0338,USR-1038,Bhavani Vaidyanathan,USR-1038,USR-1015,SUR-367/9A,3600.0,"Thoraipakkam, Alandur, Chennai",Chennai,Tamil Nadu,2022-12-27,Rajesh Swaminathan,1,bb7ef5706374f89b6c9796fd487dbd8daa3ce316aa0a9ad36e9b787652b53cb4,Verified,1,1,1,0,0,0,0,0,0,0,0,0,0,Low Risk,Synthetic development/demo dataset
RS-PROP-0339,USR-1040,Meenakshi Kumar,USR-1040,USR-1017,SUR-421/2A,1800.0,"Gandhipuram, Coimbatore North, Coimbatore",Coimbatore,Tamil Nadu,2022-12-25,Meenakshi Vaidyanathan,4,acb360c0b3372ed64067aae4c391fad8bac9e3406f9e2ad4ce4fdfeb7761a926,Verified,1,1,1,0,0,0,0,0,0,0,0,0,0,Low Risk,Synthetic development/demo dataset
RS-PROP-0340,USR-1042,Rajesh Pillai,USR-1042,USR-1019,SUR-476/31,4800.0,"Siruseri, Vandalur, Chengalpattu",Chengalpattu,Tamil Nadu,2019-01-01,Sundar Sundaram,2,ac73cbb60dea150188a0ebe9fa788794a698a23b5c2b0f00b48f4fee8424e682,Verified,1,1,0,0,0,1,0,0,0,1,0,1,30,Review Required,Synthetic development/demo dataset
RS-PROP-0341,USR-1044,Poornima Swaminathan,USR-1044,USR-1021,SUR-329/4B,3000.0,"Kallakudi, Thiruverumbur, Tiruchirappalli",Tiruchirappalli,Tamil Nadu,2023-08-13,Meenakshi Vaidyanathan,2,e97249bd3c9310d206bbf7e7dc7b931db1fc210a7480098d8d106e742ed30f92,Verified,1,1,1,0,0,0,0,0,0,0,0,0,0,Low Risk,Synthetic development/demo dataset
RS-PROP-0342,USR-1046,Balaji Vaidyanathan,USR-1046,USR-1023,SUR-368/42,5400.0,"Padur, Vandalur, Chengalpattu",Chengalpattu,Tamil Nadu,2020-10-22,Gayathri Sundaram,4,de47d508e90e8077888f325cc7777a1c91299e2cf9884b4abae7b4281e69a069,Verified,1,1,1,0,0,0,1,0,0,0,0,0,10,Low Risk,Synthetic development/demo dataset
RS-PROP-0343,USR-1048,Ganesh Sundaram,USR-1048,USR-1025,SUR-153/6B,5400.0,"Madipakkam, Mylapore, Chennai",Chennai,Tamil Nadu,2022-11-26,Karthik Kumar,4,5c37c298a5b62d260123d6d32aa9c9f6c2347f8379950629554a5193c5256ad7,Verified,0,0,1,0,0,0,0,1,1,0,0,1,50,Review Required,Synthetic development/demo dataset
RS-PROP-0344,USR-1050,Lakshmi Balasubramanian,USR-1050,USR-1027,SUR-235/2C,9600.0,"Kovaipudur, Pollachi, Coimbatore",Coimbatore,Tamil Nadu,2019-05-04,Rajesh Ramesh,4,29bc4e09699553d6a916a268d93f44749ff3f15f2350d4eac214c878852e80b9,Verified,1,1,1,0,0,0,0,0,0,0,0,0,0,Low Risk,Synthetic development/demo dataset
RS-PROP-0345,USR-1052,Manoj Murugan,USR-1052,USR-1029,SUR-546/3C,5400.0,"Othakadai, Thirumangalam, Madurai",Madurai,Tamil Nadu,2022-11-21,Siddharth Ramesh,2,378ceae8d542710df7eb57767eef5cda76e19624df95642f19e31e6e2ac8728b,Verified,1,1,0,0,0,1,0,0,0,1,0,1,30,Review Required,Synthetic development/demo dataset
RS-PROP-0346,USR-1054,Uma Swaminathan,USR-1054,USR-1031,SUR-226/6A,2400.0,"Peelamedu, Coimbatore South, Coimbatore",Coimbatore,Tamil Nadu,2019-03-24,Revathi Srinivasan,2,a1e3143d049f82ae221d43e93e4b97628899507689a0c0d23cc2412ef7f70dff,Verified,1,1,1,0,0,0,0,0,0,0,0,0,0,Low Risk,Synthetic development/demo dataset
RS-PROP-0347,USR-1056,Balaji Vaidyanathan,USR-1056,USR-1033,SUR-793/2C,1200.0,"Keelkattalai, Alandur, Chennai",Chennai,Tamil Nadu,2023-11-04,Harini Reddy,1,0dc32a3a4a7affc061ba0769cdf4218129744c56140f54079a7fd2ca4d776c36,Verified,1,1,1,0,0,0,0,0,0,0,0,0,0,Low Risk,Synthetic development/demo dataset
RS-PROP-0348,USR-1058,Vignesh Swaminathan,USR-1058,USR-1035,SUR-437/12,5400.0,"Kallakudi, Lalgudi, Tiruchirappalli",Tiruchirappalli,Tamil Nadu,2023-12-26,Meenakshi Iyer,3,585f272768475a29813a15f9e357a1ca8a62821f45c616d2fcab4e1682523544,Verified,0,1,1,0,0,0,0,1,0,0,0,1,25,Review Required,Synthetic development/demo dataset
RS-PROP-0349,USR-1001,Swetha Gopal,USR-1001,USR-1037,SUR-266/71,3000.0,"Velachery East, Tambaram, Chennai",Chennai,Tamil Nadu,2024-11-05,Ramesh Pillai,4,3c1602b34c2b57c9667e244d62bbca537256b5bb14473007ffc7807db5dc7531,Verified,1,1,1,0,0,0,0,0,0,0,0,0,0,Low Risk,Synthetic development/demo dataset
RS-PROP-0350,USR-1003,Dinesh Natarajan,USR-1003,USR-1039,SUR-556/71,3000.0,"Thandalam, Kanchipuram, Kanchipuram",Kanchipuram,Tamil Nadu,2022-07-03,Poornima Reddy,2,07f5aedfa9465086f0a254b46110a9f4dcb70898ca9c56ad73936e18463e21e2,Verified,1,1,1,0,0,0,0,0,0,0,0,0,0,Low Risk,Synthetic development/demo dataset
RS-PROP-0351,USR-1005,Bhavani Swaminathan,USR-1005,USR-1041,SUR-607/92,1500.0,"Kattur, Srirangam, Tiruchirappalli",Tiruchirappalli,Tamil Nadu,2021-07-03,Vignesh Pillai,2,951350e4c4d19e6d2b176eba478d8c7ac24455b0a1557bcb0553a1a03f9f0bab,Verified,1,1,1,0,0,0,0,0,0,0,0,0,0,Low Risk,Synthetic development/demo dataset
RS-PROP-0352,USR-1008,Manoj Srinivasan,USR-1008,USR-1043,SUR-146/9A,9600.0,"Madipakkam, Mylapore, Chennai",Chennai,Tamil Nadu,2021-02-15,Ganesh Reddy,1,a2b8232745c3c22d9b1fd04b4a4003af4e4f05ae9ab5055d1fc841e0635ccfd1,Verified,1,1,1,0,0,0,0,0,0,0,0,0,0,Low Risk,Synthetic development/demo dataset
RS-PROP-0353,USR-1010,Gayathri Krishnan,USR-1010,USR-1045,SUR-185/7C,3600.0,"Guduvancheri, Maduranthakam, Chengalpattu",Chengalpattu,Tamil Nadu,2023-08-25,Siddharth Murugan,2,0d640d6463cb80f5de715a56980c1dd0a9ad059d5603456f6e19f2697b8a3c6a,Verified,1,0,1,0,0,0,0,0,1,0,0,1,25,Review Required,Synthetic development/demo dataset
RS-PROP-0354,USR-1012,Arun Gopal,USR-1012,USR-1047,SUR-771/81,4800.0,"Velachery East, Tambaram, Chennai",Chennai,Tamil Nadu,2023-10-24,Uma Pillai,3,3e17b3ef8af3f4bb4490e48cee0030ec0645691a297ec8e2c17478ef8c22db96,Verified,1,1,1,0,0,0,0,0,0,0,0,0,0,Low Risk,Synthetic development/demo dataset
RS-PROP-0355,USR-1014,Meenakshi Kumar,USR-1014,USR-1049,SUR-812/4A,2400.0,"Guduvancheri, Vandalur, Chengalpattu",Chengalpattu,Tamil Nadu,2023-03-21,Swetha Vaidyanathan,2,a686eaf6e898824c3677d6dcb1907d1c23839092f2cfd720a5c66894a32160f1,Verified,1,1,0,0,0,1,1,0,0,1,0,1,40,Review Required,Synthetic development/demo dataset
RS-PROP-0356,USR-1016,Siddharth Srinivasan,USR-1016,USR-1051,SUR-683/7A,3600.0,"Padur, Chengalpattu, Chengalpattu",Chengalpattu,Tamil Nadu,2018-11-28,Poornima Vaidyanathan,3,ae704906177e38192e26aa7c7c53ceaaaa015476869dc46d3f0841103a91b6b1,Verified,0,0,1,0,0,0,0,1,1,0,0,1,50,Review Required,Synthetic development/demo dataset
RS-PROP-0357,USR-1018,Priya Vaidyanathan,USR-1018,USR-1053,SUR-374/71,1500.0,"Koodal Nagar, Thirumangalam, Madurai",Madurai,Tamil Nadu,2022-11-12,Siddharth Vaidyanathan,6,cd46392eb3b8b99b1f471eb1b19ec6bcd569d4dd9349be3c0b37380b1c563457,Verified,1,1,1,0,1,0,0,0,0,0,0,1,20,Review Required,Synthetic development/demo dataset
RS-PROP-0358,USR-1020,Gayathri Subramanian,USR-1020,USR-1055,SUR-953/61,1800.0,"Thandalam, Kundrathur, Kanchipuram",Kanchipuram,Tamil Nadu,2019-05-23,Venkatesh Thyagarajan,2,5ebb5d616410fcf4bbc0757204df78ccd56d291ba71440edc15be292674a681e,Verified,1,1,0,0,0,1,1,0,0,1,0,1,40,Review Required,Synthetic development/demo dataset
RS-PROP-0359,USR-1022,Priya Reddy,USR-1022,USR-1057,SUR-278/9A,1500.0,"Oragadam, Walajabad, Kanchipuram",Kanchipuram,Tamil Nadu,2021-02-20,Sundar Natarajan,2,8fccb9717095dc6a546e4ff94c854bf9677367d80c204133cbf7d0d83326d2ff,Verified,1,1,1,0,0,0,0,0,0,0,0,0,0,Low Risk,Synthetic development/demo dataset
RS-PROP-0360,USR-1024,Revathi Subramanian,USR-1024,USR-1059,SUR-548/8A,1500.0,"Kallakudi, Tiruchirappalli West, Tiruchirappalli",Tiruchirappalli,Tamil Nadu,2022-02-27,Karthik Balasubramanian,2,cae61e84e249a8aff0016dc086f4a0e6a27bc1e6627addc43d8ff2932329e90b,Verified,1,1,1,0,0,0,0,0,0,0,0,0,0,Low Risk,Synthetic development/demo dataset
RS-PROP-0361,USR-1026,Manoj Swaminathan,USR-1026,USR-1002,SUR-257/6C,1800.0,"Koodal Nagar, Melur, Madurai",Madurai,Tamil Nadu,2024-04-15,Madhavan Kumar,4,02585ad4941b35222ae39d0d4b1cfb4f95db86e18177bc179f7468849d37fb94,Verified,1,1,0,0,0,1,0,0,0,1,0,1,30,Review Required,Synthetic development/demo dataset
RS-PROP-0362,USR-1028,Sundar Subramanian,USR-1028,USR-1004,SUR-569/9C,1200.0,"Kovaipudur, Sulur, Coimbatore",Coimbatore,Tamil Nadu,2019-01-23,Deepa Sundaram,3,286cea9e6f72611ab95f14902cca82b2032fcb105adc3d8563f041b245f17665,Verified,1,1,1,0,0,0,0,0,0,0,0,0,0,Low Risk,Synthetic development/demo dataset
RS-PROP-0363,USR-1030,Karthik Subramanian,USR-1030,USR-1006,SUR-529/72,3000.0,"Othakadai, Madurai North, Madurai",Madurai,Tamil Nadu,2023-06-12,Arun Murugan,2,1318f18f08b3917c3a2c9e06dcce83951d6f1d5cb3805185a70ba06b2025ffcf,Verified,1,1,1,0,0,0,0,0,0,0,0,0,0,Low Risk,Synthetic development/demo dataset
RS-PROP-0364,USR-1032,Siddharth Reddy,USR-1032,USR-1007,SUR-408/2A,9600.0,"Kattur, Thiruverumbur, Tiruchirappalli",Tiruchirappalli,Tamil Nadu,2021-12-24,Meenakshi Balasubramanian,5,9c2ef20bd4974572f2fb5a301ef8aa77c922adcc81329fd2b843e9441ed05b5e,Verified,1,1,1,1,0,1,0,0,0,0,0,1,35,Review Required,Synthetic development/demo dataset
RS-PROP-0365,USR-1034,Ramesh Ramesh,USR-1034,USR-1009,SUR-462/2A,1500.0,"Sunguvarchatram, Walajabad, Kanchipuram",Kanchipuram,Tamil Nadu,2020-10-24,Arun Swaminathan,2,643a2dccd9de3fa3b194d0c5eb833edf70f5a3ea267c95708b0266df2aafb496,Verified,1,1,1,0,0,0,0,0,0,0,0,0,0,Low Risk,Synthetic development/demo dataset
RS-PROP-0366,USR-1036,Kavitha Pillai,USR-1036,USR-1011,SUR-632/4A,3600.0,"Ponmalai, Srirangam, Tiruchirappalli",Tiruchirappalli,Tamil Nadu,2022-04-27,Nandhini Swaminathan,2,94ff18b9f4b2c558e749679992757a3a1e8d1ddd7844fa9709a07cd767751e77,Verified,1,1,1,0,0,0,0,0,0,0,0,0,0,Low Risk,Synthetic development/demo dataset
RS-PROP-0367,USR-1038,Poornima Subramanian,USR-1038,USR-1013,SUR-179/62,4800.0,"Kovaipudur, Coimbatore North, Coimbatore",Coimbatore,Tamil Nadu,2022-09-25,Harini Murugan,4,f07fd6394d6f21eabb5497392184b40bce675cf526e17fa6a0a514d85e902e1b,Verified,1,1,1,0,0,0,0,0,0,0,0,0,0,Low Risk,Synthetic development/demo dataset
RS-PROP-0368,USR-1040,Madhavan Krishnan,USR-1040,USR-1015,SUR-828/8B,9600.0,"Siruseri, Chengalpattu, Chengalpattu",Chengalpattu,Tamil Nadu,2018-12-07,Gayathri Thyagarajan,2,95eb12c99650f03cb5bfbd974bf482e7ee5136fbe7421859e154635654ea720f,Verified,1,1,1,0,0,0,0,0,0,0,0,0,0,Low Risk,Synthetic development/demo dataset
RS-PROP-0369,USR-1042,Madhavan Natarajan,USR-1042,USR-1017,SUR-396/12,1800.0,"Adambakkam, Guindy, Chennai",Chennai,Tamil Nadu,2020-05-12,Kavitha Pillai,1,e0ffd57c768129b0b6d51e32f85a43d1dc41b4c1bb9c6638a73d9b11166529a1,Verified,1,1,1,0,0,0,0,0,0,0,0,0,0,Low Risk,Synthetic development/demo dataset
RS-PROP-0370,USR-1044,Kavitha Pillai,USR-1044,USR-1019,SUR-102/22,3600.0,"Siruseri, Chengalpattu, Chengalpattu",Chengalpattu,Tamil Nadu,2024-01-14,Vignesh Srinivasan,4,d7c7e72f0b9ae3e5a558194d07c6261ae3ab74f6be5462bc7e8a8e5c0622279b,Verified,1,1,1,0,0,0,0,0,0,0,0,0,0,Low Risk,Synthetic development/demo dataset
RS-PROP-0371,USR-1046,Meenakshi Subramanian,USR-1046,USR-1021,SUR-783/8B,3600.0,"Thiruparankundram, Melur, Madurai",Madurai,Tamil Nadu,2024-10-22,Madhavan Gopal,4,8f8886899c4a715fa14736f6183d9ce16842a2b7c570ac077218a69c5feeedd8,Verified,0,1,1,0,0,0,0,1,0,0,0,1,25,Review Required,Synthetic development/demo dataset
RS-PROP-0372,USR-1048,Kavitha Ganesan,USR-1048,USR-1023,SUR-297/92,1200.0,"Kallakudi, Tiruchirappalli West, Tiruchirappalli",Tiruchirappalli,Tamil Nadu,2022-04-25,Vignesh Balasubramanian,1,9b846d2c512980734bea0ae8732fffe8118f762716244ddfd4d8bf154b989427,Verified,1,1,1,0,0,0,0,0,0,0,0,0,0,Low Risk,Synthetic development/demo dataset
RS-PROP-0373,USR-1050,Revathi Iyer,USR-1050,USR-1025,SUR-926/92,3600.0,"Guduvancheri, Maduranthakam, Chengalpattu",Chengalpattu,Tamil Nadu,2022-01-16,Priya Rao,2,2030e42ec9f92a5b613989491dc1ec27a1be560a103e75b4945e8d3ad1f81d55,Verified,1,1,1,0,0,0,0,0,0,0,0,0,0,Low Risk,Synthetic development/demo dataset
RS-PROP-0374,USR-1052,Venkatesh Natarajan,USR-1052,USR-1027,SUR-392/3B,3000.0,"Velachery East, Mylapore, Chennai",Chennai,Tamil Nadu,2019-05-14,Lakshmi Ramesh,3,14edda3922a459c54b5c9d2d25665c553515a4d1f2b301427cf3f178b500fb08,Verified,0,1,1,0,0,0,0,1,0,0,0,1,25,Review Required,Synthetic development/demo dataset
RS-PROP-0375,USR-1054,Ramesh Ramesh,USR-1054,USR-1029,SUR-700/41,9600.0,"Maraimalai Nagar, Chengalpattu, Chengalpattu",Chengalpattu,Tamil Nadu,2021-02-09,Suresh Rao,4,63cfa8e107574f27b124b1b26fb304a8ef6ce7e4ff22d8313267ccb3986bfb35,Verified,0,1,1,0,0,0,0,1,0,0,0,1,25,Review Required,Synthetic development/demo dataset
RS-PROP-0376,USR-1056,Ananya Chandran,USR-1056,USR-1031,SUR-681/71,1500.0,"Othakadai, Madurai South, Madurai",Madurai,Tamil Nadu,2022-04-26,Saravanan Reddy,2,15e44b0f06f1342b7dcea39e7ea5e44e12b8a2de03cd8c7962101665d6ef48a3,Verified,1,1,1,0,0,0,0,0,0,0,0,0,0,Low Risk,Synthetic development/demo dataset
RS-PROP-0377,USR-1058,Siddharth Ramesh,USR-1058,USR-1033,SUR-396/3A,1200.0,"Adambakkam, Velachery, Chennai",Chennai,Tamil Nadu,2020-10-09,Aravind Reddy,3,e0cbea5a884f7784c88b4956167681b88bf7cac6f6d240fd4caf2918f2cfb2ea,Verified,1,0,1,0,0,0,0,0,1,0,0,1,25,Review Required,Synthetic development/demo dataset
RS-PROP-0378,USR-1001,Poornima Iyer,USR-1001,USR-1035,SUR-750/51,3000.0,"Othakadai, Thirumangalam, Madurai",Madurai,Tamil Nadu,2023-06-11,Divya Swaminathan,3,e22e74df579115f4ed9a2c01c2c076ca62cfd23fe03574049ee2cb243e823433,Hash Mismatch,1,1,0,0,0,0,0,0,0,1,1,1,45,Review Required,Synthetic development/demo dataset
RS-PROP-0379,USR-1003,Uma Gopal,USR-1003,USR-1037,SUR-651/11,1500.0,"Koodal Nagar, Madurai North, Madurai",Madurai,Tamil Nadu,2024-07-27,Dinesh Gopal,1,2e8cc1cc2f20af4db61f137ba41c670e8a887aae10d7ff2f422b4a2ab39f1e47,Verified,1,1,1,0,0,0,1,0,0,0,0,0,10,Low Risk,Synthetic development/demo dataset
RS-PROP-0380,USR-1005,Dinesh Iyer,USR-1005,USR-1039,SUR-410/4B,5400.0,"Thoraipakkam, Mylapore, Chennai",Chennai,Tamil Nadu,2018-05-16,Divya Kumar,5,13255f735e75e0bbc4da6e58e4007fcac611134ce02924c2ba29b246d8847044,Verified,1,1,1,0,0,1,0,0,0,0,0,0,15,Low Risk,Synthetic development/demo dataset
RS-PROP-0381,USR-1008,Sundar Balasubramanian,USR-1008,USR-1041,SUR-968/12,3000.0,"Kattur, Lalgudi, Tiruchirappalli",Tiruchirappalli,Tamil Nadu,2022-08-01,Poornima Ramesh,4,32f9f0e9fc231707812a5340ca384f26794800f259389cf88172260ec5300a11,Verified,1,1,1,0,0,0,0,0,0,0,0,0,0,Low Risk,Synthetic development/demo dataset
RS-PROP-0382,USR-1010,Gayathri Thyagarajan,USR-1010,USR-1043,SUR-148/51,9600.0,"Oragadam, Sriperumbudur, Kanchipuram",Kanchipuram,Tamil Nadu,2020-01-13,Vijay Rao,1,3c98f89a0b361cbb6c712d6c9cbdee560854750b0ce1cb6bc7b27737fcb232f6,Verified,1,1,1,0,0,0,0,0,0,0,0,0,0,Low Risk,Synthetic development/demo dataset
RS-PROP-0383,USR-1012,Swetha Iyer,USR-1012,USR-1045,SUR-164/2A,5400.0,"Padur, Thiruporur, Chengalpattu",Chengalpattu,Tamil Nadu,2024-01-19,Bhavani Murugan,1,59023bd02a9c6a03db3fbf992d4e22a2423cac618ec8037e1b10cc2f02451326,Verified,1,1,1,0,0,0,0,0,0,0,0,0,0,Low Risk,Synthetic development/demo dataset
RS-PROP-0384,USR-1014,Swetha Sundaram,USR-1014,USR-1047,SUR-740/82,1500.0,"Koodal Nagar, Melur, Madurai",Madurai,Tamil Nadu,2018-01-13,Rajesh Sundaram,1,cd70c0a089dd226c44bbfd0fd6b246ab97a17b913bea068980438e174b5bf942,Verified,1,1,1,0,0,0,0,0,0,0,0,0,0,Low Risk,Synthetic development/demo dataset
RS-PROP-0385,USR-1016,Poornima Sundaram,USR-1016,USR-1049,SUR-672/1C,4800.0,"Madipakkam, Sholinganallur, Chennai",Chennai,Tamil Nadu,2018-10-25,Madhavan Chandran,1,ad392fabc00c9f6b1b781bff3b0b1891304cb2a7695e83935d3da04a71be858d,Verified,1,1,1,0,0,0,0,0,0,0,0,0,0,Low Risk,Synthetic development/demo dataset
RS-PROP-0386,USR-1018,Ananya Rao,USR-1018,USR-1051,SUR-629/62,2400.0,"Ponmalai, Tiruchirappalli West, Tiruchirappalli",Tiruchirappalli,Tamil Nadu,2018-01-20,Deepa Srinivasan,2,ba6fed3d9429d3ecbe79a7ba8d63127fd14467cd1c315ef33677b59008945d4d,Verified,1,1,1,0,0,0,0,0,0,0,0,0,0,Low Risk,Synthetic development/demo dataset
RS-PROP-0387,USR-1020,Siddharth Krishnan,USR-1020,USR-1053,SUR-161/3C,4800.0,"Guduvancheri, Chengalpattu, Chengalpattu",Chengalpattu,Tamil Nadu,2023-06-10,Saravanan Subramanian,3,bb240181dfe10a290ad189f904e930c200dbbec59284f92dfcaa3b17c2050ec1,Verified,1,1,1,0,0,0,0,0,0,0,0,0,0,Low Risk,Synthetic development/demo dataset
RS-PROP-0388,USR-1022,Saravanan Ramesh,USR-1022,USR-1055,SUR-452/4B,2400.0,"Siruseri, Vandalur, Chengalpattu",Chengalpattu,Tamil Nadu,2020-04-22,Vignesh Swaminathan,3,3ecb54b0b49a2fcefdef8807f7eb63b2001654bd23099f4f95892d332e594961,Verified,1,1,1,0,0,0,0,0,0,0,0,0,0,Low Risk,Synthetic development/demo dataset
RS-PROP-0389,USR-1024,Bhavani Krishnan,USR-1024,USR-1057,SUR-607/4A,2400.0,"Madipakkam, Velachery, Chennai",Chennai,Tamil Nadu,2019-08-20,Divya Chandran,3,a32044ea24bdeea174a6c0589242af8b05c6b366f9586dae99127748b986b145,Verified,1,1,1,0,0,0,0,0,0,0,0,0,0,Low Risk,Synthetic development/demo dataset
RS-PROP-0390,USR-1026,Arun Reddy,USR-1026,USR-1059,SUR-130/9A,1800.0,"Pallavaram, Tambaram, Chennai",Chennai,Tamil Nadu,2021-04-21,Nandhini Ramesh,2,2e33c9261b6284123f9b4de847c649b229a91102267901653ff69eb3ae9c5a20,Verified,1,1,0,0,0,0,0,0,0,1,0,0,15,Low Risk,Synthetic development/demo dataset
RS-PROP-0391,USR-1028,Balaji Murugan,USR-1028,USR-1002,SUR-240/7A,3600.0,"Thoraipakkam, Tambaram, Chennai",Chennai,Tamil Nadu,2020-08-08,Nandhini Reddy,4,214e77bf6a5066965baef2001b3c64f33bbe7a074071139fc804696dfc00a58d,Verified,1,1,1,0,0,0,0,0,0,0,0,0,0,Low Risk,Synthetic development/demo dataset
RS-PROP-0392,USR-1030,Meenakshi Iyer,USR-1030,USR-1004,SUR-425/7B,1200.0,"Padur, Maduranthakam, Chengalpattu",Chengalpattu,Tamil Nadu,2022-04-28,Manoj Subramanian,3,e7c96a9a02f11563ad90fdada082275f4a1112cdd6c09256ed5883dc425ac84c,Verified,1,1,1,0,0,1,0,0,0,0,0,0,15,Low Risk,Synthetic development/demo dataset
RS-PROP-0393,USR-1032,Lakshmi Balasubramanian,USR-1032,USR-1006,SUR-631/8B,3600.0,"Kovaipudur, Pollachi, Coimbatore",Coimbatore,Tamil Nadu,2020-09-23,Vignesh Thyagarajan,3,7617d23a03da591700ac6a44c7bd75ccc39b2c991882a237eaea96f09471722e,Verified,1,1,1,0,0,0,0,0,0,0,0,0,0,Low Risk,Synthetic development/demo dataset
RS-PROP-0394,USR-1034,Vijay Swaminathan,USR-1034,USR-1007,SUR-413/71,1800.0,"Kelambakkam, Maduranthakam, Chengalpattu",Chengalpattu,Tamil Nadu,2020-09-03,Meenakshi Sundaram,4,f38cceb216087fc2a147acc139932d7211899368df5ec6f38f6c6402f97ef0d5,Verified,1,1,1,0,0,0,0,0,0,0,0,0,0,Low Risk,Synthetic development/demo dataset
RS-PROP-0395,USR-1036,Bhavani Vaidyanathan,USR-1036,USR-1009,SUR-518/61,3600.0,"Kovaipudur, Sulur, Coimbatore",Coimbatore,Tamil Nadu,2021-01-06,Siddharth Chandran,1,9e1a2d05cf925ec02c59801c9f19e3f40a6229be8b0fcbc3f23daf3982f7f9bb,Verified,1,1,1,0,0,0,0,0,0,0,0,0,0,Low Risk,Synthetic development/demo dataset
RS-PROP-0396,USR-1038,Venkatesh Murugan,USR-1038,USR-1011,SUR-173/6A,9600.0,"Guduvancheri, Vandalur, Chengalpattu",Chengalpattu,Tamil Nadu,2020-04-22,Bhavani Murugan,3,ee0d254d31e6dfb5bdd286477198f2587c7d5ee02aefc186272d327ee9c8c6c8,Verified,1,1,0,0,0,0,0,0,0,1,0,0,15,Low Risk,Synthetic development/demo dataset
RS-PROP-0397,USR-1040,Manoj Reddy,USR-1040,USR-1013,SUR-875/11,9600.0,"Singanallur, Sulur, Coimbatore",Coimbatore,Tamil Nadu,2024-07-08,Sundar Iyer,2,cbb2e901209bd4bb5bb5ee91519a9c24914ce5d240d52647befbdb7c2fbea931,Verified,1,1,1,0,0,0,0,0,0,0,0,0,0,Low Risk,Synthetic development/demo dataset
RS-PROP-0398,USR-1042,Venkatesh Rao,USR-1042,USR-1015,SUR-314/81,9600.0,"Siruseri, Maduranthakam, Chengalpattu",Chengalpattu,Tamil Nadu,2020-03-19,Meenakshi Pillai,4,0f906423003904d1949dd72ddf2731719ab45673b89cae9da024b2b15c9b6278,Verified,1,1,1,0,0,0,0,0,0,0,0,0,0,Low Risk,Synthetic development/demo dataset
RS-PROP-0399,USR-1044,Poornima Gopal,USR-1044,USR-1017,SUR-701/12,1200.0,"Srirangam Central, Lalgudi, Tiruchirappalli",Tiruchirappalli,Tamil Nadu,2019-06-19,Harini Gopal,4,2a5e170cb29f7e2a4085ea5bf4ff7cb17dcebec25ad4ac9307dc0f0822cabe33,Verified,0,0,1,0,0,0,0,1,1,0,0,1,50,Review Required,Synthetic development/demo dataset
RS-PROP-0400,USR-1046,Venkatesh Krishnan,USR-1046,USR-1019,SUR-281/12,5400.0,"Adambakkam, Sholinganallur, Chennai",Chennai,Tamil Nadu,2019-04-03,Aravind Pillai,2,b847e2b7c17d645e606af716ebe67c6b199a0ff42977e3a93d20af3665ced390,Verified,1,0,1,1,0,0,0,0,1,0,0,1,45,Review Required,Synthetic development/demo dataset
RS-PROP-0401,USR-1048,Ramesh Subramanian,USR-1048,USR-1021,SUR-860/21,2400.0,"Thiruparankundram, Melur, Madurai",Madurai,Tamil Nadu,2024-04-10,Poornima Thyagarajan,3,cbb711eef0c313519065de0343312fcd2969b0bc6ccc4a021421016507762732,Verified,1,1,1,0,0,0,0,0,0,0,0,0,0,Low Risk,Synthetic development/demo dataset
RS-PROP-0402,USR-1050,Vijay Kumar,USR-1050,USR-1023,SUR-944/72,2400.0,"Guduvancheri, Maduranthakam, Chengalpattu",Chengalpattu,Tamil Nadu,2020-10-16,Gayathri Swaminathan,1,e28dbb3a2f65ee4e08251ffcdf36240b8de56db947bbc858ed2aee0e8f419074,Verified,1,1,1,0,0,0,0,0,0,0,0,0,0,Low Risk,Synthetic development/demo dataset
RS-PROP-0403,USR-1052,Gayathri Reddy,USR-1052,USR-1025,SUR-727/31,2400.0,"Ponmalai, Lalgudi, Tiruchirappalli",Tiruchirappalli,Tamil Nadu,2022-12-14,Gayathri Gopal,1,1b165047c8c63e6375e8f521cd80fb6d4e6e96b489a11477dcf4ccd0284e907c,Verified,1,1,1,0,0,0,0,0,0,0,0,0,0,Low Risk,Synthetic development/demo dataset
RS-PROP-0404,USR-1054,Lakshmi Murugan,USR-1054,USR-1027,SUR-814/41,4800.0,"Kallakudi, Lalgudi, Tiruchirappalli",Tiruchirappalli,Tamil Nadu,2018-06-03,Ananya Balasubramanian,4,87449771231dcfc11eb604a6f73cf05e71668635f60d48455649602cb1134a81,Verified,1,1,1,0,0,0,0,0,0,0,0,0,0,Low Risk,Synthetic development/demo dataset
RS-PROP-0405,USR-1056,Gayathri Kumar,USR-1056,USR-1029,SUR-791/81,3600.0,"Thoraipakkam, Sholinganallur, Chennai",Chennai,Tamil Nadu,2021-04-13,Karthik Kumar,1,e4dc1d66ebae20a4517e95d3fbe43920a5136c538307ef84a294c96fdec05f61,Verified,1,1,1,0,0,0,0,0,0,0,0,0,0,Low Risk,Synthetic development/demo dataset
RS-PROP-0406,USR-1058,Gayathri Thyagarajan,USR-1058,USR-1031,SUR-661/41,1800.0,"Saravanampatti, Coimbatore South, Coimbatore",Coimbatore,Tamil Nadu,2024-05-27,Lakshmi Krishnan,1,1397c67853c9b7ae1d43ade6e09d446bbb14cd1f924c1081f1a97075ac30d2b0,Verified,1,0,1,1,0,0,0,0,1,0,0,1,45,Review Required,Synthetic development/demo dataset
RS-PROP-0407,USR-1001,Siddharth Reddy,USR-1001,USR-1033,SUR-791/9B,5400.0,"Guduvancheri, Chengalpattu, Chengalpattu",Chengalpattu,Tamil Nadu,2018-11-26,Ananya Gopal,4,4c40726ebaae3a2ff52f46be333ed87e6c7f70ccf18d55fa6159711c0f91f071,Verified,0,1,1,0,0,1,0,1,0,0,0,1,40,Review Required,Synthetic development/demo dataset
RS-PROP-0408,USR-1003,Priya Kumar,USR-1003,USR-1035,SUR-325/2B,1800.0,"Irungattukottai, Kanchipuram, Kanchipuram",Kanchipuram,Tamil Nadu,2021-09-04,Rajesh Rao,2,03f15966991b73485b5c7184b59fd14fff06d02ca2d8f09c396a1a6514cbb30b,Verified,1,1,1,0,0,0,0,0,0,0,0,0,0,Low Risk,Synthetic development/demo dataset
RS-PROP-0409,USR-1005,Ramesh Chandran,USR-1005,USR-1037,SUR-431/3A,4800.0,"Padur, Vandalur, Chengalpattu",Chengalpattu,Tamil Nadu,2020-01-13,Divya Swaminathan,1,1b92658c94b77f157bc1389889721fb48a6db302edb853f41c082c897404c606,Verified,1,1,1,0,0,0,0,0,0,0,0,0,0,Low Risk,Synthetic development/demo dataset
RS-PROP-0410,USR-1008,Karthik Sundaram,USR-1008,USR-1039,SUR-885/8A,9600.0,"Padur, Maduranthakam, Chengalpattu",Chengalpattu,Tamil Nadu,2019-05-04,Rajesh Gopal,3,cd9e25db2ce591938492375cbe43776839d691412a6ad7e19687ee6a13bcb889,Verified,1,1,1,1,0,0,1,0,0,0,0,1,30,Review Required,Synthetic development/demo dataset
RS-PROP-0411,USR-1010,Siddharth Gopal,USR-1010,USR-1041,SUR-338/12,1500.0,"Koodal Nagar, Madurai South, Madurai",Madurai,Tamil Nadu,2019-12-14,Swetha Sundaram,2,64e843617a06056446a7ebedad54b004d4d8b59c81e680d8788fcb423e083d99,Verified,1,1,1,0,0,0,0,0,0,0,0,0,0,Low Risk,Synthetic development/demo dataset
RS-PROP-0412,USR-1012,Divya Ramesh,USR-1012,USR-1043,SUR-237/5C,1200.0,"Padur, Maduranthakam, Chengalpattu",Chengalpattu,Tamil Nadu,2024-07-21,Manoj Kumar,3,cb24baf2e406bf0175fee4b3701843f9262b94be138ad34c054df62b815a8ccc,Verified,1,1,1,0,1,0,0,0,0,0,0,1,20,Review Required,Synthetic development/demo dataset
RS-PROP-0413,USR-1014,Rajesh Krishnan,USR-1014,USR-1045,SUR-990/8A,2400.0,"Saravanampatti, Coimbatore South, Coimbatore",Coimbatore,Tamil Nadu,2023-03-07,Meenakshi Sundaram,2,cba8c32f3f464513ea25dcde16cecf282a470d0c9f78c8cce1fb92d185f7ecdb,Verified,1,0,1,0,0,0,0,0,1,0,0,1,25,Review Required,Synthetic development/demo dataset
RS-PROP-0414,USR-1016,Swetha Pillai,USR-1016,USR-1047,SUR-378/8A,3600.0,"Oragadam, Kundrathur, Kanchipuram",Kanchipuram,Tamil Nadu,2021-03-16,Siddharth Vaidyanathan,4,08af09c07d8cf8d295112a6f6da2aa04f1f6d7c288f91d2df8571d7d794d2bf1,Verified,1,1,1,0,0,0,0,0,0,0,0,0,0,Low Risk,Synthetic development/demo dataset
RS-PROP-0415,USR-1018,Poornima Sundaram,USR-1018,USR-1049,SUR-844/3C,4800.0,"Sunguvarchatram, Kanchipuram, Kanchipuram",Kanchipuram,Tamil Nadu,2020-08-10,Aravind Ganesan,4,31aea65ac2bb3edfababd80da76b9d029958473a55b0d06e0436570b703a106d,Verified,1,1,0,0,0,0,0,0,0,1,0,0,15,Low Risk,Synthetic development/demo dataset
RS-PROP-0416,USR-1020,Nandhini Thyagarajan,USR-1020,USR-1051,SUR-860/61,5400.0,"Kovaipudur, Sulur, Coimbatore",Coimbatore,Tamil Nadu,2023-10-03,Madhavan Ramesh,4,7998d95c67b820b8f58359ed7318dd63b2b07ab0781a04db6a27e9e4321215ff,Verified,1,1,1,0,0,0,0,0,0,0,0,0,0,Low Risk,Synthetic development/demo dataset
RS-PROP-0417,USR-1022,Ganesh Reddy,USR-1022,USR-1053,SUR-813/11,4800.0,"Othakadai, Melur, Madurai",Madurai,Tamil Nadu,2019-04-16,Karthik Reddy,2,81eefe59ca7bff3973393a9b8ac86716e8c1079fddc1dd861e7f939d0752bdc3,Verified,1,1,0,0,0,0,1,0,0,1,0,1,25,Low Risk,Synthetic development/demo dataset
RS-PROP-0418,USR-1024,Ramesh Sundaram,USR-1024,USR-1055,SUR-823/22,2400.0,"Ponmalai, Thiruverumbur, Tiruchirappalli",Tiruchirappalli,Tamil Nadu,2019-07-09,Kavitha Balasubramanian,4,b66244a536b70446023befc69a23b50c6d1ebe0af8e7ee55c1c93b6338d84336,Verified,1,1,1,0,0,0,0,0,0,0,0,0,0,Low Risk,Synthetic development/demo dataset
RS-PROP-0419,USR-1026,Dinesh Subramanian,USR-1026,USR-1057,SUR-815/5A,1800.0,"Thandalam, Kanchipuram, Kanchipuram",Kanchipuram,Tamil Nadu,2018-02-03,Madhavan Balasubramanian,3,091b170b0a0e6c82b9519dacdfcb9008b9510ece6f54f9eaf2e94ac58af0f096,Verified,1,1,1,0,0,0,0,0,0,0,0,0,0,Low Risk,Synthetic development/demo dataset
RS-PROP-0420,USR-1028,Meenakshi Iyer,USR-1028,USR-1059,SUR-212/82,2400.0,"Singanallur, Coimbatore North, Coimbatore",Coimbatore,Tamil Nadu,2019-01-24,Balaji Iyer,4,fd0f48028833fdebae7c7cd870392f6c9ada55001c85aa57f3df47ecb3a8f6aa,Verified,1,1,1,0,0,0,0,0,0,0,0,0,0,Low Risk,Synthetic development/demo dataset
RS-PROP-0421,USR-1030,Manoj Sundaram,USR-1030,USR-1002,SUR-165/6A,2400.0,"Gandhipuram, Coimbatore South, Coimbatore",Coimbatore,Tamil Nadu,2021-11-25,Ananya Kumar,3,bd8327beb3e7eb82e724105d296e3900db1819fa951cccbe71d0988063d7d435,Verified,1,1,1,0,0,0,0,0,0,0,0,0,0,Low Risk,Synthetic development/demo dataset
RS-PROP-0422,USR-1032,Karthik Natarajan,USR-1032,USR-1004,SUR-717/9C,5400.0,"Siruseri, Vandalur, Chengalpattu",Chengalpattu,Tamil Nadu,2024-06-20,Poornima Rao,3,e14b7f80f6342469b791adb4e802dbfc975998fb5e8fa2f11bd240ad42df98f8,Verified,1,1,1,0,0,0,0,0,0,0,0,0,0,Low Risk,Synthetic development/demo dataset
RS-PROP-0423,USR-1034,Aravind Ramesh,USR-1034,USR-1006,SUR-103/81,1800.0,"Irungattukottai, Walajabad, Kanchipuram",Kanchipuram,Tamil Nadu,2022-02-28,Revathi Chandran,4,7d468790b5cb8f8f280c012c8d02980c1bc9cbb3a8051bf30887fcb5c4428dc9,Verified,1,1,1,0,0,0,0,0,0,0,0,0,0,Low Risk,Synthetic development/demo dataset
RS-PROP-0424,USR-1036,Vijay Kumar,USR-1036,USR-1007,SUR-748/6A,3600.0,"Kallakudi, Lalgudi, Tiruchirappalli",Tiruchirappalli,Tamil Nadu,2021-04-20,Uma Gopal,1,3ecf5efa79355fa4d84ebdadbba0e2ede8aa3b60ce82ad3bf833711054b7351c,Verified,1,1,0,0,0,0,1,0,0,1,0,1,25,Low Risk,Synthetic development/demo dataset
RS-PROP-0425,USR-1038,Vijay Subramanian,USR-1038,USR-1009,SUR-609/2C,9600.0,"Anna Nagar, Madurai North, Madurai",Madurai,Tamil Nadu,2019-08-04,Vignesh Ganesan,2,79cd4e169642925352deaf0db23e35a43fe69348a2ddea64c435af7cd1194eb5,Verified,1,0,1,1,0,1,0,0,1,0,0,1,60,High Risk,Synthetic development/demo dataset
RS-PROP-0426,USR-1040,Ramesh Subramanian,USR-1040,USR-1011,SUR-914/6B,1500.0,"Koodal Nagar, Melur, Madurai",Madurai,Tamil Nadu,2020-07-23,Aravind Ganesan,2,794528cad2416f1c88057b6fddd42c315915c92e83750e204372933772575910,Verified,1,0,1,0,0,0,0,0,1,0,0,1,25,Review Required,Synthetic development/demo dataset
RS-PROP-0427,USR-1042,Meenakshi Rao,USR-1042,USR-1013,SUR-163/9B,4800.0,"Gandhipuram, Coimbatore South, Coimbatore",Coimbatore,Tamil Nadu,2020-06-26,Meenakshi Balasubramanian,2,393e54530e86744549abd0030b180505a48ecf10fbdf8a916dd35fb0c6b6aca2,Verified,0,1,1,0,0,0,0,1,0,0,0,1,25,Review Required,Synthetic development/demo dataset
RS-PROP-0428,USR-1044,Gayathri Subramanian,USR-1044,USR-1015,SUR-864/12,3600.0,"Anna Nagar, Thirumangalam, Madurai",Madurai,Tamil Nadu,2022-12-04,Revathi Srinivasan,2,39640eb9784b1aad19ce0c9b9c569fcb2aeef13b1f88124be11fccb79d84dd61,Verified,1,1,1,0,0,0,0,0,0,0,0,0,0,Low Risk,Synthetic development/demo dataset
RS-PROP-0429,USR-1046,Bhavani Subramanian,USR-1046,USR-1017,SUR-817/1B,5400.0,"Kattur, Srirangam, Tiruchirappalli",Tiruchirappalli,Tamil Nadu,2021-05-27,Lakshmi Kumar,4,6f2d02f13a4a3803408cd426332d75b6caac63b900e9c3202ef74483e7f15ca8,Verified,1,1,0,0,0,0,1,0,0,1,0,1,25,Low Risk,Synthetic development/demo dataset
RS-PROP-0430,USR-1048,Manoj Iyer,USR-1048,USR-1019,SUR-234/62,1200.0,"Kallakudi, Thiruverumbur, Tiruchirappalli",Tiruchirappalli,Tamil Nadu,2020-08-21,Lakshmi Srinivasan,4,992f67d20efa056942c19ab1de72e999cef2aa194071a56f5a2b6598a207febb,Verified,1,1,1,0,0,0,0,0,0,0,0,0,0,Low Risk,Synthetic development/demo dataset
RS-PROP-0431,USR-1050,Vijay Kumar,USR-1050,USR-1021,SUR-485/7B,1200.0,"Oragadam, Sriperumbudur, Kanchipuram",Kanchipuram,Tamil Nadu,2020-08-06,Suresh Natarajan,3,352257ab5ae52881ce67046e4592156c69d275344ebeaf1881b55ed538649353,Verified,1,1,1,0,0,0,0,0,0,0,0,0,0,Low Risk,Synthetic development/demo dataset
RS-PROP-0432,USR-1052,Swetha Ramesh,USR-1052,USR-1023,SUR-600/52,1800.0,"Keelkattalai, Alandur, Chennai",Chennai,Tamil Nadu,2023-07-25,Venkatesh Swaminathan,3,f648c9e4070f0bf88c5ae70e177aee8910eb4618c8296c49b26bf3aa1804ce61,Verified,1,1,1,0,0,0,0,0,0,0,0,0,0,Low Risk,Synthetic development/demo dataset
RS-PROP-0433,USR-1054,Ramesh Sundaram,USR-1054,USR-1025,SUR-784/9B,1200.0,"Thoraipakkam, Velachery, Chennai",Chennai,Tamil Nadu,2022-10-16,Revathi Natarajan,2,2783df714419905be48edbfbc3a768153ad13b45c93cbc5ddffe03b7faf65064,Verified,1,1,1,0,0,0,0,0,0,0,0,0,0,Low Risk,Synthetic development/demo dataset
RS-PROP-0434,USR-1056,Ananya Rao,USR-1056,USR-1027,SUR-289/7A,4800.0,"Adambakkam, Sholinganallur, Chennai",Chennai,Tamil Nadu,2024-09-26,Uma Sundaram,1,a1436e7cd49b5e4bf5a041592b756df35c1f102d49a3fd3b385daedfd4cef505,Verified,1,1,1,0,0,0,0,0,0,0,0,0,0,Low Risk,Synthetic development/demo dataset
RS-PROP-0435,USR-1058,Balaji Krishnan,USR-1058,USR-1029,SUR-919/6A,1200.0,"Keelkattalai, Mylapore, Chennai",Chennai,Tamil Nadu,2022-04-21,Lakshmi Sundaram,3,04d8441ea28d394df1a16c1d653c85cedcc08ef813bca7b83defc7feb68f7671,Verified,1,1,1,0,0,0,0,0,0,0,0,0,0,Low Risk,Synthetic development/demo dataset
RS-PROP-0436,USR-1001,Kavitha Reddy,USR-1001,USR-1031,SUR-773/1B,3000.0,"Thiruparankundram, Madurai South, Madurai",Madurai,Tamil Nadu,2022-05-22,Siddharth Subramanian,4,76315f247be1caebac5f7c99fde9b9ce71ee5bbaab8b732393dcbc8f04f1ccae,Verified,1,1,1,0,0,0,0,0,0,0,0,0,0,Low Risk,Synthetic development/demo dataset
RS-PROP-0437,USR-1003,Divya Natarajan,USR-1003,USR-1033,SUR-137/4B,3000.0,"Kattur, Tiruchirappalli West, Tiruchirappalli",Tiruchirappalli,Tamil Nadu,2019-10-18,Divya Srinivasan,3,3ad78e5d586a00138f2e8a38824eccde6d2614792c294065b143e6774d6b377b,Verified,0,0,1,0,0,1,0,1,1,0,0,1,65,High Risk,Synthetic development/demo dataset
RS-PROP-0438,USR-1005,Saravanan Ganesan,USR-1005,USR-1035,SUR-748/4C,9600.0,"Padur, Vandalur, Chengalpattu",Chengalpattu,Tamil Nadu,2019-07-27,Saravanan Rao,3,2e82b9c0a7160f57d132616f8007cc4774afd9c6c1cbb0531f22c91695b4b08a,Verified,1,1,1,0,1,0,0,0,0,0,0,1,20,Review Required,Synthetic development/demo dataset
RS-PROP-0439,USR-1008,Venkatesh Reddy,USR-1008,USR-1037,SUR-989/4C,1200.0,"Oragadam, Walajabad, Kanchipuram",Kanchipuram,Tamil Nadu,2021-04-13,Ananya Natarajan,3,776cea551c300d47a908b9f17eea25d4b14b9957859106a055ae1c3e05885f57,Verified,1,1,1,0,0,0,0,0,0,0,0,0,0,Low Risk,Synthetic development/demo dataset
RS-PROP-0440,USR-1010,Manoj Ganesan,USR-1010,USR-1039,SUR-274/61,1800.0,"Irungattukottai, Sriperumbudur, Kanchipuram",Kanchipuram,Tamil Nadu,2024-12-22,Harini Thyagarajan,2,9a280f2511f66442a85582385125c18ad9c1e63a3eff2aef387da881806e9507,Verified,1,1,0,0,0,0,0,0,0,1,0,0,15,Low Risk,Synthetic development/demo dataset
RS-PROP-0441,USR-1012,Nandhini Chandran,USR-1012,USR-1041,SUR-287/8C,5400.0,"Ponmalai, Thiruverumbur, Tiruchirappalli",Tiruchirappalli,Tamil Nadu,2020-05-14,Sundar Pillai,3,9a804e70848e0fb28697fc19a98fce4f7ff644e21f91937bf534ca3c4c4b0199,Verified,1,1,1,0,0,0,0,0,0,0,0,0,0,Low Risk,Synthetic development/demo dataset
RS-PROP-0442,USR-1014,Deepa Chandran,USR-1014,USR-1043,SUR-158/2C,9600.0,"Adambakkam, Alandur, Chennai",Chennai,Tamil Nadu,2024-01-14,Meenakshi Thyagarajan,1,972ae00d969c7cc5397f8e22372301f2bcf8e83c09a08ec9b0240c9c6436dea7,Verified,1,1,1,0,0,0,0,0,0,0,0,0,0,Low Risk,Synthetic development/demo dataset
RS-PROP-0443,USR-1016,Dinesh Chandran,USR-1016,USR-1045,SUR-272/9B,1800.0,"Ponmalai, Tiruchirappalli West, Tiruchirappalli",Tiruchirappalli,Tamil Nadu,2020-03-17,Dinesh Ramesh,4,21670f5c600998d2a3552da2af6f351c72313f751a365008020f9d2b033d7773,Verified,1,1,1,0,0,0,0,0,0,0,0,0,0,Low Risk,Synthetic development/demo dataset
RS-PROP-0444,USR-1018,Swetha Ganesan,USR-1018,USR-1047,SUR-594/5C,2400.0,"Pallavaram, Guindy, Chennai",Chennai,Tamil Nadu,2023-11-19,Harini Iyer,1,b70e521dafc523b7be19b81120fc02217ea40cdb75a22b0bb5d0992522cfbea9,Verified,1,1,1,0,0,0,0,0,0,0,0,0,0,Low Risk,Synthetic development/demo dataset
RS-PROP-0445,USR-1020,Gayathri Rao,USR-1020,USR-1049,SUR-105/6B,4800.0,"Irungattukottai, Walajabad, Kanchipuram",Kanchipuram,Tamil Nadu,2018-02-14,Uma Iyer,2,406de714ed8d2ce3a3de9b8a2bee68501c4bddb8a0ab75e147faba24c0632967,Verified,1,1,1,0,0,0,0,0,0,0,0,0,0,Low Risk,Synthetic development/demo dataset
RS-PROP-0446,USR-1022,Ganesh Chandran,USR-1022,USR-1051,SUR-406/61,1800.0,"Gandhipuram, Sulur, Coimbatore",Coimbatore,Tamil Nadu,2024-05-04,Siddharth Swaminathan,2,b89c6fbe5d46426266694f2164630a9864d54f4a0ad1a073b1192464390b7241,Verified,1,1,1,0,0,0,0,0,0,0,0,0,0,Low Risk,Synthetic development/demo dataset
RS-PROP-0447,USR-1024,Vijay Natarajan,USR-1024,USR-1053,SUR-236/71,3600.0,"Guduvancheri, Thiruporur, Chengalpattu",Chengalpattu,Tamil Nadu,2019-11-07,Vignesh Murugan,4,a55e0a743625c5636c2051d1adfce9da66993a08ab5a41557436b0d571a74d7d,Verified,1,1,1,0,0,0,0,0,0,0,0,0,0,Low Risk,Synthetic development/demo dataset
RS-PROP-0448,USR-1026,Rajesh Gopal,USR-1026,USR-1055,SUR-212/2A,1800.0,"Anna Nagar, Melur, Madurai",Madurai,Tamil Nadu,2020-09-01,Swetha Ramesh,4,49913f29032627fb8f41222f9d0e3094ffabe631937c451b5a5f4294002663e2,Verified,1,1,1,0,0,0,0,0,0,0,0,0,0,Low Risk,Synthetic development/demo dataset
RS-PROP-0449,USR-1028,Manoj Thyagarajan,USR-1028,USR-1057,SUR-732/32,1800.0,"Velachery East, Velachery, Chennai",Chennai,Tamil Nadu,2020-02-28,Ganesh Chandran,2,545fe75b2eeb09d94bf77f4f8ee9a7acd9f57528a0384498227f0a11bf046f38,Verified,1,1,1,0,0,0,0,0,0,0,0,0,0,Low Risk,Synthetic development/demo dataset
RS-PROP-0450,USR-1030,Vijay Srinivasan,USR-1030,USR-1059,SUR-223/31,1200.0,"Kattur, Srirangam, Tiruchirappalli",Tiruchirappalli,Tamil Nadu,2019-03-14,Priya Iyer,1,99915ac0798b5afc61c38e19e41f698c7f7b4caaf68283cf41dae96c132174ef,Verified,1,1,1,0,0,0,0,0,0,0,0,0,0,Low Risk,Synthetic development/demo dataset
RS-PROP-0451,USR-1032,Sundar Chandran,USR-1032,USR-1002,SUR-162/91,1200.0,"Thandalam, Kundrathur, Kanchipuram",Kanchipuram,Tamil Nadu,2018-05-12,Revathi Reddy,2,75f8de2f8a476b792ce5de137999dfcccb97984da91bb5d9a3a48b491119f8b5,Hash Mismatch,0,1,1,0,0,0,0,1,0,0,1,1,55,Review Required,Synthetic development/demo dataset
RS-PROP-0452,USR-1034,Revathi Natarajan,USR-1034,USR-1004,SUR-603/6C,3000.0,"Gandhipuram, Coimbatore North, Coimbatore",Coimbatore,Tamil Nadu,2018-11-01,Meenakshi Rao,3,24ef98d0a1a481353cc644ea46797e3d65c29dd98b48a8839d8863e52bc823c4,Verified,1,1,1,0,0,0,0,0,0,0,0,0,0,Low Risk,Synthetic development/demo dataset
RS-PROP-0453,USR-1036,Revathi Iyer,USR-1036,USR-1006,SUR-208/32,1500.0,"Koodal Nagar, Melur, Madurai",Madurai,Tamil Nadu,2022-11-27,Vijay Iyer,1,472e39e69f635893253d62af5b581c4efeb2cea630ff321ff44d2d1a1a096ecb,Verified,1,1,1,0,0,0,1,0,0,0,0,0,10,Low Risk,Synthetic development/demo dataset
RS-PROP-0454,USR-1038,Karthik Subramanian,USR-1038,USR-1007,SUR-828/52,3600.0,"Maraimalai Nagar, Maduranthakam, Chengalpattu",Chengalpattu,Tamil Nadu,2021-11-23,Ramesh Vaidyanathan,4,746700729c816c0ff0f5fad0f317a1f2fe679fd66d1aa1f1272dabf4c9bc5b2f,Verified,1,1,1,0,0,0,0,0,0,0,0,0,0,Low Risk,Synthetic development/demo dataset
RS-PROP-0455,USR-1040,Revathi Subramanian,USR-1040,USR-1009,SUR-162/41,5400.0,"Sunguvarchatram, Sriperumbudur, Kanchipuram",Kanchipuram,Tamil Nadu,2022-09-03,Lakshmi Swaminathan,4,eaf3c300b216ca59607e559e28843952fe35613eefb4d0fea51e12f1f6ff68c9,Verified,1,1,1,0,0,0,0,0,0,0,0,0,0,Low Risk,Synthetic development/demo dataset
RS-PROP-0456,USR-1042,Divya Krishnan,USR-1042,USR-1011,SUR-323/12,5400.0,"Adambakkam, Alandur, Chennai",Chennai,Tamil Nadu,2023-12-17,Ganesh Pillai,3,4018eb4e76daedb8d83aad268b36870b60049343c49ddc93bdf9ef39ed4c7b7c,Verified,1,1,1,0,0,0,0,0,0,0,0,0,0,Low Risk,Synthetic development/demo dataset
RS-PROP-0457,USR-1044,Swetha Pillai,USR-1044,USR-1013,SUR-384/3C,1200.0,"Velachery East, Sholinganallur, Chennai",Chennai,Tamil Nadu,2019-04-18,Ramesh Kumar,5,8d6ad0a79a9ae13a3572cf8790733dd3afc9afa0890c69acc4f2e8f4e023c616,Verified,1,1,1,0,0,1,0,0,0,0,0,0,15,Low Risk,Synthetic development/demo dataset
RS-PROP-0458,USR-1046,Priya Ganesan,USR-1046,USR-1015,SUR-769/52,9600.0,"Ponmalai, Tiruchirappalli West, Tiruchirappalli",Tiruchirappalli,Tamil Nadu,2024-08-08,Rajesh Murugan,6,d1fef78527f4e74844a675ec3ab7febba5543ff9683f3fb4887ca6815da34384,Verified,1,1,1,0,1,0,0,0,0,0,0,1,20,Review Required,Synthetic development/demo dataset
RS-PROP-0459,USR-1048,Balaji Iyer,USR-1048,USR-1017,SUR-763/5A,3000.0,"Anna Nagar, Melur, Madurai",Madurai,Tamil Nadu,2019-07-22,Vijay Sundaram,1,0da213340751e1bf81d972502a1812c13840ba878daf69ade88fd93cc4c31a8e,Verified,1,1,1,0,0,0,0,0,0,0,0,0,0,Low Risk,Synthetic development/demo dataset
RS-PROP-0460,USR-1050,Ananya Balasubramanian,USR-1050,USR-1019,SUR-202/71,1200.0,"Maraimalai Nagar, Vandalur, Chengalpattu",Chengalpattu,Tamil Nadu,2024-01-25,Karthik Subramanian,1,06a63d629ab4ecfa5f6a350ded9563bd3c5f66993ca23a276255a66042c37159,Hash Mismatch,0,1,1,0,0,0,0,1,0,0,1,1,55,Review Required,Synthetic development/demo dataset
RS-PROP-0461,USR-1052,Venkatesh Iyer,USR-1052,USR-1021,SUR-554/3C,3600.0,"Maraimalai Nagar, Maduranthakam, Chengalpattu",Chengalpattu,Tamil Nadu,2019-04-02,Revathi Ganesan,1,3d382fcaa5a5fb458b002713eefa2fd82f84d11c8e050385812b4e5191d953f1,Verified,1,1,1,0,0,0,0,0,0,0,0,0,0,Low Risk,Synthetic development/demo dataset
RS-PROP-0462,USR-1054,Madhavan Subramanian,USR-1054,USR-1023,SUR-332/71,1800.0,"Madipakkam, Alandur, Chennai",Chennai,Tamil Nadu,2023-05-08,Aravind Natarajan,2,e0c8c44f9a70fc74795a1954513ae8ded5a2b8af2368e5136cc2233e331f467a,Verified,1,1,1,0,0,0,0,0,0,0,0,0,0,Low Risk,Synthetic development/demo dataset
RS-PROP-0463,USR-1056,Manoj Reddy,USR-1056,USR-1025,SUR-221/6A,1200.0,"Pallavaram, Mylapore, Chennai",Chennai,Tamil Nadu,2019-03-14,Bhavani Krishnan,2,07a011a912982adc69f0d3c3b7405fe0f17ae8bd5c14f5365ec05a28363a319f,Verified,1,1,1,0,0,0,0,0,0,0,0,0,0,Low Risk,Synthetic development/demo dataset
RS-PROP-0464,USR-1058,Dinesh Natarajan,USR-1058,USR-1027,SUR-371/2A,1800.0,"Mangadu, Kundrathur, Kanchipuram",Kanchipuram,Tamil Nadu,2019-06-05,Aravind Swaminathan,1,eeb8c676a431ba795b8f84fe56310a064ef8c6971e13c47069034cf6cd6651ce,Verified,0,0,1,0,0,0,0,1,1,0,0,1,50,Review Required,Synthetic development/demo dataset
RS-PROP-0465,USR-1001,Dinesh Rao,USR-1001,USR-1029,SUR-810/72,3600.0,"Kovaipudur, Sulur, Coimbatore",Coimbatore,Tamil Nadu,2024-11-08,Aravind Vaidyanathan,4,7bcb03774b23a7e13dfe2896c12836a28f873c6945d1b36cc1ac8b926756c99d,Verified,1,1,1,0,0,0,0,0,0,0,0,0,0,Low Risk,Synthetic development/demo dataset
RS-PROP-0466,USR-1003,Sundar Gopal,USR-1003,USR-1031,SUR-531/92,2400.0,"Thoraipakkam, Mylapore, Chennai",Chennai,Tamil Nadu,2018-04-12,Arun Iyer,3,e015d5ecb6fafc0dc45b0ee1c21ee45f2eca56aee9ec7931b4757b729c653d10,Verified,1,1,1,0,0,0,0,0,0,0,0,0,0,Low Risk,Synthetic development/demo dataset
RS-PROP-0467,USR-1005,Dinesh Reddy,USR-1005,USR-1033,SUR-247/91,2400.0,"Siruseri, Thiruporur, Chengalpattu",Chengalpattu,Tamil Nadu,2024-04-02,Meenakshi Natarajan,4,fa34b31ac9860ac03de89580ca0df2399d6d5685b582970c89e17862c09eee4e,Verified,1,1,1,0,0,0,0,0,0,0,0,0,0,Low Risk,Synthetic development/demo dataset
RS-PROP-0468,USR-1008,Ananya Srinivasan,USR-1008,USR-1035,SUR-991/3A,1800.0,"Adambakkam, Velachery, Chennai",Chennai,Tamil Nadu,2019-02-08,Deepa Kumar,4,4f84b2301b1cbd7d6058fce40828c3263b7874c6d3ffb98e5d7f80475358ab02,Verified,1,1,0,0,0,0,0,0,0,1,0,0,15,Low Risk,Synthetic development/demo dataset
RS-PROP-0469,USR-1010,Bhavani Swaminathan,USR-1010,USR-1037,SUR-213/3A,1200.0,"Srirangam Central, Tiruchirappalli West, Tiruchirappalli",Tiruchirappalli,Tamil Nadu,2024-03-17,Lakshmi Kumar,4,34dc73dba735a424e9051655b080e9bb4bb51d153841c43c3d3651c7c8215cfd,Verified,1,1,1,0,0,0,0,0,0,0,0,0,0,Low Risk,Synthetic development/demo dataset
RS-PROP-0470,USR-1012,Ganesh Srinivasan,USR-1012,USR-1039,SUR-533/3C,1500.0,"Anna Nagar, Thirumangalam, Madurai",Madurai,Tamil Nadu,2021-03-24,Divya Gopal,1,386c9a635c4f3fb3d2377525ae240bff494da08ea58ba026ed0b7bf2d0ec6143,Verified,1,1,0,0,0,0,0,0,0,1,0,0,15,Low Risk,Synthetic development/demo dataset
RS-PROP-0471,USR-1014,Harini Gopal,USR-1014,USR-1041,SUR-762/7B,3000.0,"Padur, Vandalur, Chengalpattu",Chengalpattu,Tamil Nadu,2018-02-12,Bhavani Kumar,3,cebfdb971cfef3f9888369640990436a7bd1b8eacec4aae36b5a23244411a0b9,Verified,1,0,1,0,0,1,0,0,1,0,0,1,40,Review Required,Synthetic development/demo dataset
RS-PROP-0472,USR-1016,Swetha Murugan,USR-1016,USR-1043,SUR-145/8A,1200.0,"Adambakkam, Mylapore, Chennai",Chennai,Tamil Nadu,2018-05-01,Dinesh Pillai,2,1bebc9b02e2f46e9cabc1b76eb475eb654d80cb57e67f48a87a5643384330fa0,Verified,0,0,1,0,0,0,0,1,1,0,0,1,50,Review Required,Synthetic development/demo dataset
RS-PROP-0473,USR-1018,Ananya Balasubramanian,USR-1018,USR-1045,SUR-915/71,1200.0,"Maraimalai Nagar, Vandalur, Chengalpattu",Chengalpattu,Tamil Nadu,2019-03-22,Gayathri Sundaram,2,6d5ea5989a11161b277fdad9da7b964b89f07f4ecd9dde54923b4ee943df8883,Verified,1,1,1,0,0,0,0,0,0,0,0,0,0,Low Risk,Synthetic development/demo dataset
RS-PROP-0474,USR-1020,Bhavani Swaminathan,USR-1020,USR-1047,SUR-468/7A,4800.0,"Padur, Thiruporur, Chengalpattu",Chengalpattu,Tamil Nadu,2019-10-20,Deepa Subramanian,4,14a786ef7e200924caf6a3546ba5b509c7b1d63d1d79a7b7839b131d451d8f6f,Verified,0,1,1,0,0,1,0,1,0,0,0,1,40,Review Required,Synthetic development/demo dataset
RS-PROP-0475,USR-1022,Manoj Krishnan,USR-1022,USR-1049,SUR-472/6A,1500.0,"Adambakkam, Guindy, Chennai",Chennai,Tamil Nadu,2023-08-09,Vignesh Murugan,2,1f349f5dfa3c9931bcc1b0f7f864d5fd543b527f18c9c344eb17f37eadf24067,Verified,1,1,1,0,0,0,0,0,0,0,0,0,0,Low Risk,Synthetic development/demo dataset
RS-PROP-0476,USR-1024,Manoj Gopal,USR-1024,USR-1051,SUR-475/92,3600.0,"Kovaipudur, Coimbatore North, Coimbatore",Coimbatore,Tamil Nadu,2018-11-14,Siddharth Murugan,1,e96946477f67718ab1fad3aa0cbd3688d5c9ce31d1c2087b5fdeeb1b1efb8c08,Verified,1,1,1,0,0,0,0,0,0,0,0,0,0,Low Risk,Synthetic development/demo dataset
RS-PROP-0477,USR-1026,Ananya Pillai,USR-1026,USR-1053,SUR-508/2B,4800.0,"Singanallur, Coimbatore North, Coimbatore",Coimbatore,Tamil Nadu,2023-02-12,Gayathri Swaminathan,4,5b9574cbf9a66cb0263b47f28fde3dccfa4451dcf691437bb3404167b029ae65,Verified,1,1,0,0,0,0,0,0,0,1,0,0,15,Low Risk,Synthetic development/demo dataset
RS-PROP-0478,USR-1028,Deepa Rao,USR-1028,USR-1055,SUR-819/8A,3000.0,"Oragadam, Kundrathur, Kanchipuram",Kanchipuram,Tamil Nadu,2018-09-05,Vignesh Subramanian,3,e9f33a0e654ac3060cb63249b5e532043120457d115378c4c488a102ee9403df,Verified,1,1,1,0,0,0,0,0,0,0,0,0,0,Low Risk,Synthetic development/demo dataset
RS-PROP-0479,USR-1030,Nandhini Vaidyanathan,USR-1030,USR-1057,SUR-316/11,3000.0,"Saravanampatti, Coimbatore North, Coimbatore",Coimbatore,Tamil Nadu,2023-03-03,Saravanan Sundaram,4,f291b6ec86045e27822f8f61b42ce2ea1f9ed6b14d0c61a0b8b7d0015ee80464,Verified,1,1,0,0,0,0,1,0,0,1,0,1,25,Low Risk,Synthetic development/demo dataset
RS-PROP-0480,USR-1032,Suresh Sundaram,USR-1032,USR-1059,SUR-268/4C,4800.0,"Gandhipuram, Pollachi, Coimbatore",Coimbatore,Tamil Nadu,2021-09-23,Lakshmi Vaidyanathan,4,9c6b5a727694ae86ac4155120a3082034bb2b64b744b720c55d7081721e06b76,Verified,1,1,1,0,0,0,0,0,0,0,0,0,0,Low Risk,Synthetic development/demo dataset
RS-PROP-0481,USR-1034,Saravanan Rao,USR-1034,USR-1002,SUR-254/8B,5400.0,"Kallakudi, Lalgudi, Tiruchirappalli",Tiruchirappalli,Tamil Nadu,2018-11-14,Ganesh Balasubramanian,4,f5ff2a97122b61fa72711e91ded828122b522ba5197e2a4542455930edefa8dd,Verified,1,1,1,0,0,0,0,0,0,0,0,0,0,Low Risk,Synthetic development/demo dataset
RS-PROP-0482,USR-1036,Ananya Ramesh,USR-1036,USR-1004,SUR-813/9B,4800.0,"Siruseri, Chengalpattu, Chengalpattu",Chengalpattu,Tamil Nadu,2020-04-07,Arun Reddy,5,13fb3bc8ef8c06a04d3ab39bd07aa3f39d85bd3bed0356b3c4d94b6447d1c9d2,Verified,1,1,1,0,0,1,0,0,0,0,0,0,15,Low Risk,Synthetic development/demo dataset
RS-PROP-0483,USR-1038,Poornima Balasubramanian,USR-1038,USR-1006,SUR-569/7C,1800.0,"Oragadam, Sriperumbudur, Kanchipuram",Kanchipuram,Tamil Nadu,2022-03-18,Poornima Gopal,4,cd020fd3e6b726c1de6fd47151695e617cbe8c33be20a45b72df81f5a053f240,Verified,1,1,1,0,0,0,0,0,0,0,0,0,0,Low Risk,Synthetic development/demo dataset
RS-PROP-0484,USR-1040,Ananya Sundaram,USR-1040,USR-1007,SUR-206/82,9600.0,"Ponmalai, Tiruchirappalli West, Tiruchirappalli",Tiruchirappalli,Tamil Nadu,2023-08-17,Karthik Pillai,2,07661f3d7648f2272d6751a921d330bd5195cb0d404cc12be076112056ca4d7e,Verified,1,1,0,0,0,0,1,0,0,1,0,1,25,Low Risk,Synthetic development/demo dataset
RS-PROP-0485,USR-1042,Gayathri Vaidyanathan,USR-1042,USR-1009,SUR-483/42,3000.0,"Kallakudi, Thiruverumbur, Tiruchirappalli",Tiruchirappalli,Tamil Nadu,2023-05-10,Madhavan Chandran,4,0dfcf3da4fe4f671d5c70fc4a8eeda22a6509ef4d2d30cc49d4659301f808766,Verified,0,1,1,0,0,0,0,1,0,0,0,1,25,Review Required,Synthetic development/demo dataset
RS-PROP-0486,USR-1044,Poornima Chandran,USR-1044,USR-1011,SUR-731/7A,4800.0,"Anna Nagar, Melur, Madurai",Madurai,Tamil Nadu,2023-07-24,Balaji Gopal,2,af2fe3f466c4f05c1e2ad320d0f14eb53f010315c8d4e7eec7df2cd7e8b708b8,Verified,1,1,1,0,0,0,0,0,0,0,0,0,0,Low Risk,Synthetic development/demo dataset
RS-PROP-0487,USR-1046,Harini Murugan,USR-1046,USR-1013,SUR-308/2A,1200.0,"Othakadai, Madurai South, Madurai",Madurai,Tamil Nadu,2018-11-25,Saravanan Kumar,1,1d2604765343bfd0df2998ba0158cb5eb31f21573c95b01ec4f134ab0bdae182,Verified,1,1,1,0,0,0,0,0,0,0,0,0,0,Low Risk,Synthetic development/demo dataset
RS-PROP-0488,USR-1048,Dinesh Krishnan,USR-1048,USR-1015,SUR-298/9B,4800.0,"Padur, Chengalpattu, Chengalpattu",Chengalpattu,Tamil Nadu,2023-01-09,Venkatesh Subramanian,1,c2b704a834cbdc979e8559ffca9e6a8edf82decca25e12cf468f198277ea31da,Verified,1,0,1,0,0,1,0,0,1,0,0,1,40,Review Required,Synthetic development/demo dataset
RS-PROP-0489,USR-1050,Divya Gopal,USR-1050,USR-1017,SUR-523/21,1500.0,"Madipakkam, Velachery, Chennai",Chennai,Tamil Nadu,2023-07-13,Rajesh Swaminathan,2,35cf42df5952844652749c81c6fb064b3222df06473f31a5cb5767557f42b7f2,Verified,1,1,0,0,0,0,0,0,0,1,0,0,15,Low Risk,Synthetic development/demo dataset
RS-PROP-0490,USR-1052,Vignesh Ganesan,USR-1052,USR-1019,SUR-859/5A,2400.0,"Adambakkam, Alandur, Chennai",Chennai,Tamil Nadu,2018-09-01,Saravanan Iyer,1,f673d2d7273eec8824449ca69527f0b6e768d69d82d8b3f7761e24c7ac04b170,Verified,1,1,1,0,0,0,0,0,0,0,0,0,0,Low Risk,Synthetic development/demo dataset
RS-PROP-0491,USR-1054,Venkatesh Subramanian,USR-1054,USR-1021,SUR-304/2C,9600.0,"Thandalam, Walajabad, Kanchipuram",Kanchipuram,Tamil Nadu,2020-08-24,Uma Vaidyanathan,4,948427c6803f73e2fa74cd6fb11bb8ddb7faac3e132ca4897d31ac200e48588b,Verified,1,1,1,0,0,0,0,0,0,0,0,0,0,Low Risk,Synthetic development/demo dataset
RS-PROP-0492,USR-1056,Revathi Gopal,USR-1056,USR-1023,SUR-419/3B,5400.0,"Adambakkam, Mylapore, Chennai",Chennai,Tamil Nadu,2021-07-20,Revathi Rao,1,1fe43f541d5b3795d514d9ad3f3a2500c08e834715da4e65c8ab6e5d1abcae02,Verified,1,1,1,0,0,0,0,0,0,0,0,0,0,Low Risk,Synthetic development/demo dataset
RS-PROP-0493,USR-1058,Nandhini Sundaram,USR-1058,USR-1025,SUR-623/52,4800.0,"Saravanampatti, Coimbatore North, Coimbatore",Coimbatore,Tamil Nadu,2022-11-17,Dinesh Gopal,1,1e0259db3bf7bd676b72752e8cdf187c2f9849136667f9880ec4fcdb06c600dd,Verified,1,1,1,0,0,0,1,0,0,0,0,0,10,Low Risk,Synthetic development/demo dataset
RS-PROP-0494,USR-1001,Nandhini Reddy,USR-1001,USR-1027,SUR-109/6A,3600.0,"Guduvancheri, Thiruporur, Chengalpattu",Chengalpattu,Tamil Nadu,2021-10-26,Rajesh Chandran,1,ef7ae16dd62c40316f0fed2c772439126d6f0270f6feb6f1b0da805385adf4dc,Verified,1,1,1,0,0,0,0,0,0,0,0,0,0,Low Risk,Synthetic development/demo dataset
RS-PROP-0495,USR-1003,Revathi Sundaram,USR-1003,USR-1029,SUR-425/6B,2400.0,"Thiruparankundram, Melur, Madurai",Madurai,Tamil Nadu,2024-08-16,Karthik Murugan,1,af1f55d8a84818e57f8248d916156e639eb31342d4a32b593f501155b6d49bf1,Verified,1,1,0,0,0,0,0,0,0,1,0,0,15,Low Risk,Synthetic development/demo dataset
RS-PROP-0496,USR-1005,Arun Swaminathan,USR-1005,USR-1031,SUR-137/92,1200.0,"Thandalam, Kanchipuram, Kanchipuram",Kanchipuram,Tamil Nadu,2023-01-03,Vignesh Natarajan,3,de1f1748475cf51f892d7ee6073db8513dd7ddf08e164e9286dde7c25fa51132,Verified,1,1,1,0,0,0,1,0,0,0,0,0,10,Low Risk,Synthetic development/demo dataset
RS-PROP-0497,USR-1008,Kavitha Swaminathan,USR-1008,USR-1033,SUR-732/2A,2400.0,"Gandhipuram, Coimbatore South, Coimbatore",Coimbatore,Tamil Nadu,2024-01-05,Ananya Rao,5,5091702111fc58d8d80f8bbc9bf9a5b92c1c7c46d2389a8f2085e3c83f8a801d,Verified,1,1,1,1,1,0,0,0,0,0,0,1,40,Review Required,Synthetic development/demo dataset
RS-PROP-0498,USR-1010,Karthik Natarajan,USR-1010,USR-1035,SUR-370/62,4800.0,"Madipakkam, Guindy, Chennai",Chennai,Tamil Nadu,2023-03-05,Gayathri Natarajan,3,5a92cf76a295f8ac2bb5a2e1bcc1923640ea3ad6a2a94524902a0321b255a375,Verified,1,1,1,0,0,0,0,0,0,0,0,0,0,Low Risk,Synthetic development/demo dataset
RS-PROP-0499,USR-1012,Ramesh Balasubramanian,USR-1012,USR-1037,SUR-777/8C,3600.0,"Thiruparankundram, Madurai South, Madurai",Madurai,Tamil Nadu,2021-04-03,Ganesh Pillai,3,89e16dd7cb552b092fd2713530487857aa5dccb1470f7eeaaf6817761b9d0072,Verified,1,1,1,0,0,0,0,0,0,0,0,0,0,Low Risk,Synthetic development/demo dataset
RS-PROP-0500,USR-1014,Divya Sundaram,USR-1014,USR-1039,SUR-317/1B,5400.0,"Madipakkam, Velachery, Chennai",Chennai,Tamil Nadu,2019-08-04,Bhavani Iyer,3,d60491c460edf1bcbc4e8a5231f57e28c44d86881ca3651f7a64188d355be8c6,Verified,1,1,1,0,0,0,0,0,0,0,0,0,0,Low Risk,Synthetic development/demo dataset
RS-PROP-0501,USR-1016,Ananya Subramanian,USR-1016,USR-1041,SUR-563/9B,4800.0,"Siruseri, Thiruporur, Chengalpattu",Chengalpattu,Tamil Nadu,2018-05-14,Lakshmi Pillai,1,608119e70bfac4770752989f0c586d46e7c453b9301edb6badb86a066919254c,Verified,1,0,1,0,0,0,0,0,1,0,0,1,25,Review Required,Synthetic development/demo dataset
RS-PROP-0502,USR-1018,Siddharth Reddy,USR-1018,USR-1043,SUR-186/61,2400.0,"Sunguvarchatram, Sriperumbudur, Kanchipuram",Kanchipuram,Tamil Nadu,2021-09-14,Bhavani Ramesh,3,b766d458434e176f12fc4869ac584a9ac113d83b7fd4b4ca7d21a0e251b7de66,Verified,1,1,1,0,0,0,0,0,0,0,0,0,0,Low Risk,Synthetic development/demo dataset
RS-PROP-0503,USR-1020,Poornima Iyer,USR-1020,USR-1045,SUR-280/52,5400.0,"Thandalam, Kanchipuram, Kanchipuram",Kanchipuram,Tamil Nadu,2021-02-22,Suresh Chandran,2,2ddb2174a86b44caa9ef33c8710feb85d4445b125e6af9de39acec6330b9a36f,Verified,0,1,1,0,0,0,0,1,0,0,0,1,25,Review Required,Synthetic development/demo dataset
RS-PROP-0504,USR-1022,Harini Gopal,USR-1022,USR-1047,SUR-851/51,2400.0,"Peelamedu, Coimbatore South, Coimbatore",Coimbatore,Tamil Nadu,2024-04-12,Manoj Pillai,1,ad4fe99b5e324380d0f96f91e2e032e04228249e4a893142a3527c614621dc09,Verified,1,1,0,0,0,0,1,0,0,1,0,1,25,Low Risk,Synthetic development/demo dataset
RS-PROP-0505,USR-1024,Deepa Krishnan,USR-1024,USR-1049,SUR-245/11,4800.0,"Siruseri, Thiruporur, Chengalpattu",Chengalpattu,Tamil Nadu,2018-03-09,Deepa Krishnan,3,5fcd1bed7dc2791a85615cfc22f563aba632d6ef5e72c24b0fc9bcfb726f89d5,Verified,1,1,1,0,0,0,0,0,0,0,0,0,0,Low Risk,Synthetic development/demo dataset
RS-PROP-0506,USR-1026,Vignesh Natarajan,USR-1026,USR-1051,SUR-796/5B,9600.0,"Adambakkam, Tambaram, Chennai",Chennai,Tamil Nadu,2019-03-25,Ananya Natarajan,3,b2f66a85160e4c5f799390c6eaca152b77598ab92578d290a2043a34300babaf,Verified,1,1,1,0,0,0,0,0,0,0,0,0,0,Low Risk,Synthetic development/demo dataset
RS-PROP-0507,USR-1028,Uma Murugan,USR-1028,USR-1053,SUR-947/6C,3600.0,"Irungattukottai, Kundrathur, Kanchipuram",Kanchipuram,Tamil Nadu,2024-11-28,Vignesh Natarajan,1,72ae68318c958b647470495d592dc5cf632a4581cb4bc018cad1c91a7e102ced,Verified,0,0,1,0,0,0,0,1,1,0,0,1,50,Review Required,Synthetic development/demo dataset
RS-PROP-0508,USR-1030,Poornima Reddy,USR-1030,USR-1055,SUR-486/2C,9600.0,"Kelambakkam, Vandalur, Chengalpattu",Chengalpattu,Tamil Nadu,2022-03-09,Dinesh Rao,4,a8bc4610c7d9a4c27cd6a2e9c931938518c1987f9449b4dc682c8e83df05af66,Verified,1,1,1,0,0,0,0,0,0,0,0,0,0,Low Risk,Synthetic development/demo dataset
RS-PROP-0509,USR-1032,Bhavani Natarajan,USR-1032,USR-1057,SUR-911/6C,1500.0,"Singanallur, Sulur, Coimbatore",Coimbatore,Tamil Nadu,2021-11-05,Gayathri Subramanian,3,eed9645fbe60d5c8b17c3e4fc53c76c47f2c83714494ab8d9fa3ae3276087022,Verified,1,1,1,0,0,0,0,0,0,0,0,0,0,Low Risk,Synthetic development/demo dataset
RS-PROP-0510,USR-1034,Deepa Pillai,USR-1034,USR-1059,SUR-322/52,1500.0,"Madipakkam, Velachery, Chennai",Chennai,Tamil Nadu,2021-05-01,Poornima Reddy,1,f604da1affa7827c7d68b581bcf18bcdf95007210968dfc6ee1d0ceeb8a10a64,Verified,1,1,1,0,0,0,1,0,0,0,0,0,10,Low Risk,Synthetic development/demo dataset
RS-PROP-0511,USR-1036,Revathi Subramanian,USR-1036,USR-1002,SUR-699/2C,2400.0,"Ponmalai, Srirangam, Tiruchirappalli",Tiruchirappalli,Tamil Nadu,2021-06-08,Aravind Vaidyanathan,1,bf742071514cc973731334ac7b9fc8334369db0b6dc71b4c4e8ec386fffb48d3,Verified,1,1,1,0,0,0,0,0,0,0,0,0,0,Low Risk,Synthetic development/demo dataset
RS-PROP-0512,USR-1038,Poornima Rao,USR-1038,USR-1004,SUR-356/31,9600.0,"Anna Nagar, Madurai South, Madurai",Madurai,Tamil Nadu,2020-05-03,Kavitha Srinivasan,2,47c7e6276490e3ea61156aab949503cafcdf908b74c0bb427972e5d1d1f060e7,Verified,1,1,1,0,0,0,0,0,0,0,0,0,0,Low Risk,Synthetic development/demo dataset
RS-PROP-0513,USR-1040,Siddharth Rao,USR-1040,USR-1006,SUR-462/71,4800.0,"Thiruparankundram, Thirumangalam, Madurai",Madurai,Tamil Nadu,2021-01-18,Priya Vaidyanathan,2,92c63eb9b3054bcd9f10f1a8f9afa2c5ae91741a8ac3873ad65aad1ffe6602c8,Verified,1,1,1,0,0,0,0,0,0,0,0,0,0,Low Risk,Synthetic development/demo dataset
RS-PROP-0514,USR-1042,Nandhini Subramanian,USR-1042,USR-1007,SUR-873/7B,4800.0,"Koodal Nagar, Thirumangalam, Madurai",Madurai,Tamil Nadu,2018-08-26,Gayathri Ramesh,1,7c6316b3e9f107061a0be42714acd2fbe46c6f97513bdb7fd190b49e44643b88,Verified,1,0,1,0,0,0,0,0,1,0,0,1,25,Review Required,Synthetic development/demo dataset
RS-PROP-0515,USR-1044,Ramesh Srinivasan,USR-1044,USR-1009,SUR-628/32,5400.0,"Kattur, Tiruchirappalli West, Tiruchirappalli",Tiruchirappalli,Tamil Nadu,2019-11-21,Saravanan Pillai,1,b9bdf431b320620cf1482085fe3e20ed08409a1adde1e0848134d4f76eb25427,Verified,1,1,1,0,0,0,0,0,0,0,0,0,0,Low Risk,Synthetic development/demo dataset
RS-PROP-0516,USR-1046,Saravanan Natarajan,USR-1046,USR-1011,SUR-309/21,1200.0,"Anna Nagar, Madurai North, Madurai",Madurai,Tamil Nadu,2021-07-02,Ramesh Pillai,4,f12ccbc594b1e10e5d845f7b61a9e898bbe161f3d15be3019479ebd367e33687,Verified,1,1,1,0,0,0,0,0,0,0,0,0,0,Low Risk,Synthetic development/demo dataset
RS-PROP-0517,USR-1048,Siddharth Natarajan,USR-1048,USR-1013,SUR-289/3B,1800.0,"Saravanampatti, Coimbatore North, Coimbatore",Coimbatore,Tamil Nadu,2023-12-18,Vijay Thyagarajan,3,ed91e24f08e4d750520e87f9f0d4d2a07adae02295bdd478c5de278d0256933f,Verified,1,0,1,0,0,0,0,0,1,0,0,1,25,Review Required,Synthetic development/demo dataset
RS-PROP-0518,USR-1050,Ananya Swaminathan,USR-1050,USR-1015,SUR-128/51,1500.0,"Peelamedu, Sulur, Coimbatore",Coimbatore,Tamil Nadu,2021-01-19,Kavitha Ramesh,4,2c2eb15d3e9a8950a966ff2810c95c239779c222ee5bfdb7dd623cb8574689ef,Verified,1,1,1,0,0,0,1,0,0,0,0,0,10,Low Risk,Synthetic development/demo dataset
RS-PROP-0519,USR-1052,Lakshmi Reddy,USR-1052,USR-1017,SUR-823/91,9600.0,"Othakadai, Madurai South, Madurai",Madurai,Tamil Nadu,2019-11-05,Dinesh Srinivasan,4,9e616279a132027d9e9c9abc5ad2459293bd74b63c574d2d45643fa0b70c9701,Verified,1,1,1,0,0,0,0,0,0,0,0,0,0,Low Risk,Synthetic development/demo dataset
RS-PROP-0520,USR-1054,Kavitha Gopal,USR-1054,USR-1019,SUR-485/82,1800.0,"Keelkattalai, Sholinganallur, Chennai",Chennai,Tamil Nadu,2023-09-25,Ganesh Subramanian,3,3ddc390ee962bb014039589ae5db46cc3ae9d47e9e208a8584955febf39d6150,Verified,1,1,1,0,0,0,0,0,0,0,0,0,0,Low Risk,Synthetic development/demo dataset
